<?xml version="1.0" encoding="UTF-8"?>
<osm version="0.6" generator="openstreetmap-cgimap 2.1.0 (3071360 spike-07.openstreetmap.org)" copyright="OpenStreetMap and contributors" attribution="http://www.openstreetmap.org/copyright" license="http://opendatacommons.org/licenses/odbl/1-0/">
 <bounds minlat="-12.2097230" minlon="-38.9774750" maxlat="-12.2004110" maxlon="-38.9606310"/>
 <node id="321183932" visible="true" version="14" changeset="121028893" timestamp="2022-05-16T00:57:27Z" user="Fidelis Assis" uid="1675654" lat="-12.2292026" lon="-38.9642925"/>
 <node id="321184016" visible="true" version="10" changeset="120906965" timestamp="2022-05-12T21:31:08Z" user="WhereIsNorth" uid="13771537" lat="-12.2070421" lon="-38.9654538"/>
 <node id="321184050" visible="true" version="9" changeset="73047452" timestamp="2019-08-06T04:45:50Z" user="patodiez" uid="1856060" lat="-12.2022264" lon="-38.9655094"/>
 <node id="321184079" visible="true" version="8" changeset="138169001" timestamp="2023-07-06T02:52:11Z" user="LaurentianPlateau" uid="15994207" lat="-12.2007369" lon="-38.9656020"/>
 <node id="321184080" visible="true" version="8" changeset="138169001" timestamp="2023-07-06T02:52:11Z" user="LaurentianPlateau" uid="15994207" lat="-12.2020008" lon="-38.9653999"/>
 <node id="321184081" visible="true" version="9" changeset="138169001" timestamp="2023-07-06T02:52:11Z" user="LaurentianPlateau" uid="15994207" lat="-12.2009115" lon="-38.9653999"/>
 <node id="321184082" visible="true" version="11" changeset="138169001" timestamp="2023-07-06T02:52:11Z" user="LaurentianPlateau" uid="15994207" lat="-12.2003741" lon="-38.9653905"/>
 <node id="321184095" visible="true" version="11" changeset="81324116" timestamp="2020-02-21T15:46:56Z" user="Weisshorn" uid="10278885" lat="-12.1995955" lon="-38.9668771"/>
 <node id="321184098" visible="true" version="8" changeset="81324116" timestamp="2020-02-21T15:46:56Z" user="Weisshorn" uid="10278885" lat="-12.1997645" lon="-38.9661529"/>
 <node id="321184099" visible="true" version="5" changeset="81324116" timestamp="2020-02-21T15:46:56Z" user="Weisshorn" uid="10278885" lat="-12.1998445" lon="-38.9660610"/>
 <node id="321184100" visible="true" version="5" changeset="81324116" timestamp="2020-02-21T15:46:56Z" user="Weisshorn" uid="10278885" lat="-12.2000522" lon="-38.9658686"/>
 <node id="321184101" visible="true" version="7" changeset="81324116" timestamp="2020-02-21T15:46:56Z" user="Weisshorn" uid="10278885" lat="-12.2001696" lon="-38.9657888"/>
 <node id="321184108" visible="true" version="4" changeset="81324116" timestamp="2020-02-21T15:46:56Z" user="Weisshorn" uid="10278885" lat="-12.2021725" lon="-38.9752193"/>
 <node id="321184119" visible="true" version="10" changeset="138169001" timestamp="2023-07-06T02:52:11Z" user="LaurentianPlateau" uid="15994207" lat="-12.2000089" lon="-38.9656526"/>
 <node id="411042215" visible="true" version="4" changeset="81313996" timestamp="2020-02-21T10:56:17Z" user="Weisshorn" uid="10278885" lat="-12.2128842" lon="-38.9655568"/>
 <node id="411042228" visible="true" version="2" changeset="81401544" timestamp="2020-02-24T10:49:30Z" user="Escambron" uid="10653123" lat="-12.2101952" lon="-38.9614601"/>
 <node id="411042242" visible="true" version="5" changeset="81320488" timestamp="2020-02-21T13:56:21Z" user="Weisshorn" uid="10278885" lat="-12.2111376" lon="-38.9655326"/>
 <node id="411042244" visible="true" version="3" changeset="81403245" timestamp="2020-02-24T11:31:16Z" user="Escambron" uid="10653123" lat="-12.2099306" lon="-38.9631333"/>
 <node id="411042245" visible="true" version="2" changeset="81403245" timestamp="2020-02-24T11:31:16Z" user="Escambron" uid="10653123" lat="-12.2093502" lon="-38.9612767"/>
 <node id="411042246" visible="true" version="3" changeset="81403245" timestamp="2020-02-24T11:31:16Z" user="Escambron" uid="10653123" lat="-12.2097554" lon="-38.9625635"/>
 <node id="411042248" visible="true" version="3" changeset="81410943" timestamp="2020-02-24T14:34:20Z" user="Escambron" uid="10653123" lat="-12.2100778" lon="-38.9610037"/>
 <node id="411042249" visible="true" version="4" changeset="81320488" timestamp="2020-02-21T13:56:21Z" user="Weisshorn" uid="10278885" lat="-12.2085469" lon="-38.9654971"/>
 <node id="411042250" visible="true" version="3" changeset="81320488" timestamp="2020-02-21T13:56:21Z" user="Weisshorn" uid="10278885" lat="-12.2084951" lon="-38.9652818"/>
 <node id="411042251" visible="true" version="4" changeset="138411955" timestamp="2023-07-12T08:41:07Z" user="LaurentianPlateau" uid="15994207" lat="-12.2064995" lon="-38.9586998"/>
 <node id="411042260" visible="true" version="3" changeset="81403245" timestamp="2020-02-24T11:31:16Z" user="Escambron" uid="10653123" lat="-12.2102905" lon="-38.9617880"/>
 <node id="411042262" visible="true" version="2" changeset="81401544" timestamp="2020-02-24T10:49:30Z" user="Escambron" uid="10653123" lat="-12.2095935" lon="-38.9620235"/>
 <node id="411042263" visible="true" version="2" changeset="81401544" timestamp="2020-02-24T10:49:30Z" user="Escambron" uid="10653123" lat="-12.2077196" lon="-38.9626249"/>
 <node id="411042264" visible="true" version="3" changeset="81403245" timestamp="2020-02-24T11:31:16Z" user="Escambron" uid="10653123" lat="-12.2093136" lon="-38.9633350"/>
 <node id="411042265" visible="true" version="2" changeset="81401544" timestamp="2020-02-24T10:49:30Z" user="Escambron" uid="10653123" lat="-12.2089644" lon="-38.9622243"/>
 <node id="411042266" visible="true" version="2" changeset="81403245" timestamp="2020-02-24T11:31:16Z" user="Escambron" uid="10653123" lat="-12.2087285" lon="-38.9614547"/>
 <node id="411042267" visible="true" version="4" changeset="81401544" timestamp="2020-02-24T10:49:30Z" user="Escambron" uid="10653123" lat="-12.2085157" lon="-38.9629719"/>
 <node id="411042268" visible="true" version="2" changeset="81401544" timestamp="2020-02-24T10:49:30Z" user="Escambron" uid="10653123" lat="-12.2083442" lon="-38.9624233"/>
 <node id="411042269" visible="true" version="3" changeset="81403245" timestamp="2020-02-24T11:31:16Z" user="Escambron" uid="10653123" lat="-12.2081054" lon="-38.9616437"/>
 <node id="411042270" visible="true" version="3" changeset="81320488" timestamp="2020-02-21T13:56:21Z" user="Weisshorn" uid="10278885" lat="-12.2110989" lon="-38.9653596"/>
 <node id="411042271" visible="true" version="3" changeset="81320488" timestamp="2020-02-21T13:56:21Z" user="Weisshorn" uid="10278885" lat="-12.2064614" lon="-38.9652161"/>
 <node id="411042272" visible="true" version="4" changeset="81320488" timestamp="2020-02-21T13:56:21Z" user="Weisshorn" uid="10278885" lat="-12.2051133" lon="-38.9653380"/>
 <node id="411042273" visible="true" version="3" changeset="81320488" timestamp="2020-02-21T13:56:21Z" user="Weisshorn" uid="10278885" lat="-12.2030311" lon="-38.9650968"/>
 <node id="411042274" visible="true" version="3" changeset="81320488" timestamp="2020-02-21T13:56:21Z" user="Weisshorn" uid="10278885" lat="-12.2029832" lon="-38.9650713"/>
 <node id="411042275" visible="true" version="3" changeset="81320488" timestamp="2020-02-21T13:56:21Z" user="Weisshorn" uid="10278885" lat="-12.2015407" lon="-38.9650726"/>
 <node id="411042276" visible="true" version="3" changeset="81320488" timestamp="2020-02-21T13:56:21Z" user="Weisshorn" uid="10278885" lat="-12.2104387" lon="-38.9653546"/>
 <node id="411042279" visible="true" version="2" changeset="81320488" timestamp="2020-02-21T13:56:21Z" user="Weisshorn" uid="10278885" lat="-12.2102771" lon="-38.9648648"/>
 <node id="411042280" visible="true" version="2" changeset="81320488" timestamp="2020-02-21T13:56:21Z" user="Weisshorn" uid="10278885" lat="-12.2097148" lon="-38.9650351"/>
 <node id="411042281" visible="true" version="2" changeset="81320488" timestamp="2020-02-21T13:56:21Z" user="Weisshorn" uid="10278885" lat="-12.2101451" lon="-38.9644001"/>
 <node id="411042282" visible="true" version="1" changeset="1319454" timestamp="2009-05-25T19:39:37Z" user="5EE" uid="31138" lat="-12.2095553" lon="-38.9645877"/>
 <node id="411042283" visible="true" version="3" changeset="81320488" timestamp="2020-02-21T13:56:21Z" user="Weisshorn" uid="10278885" lat="-12.2088352" lon="-38.9653009"/>
 <node id="411042284" visible="true" version="3" changeset="81320488" timestamp="2020-02-21T13:56:21Z" user="Weisshorn" uid="10278885" lat="-12.2084040" lon="-38.9639609"/>
 <node id="411042285" visible="true" version="3" changeset="73047191" timestamp="2019-08-06T04:28:23Z" user="patodiez" uid="1856060" lat="-12.2089887" lon="-38.9637029">
  <tag k="highway" v="turning_circle"/>
 </node>
 <node id="411042286" visible="true" version="2" changeset="81320488" timestamp="2020-02-21T13:56:21Z" user="Weisshorn" uid="10278885" lat="-12.2085521" lon="-38.9644235"/>
 <node id="411042287" visible="true" version="2" changeset="73047191" timestamp="2019-08-06T04:28:23Z" user="patodiez" uid="1856060" lat="-12.2091273" lon="-38.9642211">
  <tag k="highway" v="turning_circle"/>
 </node>
 <node id="411042288" visible="true" version="3" changeset="81320488" timestamp="2020-02-21T13:56:21Z" user="Weisshorn" uid="10278885" lat="-12.2077316" lon="-38.9652282"/>
 <node id="411042289" visible="true" version="2" changeset="81401544" timestamp="2020-02-24T10:49:30Z" user="Escambron" uid="10653123" lat="-12.2068016" lon="-38.9620817"/>
 <node id="411042290" visible="true" version="2" changeset="81401544" timestamp="2020-02-24T10:49:30Z" user="Escambron" uid="10653123" lat="-12.2074629" lon="-38.9618738"/>
 <node id="411042291" visible="true" version="4" changeset="81403245" timestamp="2020-02-24T11:31:16Z" user="Escambron" uid="10653123" lat="-12.2050910" lon="-38.9626275"/>
 <node id="411042292" visible="true" version="3" changeset="81320488" timestamp="2020-02-21T13:56:21Z" user="Weisshorn" uid="10278885" lat="-12.2057562" lon="-38.9651960"/>
 <node id="411042293" visible="true" version="2" changeset="81401544" timestamp="2020-02-24T10:49:30Z" user="Escambron" uid="10653123" lat="-12.2056130" lon="-38.9624639"/>
 <node id="411042294" visible="true" version="2" changeset="81401544" timestamp="2020-02-24T10:49:30Z" user="Escambron" uid="10653123" lat="-12.2072253" lon="-38.9634877"/>
 <node id="411042295" visible="true" version="2" changeset="81401544" timestamp="2020-02-24T10:49:30Z" user="Escambron" uid="10653123" lat="-12.2060518" lon="-38.9638536"/>
 <node id="411042296" visible="true" version="2" changeset="81401544" timestamp="2020-02-24T10:49:30Z" user="Escambron" uid="10653123" lat="-12.2066198" lon="-38.9636670"/>
 <node id="411042297" visible="true" version="2" changeset="81401544" timestamp="2020-02-24T10:49:30Z" user="Escambron" uid="10653123" lat="-12.2061952" lon="-38.9622787"/>
 <node id="411042298" visible="true" version="2" changeset="81401544" timestamp="2020-02-24T10:49:30Z" user="Escambron" uid="10653123" lat="-12.2064897" lon="-38.9632570"/>
 <node id="411042299" visible="true" version="2" changeset="81401544" timestamp="2020-02-24T10:49:30Z" user="Escambron" uid="10653123" lat="-12.2059197" lon="-38.9634564"/>
 <node id="411042300" visible="true" version="3" changeset="81320488" timestamp="2020-02-21T13:56:21Z" user="Weisshorn" uid="10278885" lat="-12.2074222" lon="-38.9641674"/>
 <node id="411042301" visible="true" version="1" changeset="1319454" timestamp="2009-05-25T19:39:38Z" user="5EE" uid="31138" lat="-12.2062859" lon="-38.9645775"/>
 <node id="411042302" visible="true" version="5" changeset="81320488" timestamp="2020-02-21T13:56:21Z" user="Weisshorn" uid="10278885" lat="-12.2076254" lon="-38.9647937"/>
 <node id="411042303" visible="true" version="4" changeset="81320488" timestamp="2020-02-21T13:56:21Z" user="Weisshorn" uid="10278885" lat="-12.2066934" lon="-38.9652208"/>
 <node id="411042304" visible="true" version="2" changeset="81402617" timestamp="2020-02-24T11:15:10Z" user="Escambron" uid="10653123" lat="-12.2027473" lon="-38.9635149"/>
 <node id="411042305" visible="true" version="3" changeset="81320488" timestamp="2020-02-21T13:56:21Z" user="Weisshorn" uid="10278885" lat="-12.2023678" lon="-38.9650632"/>
 <node id="411042306" visible="true" version="2" changeset="81320488" timestamp="2020-02-21T13:56:21Z" user="Weisshorn" uid="10278885" lat="-12.2022582" lon="-38.9642973"/>
 <node id="411042307" visible="true" version="2" changeset="81320488" timestamp="2020-02-21T13:56:21Z" user="Weisshorn" uid="10278885" lat="-12.2014619" lon="-38.9644042"/>
 <node id="411042309" visible="true" version="1" changeset="1319454" timestamp="2009-05-25T19:39:39Z" user="5EE" uid="31138" lat="-12.2013145" lon="-38.9633149"/>
 <node id="411042310" visible="true" version="1" changeset="1319454" timestamp="2009-05-25T19:39:39Z" user="5EE" uid="31138" lat="-12.2011702" lon="-38.9623831"/>
 <node id="411042311" visible="true" version="3" changeset="81402617" timestamp="2020-02-24T11:15:10Z" user="Escambron" uid="10653123" lat="-12.2013237" lon="-38.9614677"/>
 <node id="411042314" visible="true" version="5" changeset="138169001" timestamp="2023-07-06T02:52:11Z" user="LaurentianPlateau" uid="15994207" lat="-12.2000772" lon="-38.9634630"/>
 <node id="411042315" visible="true" version="4" changeset="138169001" timestamp="2023-07-06T02:52:11Z" user="LaurentianPlateau" uid="15994207" lat="-12.2004227" lon="-38.9614246"/>
 <node id="411042316" visible="true" version="3" changeset="81401544" timestamp="2020-02-24T10:49:30Z" user="Escambron" uid="10653123" lat="-12.2012439" lon="-38.9611589"/>
 <node id="411042317" visible="true" version="3" changeset="138412432" timestamp="2023-07-12T08:52:15Z" user="LaurentianPlateau" uid="15994207" lat="-12.2008837" lon="-38.9599053"/>
 <node id="411547065" visible="true" version="2" changeset="80987263" timestamp="2020-02-14T05:08:02Z" user="LavenderBay" uid="10409666" lat="-12.2232657" lon="-38.9674164"/>
 <node id="411547072" visible="true" version="3" changeset="80989022" timestamp="2020-02-14T05:55:25Z" user="LavenderBay" uid="10409666" lat="-12.2242885" lon="-38.9672148"/>
 <node id="411547074" visible="true" version="6" changeset="147232100" timestamp="2024-02-08T20:20:42Z" user="Raphaelkaart" uid="12468685" lat="-12.2268802" lon="-38.9668721"/>
 <node id="411547075" visible="true" version="3" changeset="80989022" timestamp="2020-02-14T05:55:25Z" user="LavenderBay" uid="10409666" lat="-12.2260451" lon="-38.9670747"/>
 <node id="411547076" visible="true" version="3" changeset="80987263" timestamp="2020-02-14T05:08:02Z" user="LavenderBay" uid="10409666" lat="-12.2248958" lon="-38.9671904"/>
 <node id="411547077" visible="true" version="2" changeset="80987263" timestamp="2020-02-14T05:08:02Z" user="LavenderBay" uid="10409666" lat="-12.2216596" lon="-38.9676662"/>
 <node id="411547078" visible="true" version="2" changeset="80987263" timestamp="2020-02-14T05:08:02Z" user="LavenderBay" uid="10409666" lat="-12.2185506" lon="-38.9681676"/>
 <node id="411547079" visible="true" version="2" changeset="80987263" timestamp="2020-02-14T05:08:02Z" user="LavenderBay" uid="10409666" lat="-12.2164692" lon="-38.9685999"/>
 <node id="411547080" visible="true" version="3" changeset="81315561" timestamp="2020-02-21T11:39:03Z" user="Weisshorn" uid="10278885" lat="-12.2152003" lon="-38.9692260"/>
 <node id="411547081" visible="true" version="2" changeset="81315561" timestamp="2020-02-21T11:39:03Z" user="Weisshorn" uid="10278885" lat="-12.2145318" lon="-38.9696337"/>
 <node id="411547082" visible="true" version="2" changeset="81315561" timestamp="2020-02-21T11:39:03Z" user="Weisshorn" uid="10278885" lat="-12.2136352" lon="-38.9700669"/>
 <node id="411547083" visible="true" version="2" changeset="81315561" timestamp="2020-02-21T11:39:03Z" user="Weisshorn" uid="10278885" lat="-12.2130605" lon="-38.9702480"/>
 <node id="411547084" visible="true" version="3" changeset="81317318" timestamp="2020-02-21T12:31:35Z" user="Weisshorn" uid="10278885" lat="-12.2108224" lon="-38.9707589"/>
 <node id="411547085" visible="true" version="2" changeset="81315561" timestamp="2020-02-21T11:39:03Z" user="Weisshorn" uid="10278885" lat="-12.2099205" lon="-38.9709654"/>
 <node id="411547086" visible="true" version="3" changeset="167916444" timestamp="2025-06-21T14:29:33Z" user="DoloresReis" uid="16805459" lat="-12.2092023" lon="-38.9711412"/>
 <node id="411547087" visible="true" version="3" changeset="81315561" timestamp="2020-02-21T11:39:03Z" user="Weisshorn" uid="10278885" lat="-12.2089729" lon="-38.9712860"/>
 <node id="411547088" visible="true" version="4" changeset="81315561" timestamp="2020-02-21T11:39:03Z" user="Weisshorn" uid="10278885" lat="-12.2088614" lon="-38.9714375"/>
 <node id="411547089" visible="true" version="3" changeset="81315561" timestamp="2020-02-21T11:39:03Z" user="Weisshorn" uid="10278885" lat="-12.2085259" lon="-38.9720343"/>
 <node id="411547090" visible="true" version="3" changeset="81315561" timestamp="2020-02-21T11:39:03Z" user="Weisshorn" uid="10278885" lat="-12.2077801" lon="-38.9728685"/>
 <node id="411547091" visible="true" version="3" changeset="81315561" timestamp="2020-02-21T11:39:03Z" user="Weisshorn" uid="10278885" lat="-12.2072571" lon="-38.9734519"/>
 <node id="411547092" visible="true" version="3" changeset="81315561" timestamp="2020-02-21T11:39:03Z" user="Weisshorn" uid="10278885" lat="-12.2065060" lon="-38.9745636"/>
 <node id="411547095" visible="true" version="5" changeset="132874336" timestamp="2023-02-22T11:17:08Z" user="LaurentianPlateau" uid="15994207" lat="-12.2049619" lon="-38.9758463"/>
 <node id="411547096" visible="true" version="4" changeset="104529492" timestamp="2021-05-11T18:27:35Z" user="user_10280027" uid="10280027" lat="-12.2020047" lon="-38.9766128"/>
 <node id="411547097" visible="true" version="4" changeset="104529492" timestamp="2021-05-11T18:27:35Z" user="user_10280027" uid="10280027" lat="-12.2011841" lon="-38.9766960"/>
 <node id="411547098" visible="true" version="3" changeset="81315561" timestamp="2020-02-21T11:39:03Z" user="Weisshorn" uid="10278885" lat="-12.1999480" lon="-38.9766665"/>
 <node id="411547099" visible="true" version="5" changeset="104529492" timestamp="2021-05-11T18:27:35Z" user="user_10280027" uid="10280027" lat="-12.1978769" lon="-38.9764654"/>
 <node id="411547100" visible="true" version="3" changeset="104529492" timestamp="2021-05-11T18:27:35Z" user="user_10280027" uid="10280027" lat="-12.1964637" lon="-38.9762850"/>
 <node id="411547101" visible="true" version="4" changeset="104529492" timestamp="2021-05-11T18:27:35Z" user="user_10280027" uid="10280027" lat="-12.1959659" lon="-38.9762669"/>
 <node id="411547102" visible="true" version="3" changeset="104529492" timestamp="2021-05-11T18:27:35Z" user="user_10280027" uid="10280027" lat="-12.1940087" lon="-38.9763618"/>
 <node id="411547103" visible="true" version="2" changeset="104529492" timestamp="2021-05-11T18:27:35Z" user="user_10280027" uid="10280027" lat="-12.1936539" lon="-38.9764521"/>
 <node id="411547104" visible="true" version="3" changeset="104529492" timestamp="2021-05-11T18:27:35Z" user="user_10280027" uid="10280027" lat="-12.1925491" lon="-38.9767373"/>
 <node id="411547105" visible="true" version="3" changeset="104529492" timestamp="2021-05-11T18:27:35Z" user="user_10280027" uid="10280027" lat="-12.1922438" lon="-38.9767946"/>
 <node id="411547106" visible="true" version="2" changeset="80970007" timestamp="2020-02-13T17:50:40Z" user="GreatOuse" uid="10653288" lat="-12.1910986" lon="-38.9771587"/>
 <node id="411547110" visible="true" version="2" changeset="80987263" timestamp="2020-02-14T05:08:02Z" user="LavenderBay" uid="10409666" lat="-12.2248107" lon="-38.9671918"/>
 <node id="411547122" visible="true" version="6" changeset="80987263" timestamp="2020-02-14T05:08:02Z" user="LavenderBay" uid="10409666" lat="-12.2272785" lon="-38.9667448"/>
 <node id="411547124" visible="true" version="5" changeset="80989022" timestamp="2020-02-14T05:55:25Z" user="LavenderBay" uid="10409666" lat="-12.2283890" lon="-38.9664689"/>
 <node id="411819906" visible="true" version="2" changeset="80987263" timestamp="2020-02-14T05:08:02Z" user="LavenderBay" uid="10409666" lat="-12.2192645" lon="-38.9680281"/>
 <node id="411819908" visible="true" version="2" changeset="80987263" timestamp="2020-02-14T05:08:02Z" user="LavenderBay" uid="10409666" lat="-12.2197800" lon="-38.9679440"/>
 <node id="411819915" visible="true" version="2" changeset="80987263" timestamp="2020-02-14T05:08:02Z" user="LavenderBay" uid="10409666" lat="-12.2207760" lon="-38.9678004"/>
 <node id="411819923" visible="true" version="3" changeset="80987263" timestamp="2020-02-14T05:08:02Z" user="LavenderBay" uid="10409666" lat="-12.2224032" lon="-38.9675549"/>
 <node id="411819968" visible="true" version="2" changeset="80987263" timestamp="2020-02-14T05:08:02Z" user="LavenderBay" uid="10409666" lat="-12.2176727" lon="-38.9683439"/>
 <node id="411819971" visible="true" version="2" changeset="80987263" timestamp="2020-02-14T05:08:02Z" user="LavenderBay" uid="10409666" lat="-12.2171498" lon="-38.9684452"/>
 <node id="411819984" visible="true" version="2" changeset="80987263" timestamp="2020-02-14T05:08:02Z" user="LavenderBay" uid="10409666" lat="-12.2159804" lon="-38.9688396"/>
 <node id="411819993" visible="true" version="3" changeset="81313996" timestamp="2020-02-21T10:56:17Z" user="Weisshorn" uid="10278885" lat="-12.2100306" lon="-38.9656091"/>
 <node id="411819997" visible="true" version="3" changeset="80993829" timestamp="2020-02-14T07:37:41Z" user="LavenderBay" uid="10409666" lat="-12.2150482" lon="-38.9656802"/>
 <node id="411820256" visible="true" version="3" changeset="147231316" timestamp="2024-02-08T19:52:10Z" user="Raphaelkaart" uid="12468685" lat="-12.2154301" lon="-38.9691038"/>
 <node id="411820305" visible="true" version="2" changeset="81315561" timestamp="2020-02-21T11:39:03Z" user="Weisshorn" uid="10278885" lat="-12.2133049" lon="-38.9701836"/>
 <node id="411820313" visible="true" version="2" changeset="81315561" timestamp="2020-02-21T11:39:03Z" user="Weisshorn" uid="10278885" lat="-12.2128750" lon="-38.9702962"/>
 <node id="411820318" visible="true" version="2" changeset="81315561" timestamp="2020-02-21T11:39:03Z" user="Weisshorn" uid="10278885" lat="-12.2120033" lon="-38.9704826"/>
 <node id="411820335" visible="true" version="3" changeset="81317318" timestamp="2020-02-21T12:31:35Z" user="Weisshorn" uid="10278885" lat="-12.2104134" lon="-38.9708541"/>
 <node id="411820375" visible="true" version="2" changeset="81315561" timestamp="2020-02-21T11:39:03Z" user="Weisshorn" uid="10278885" lat="-12.2097724" lon="-38.9687124"/>
 <node id="411820378" visible="true" version="3" changeset="81317318" timestamp="2020-02-21T12:31:35Z" user="Weisshorn" uid="10278885" lat="-12.2080056" lon="-38.9692487"/>
 <node id="411820380" visible="true" version="3" changeset="81315561" timestamp="2020-02-21T11:39:03Z" user="Weisshorn" uid="10278885" lat="-12.2137466" lon="-38.9675027"/>
 <node id="411820383" visible="true" version="2" changeset="81315561" timestamp="2020-02-21T11:39:03Z" user="Weisshorn" uid="10278885" lat="-12.2144440" lon="-38.9696860"/>
 <node id="411820386" visible="true" version="3" changeset="81315561" timestamp="2020-02-21T11:39:03Z" user="Weisshorn" uid="10278885" lat="-12.2140022" lon="-38.9681424"/>
 <node id="411820390" visible="true" version="2" changeset="81315561" timestamp="2020-02-21T11:39:03Z" user="Weisshorn" uid="10278885" lat="-12.2099612" lon="-38.9693856"/>
 <node id="411820392" visible="true" version="3" changeset="167916400" timestamp="2025-06-21T14:28:28Z" user="DoloresReis" uid="16805459" lat="-12.2084197" lon="-38.9698792"/>
 <node id="411820394" visible="true" version="3" changeset="167916400" timestamp="2025-06-21T14:28:28Z" user="DoloresReis" uid="16805459" lat="-12.2082126" lon="-38.9691791"/>
 <node id="411820396" visible="true" version="4" changeset="167916481" timestamp="2025-06-21T14:30:53Z" user="DoloresReis" uid="16805459" lat="-12.2086098" lon="-38.9705618"/>
 <node id="411820399" visible="true" version="3" changeset="81315561" timestamp="2020-02-21T11:39:03Z" user="Weisshorn" uid="10278885" lat="-12.2080094" lon="-38.9705108"/>
 <node id="411820401" visible="true" version="2" changeset="81315561" timestamp="2020-02-21T11:39:03Z" user="Weisshorn" uid="10278885" lat="-12.2083031" lon="-38.9705390"/>
 <node id="411820403" visible="true" version="3" changeset="167916481" timestamp="2025-06-21T14:30:53Z" user="DoloresReis" uid="16805459" lat="-12.2084158" lon="-38.9706154"/>
 <node id="411820405" visible="true" version="3" changeset="167916481" timestamp="2025-06-21T14:30:53Z" user="DoloresReis" uid="16805459" lat="-12.2101735" lon="-38.9700964"/>
 <node id="411820407" visible="true" version="3" changeset="81315561" timestamp="2020-02-21T11:39:03Z" user="Weisshorn" uid="10278885" lat="-12.2142120" lon="-38.9688680"/>
 <node id="411820409" visible="true" version="2" changeset="81315561" timestamp="2020-02-21T11:39:03Z" user="Weisshorn" uid="10278885" lat="-12.2127898" lon="-38.9692944"/>
 <node id="411820411" visible="true" version="2" changeset="81315561" timestamp="2020-02-21T11:39:03Z" user="Weisshorn" uid="10278885" lat="-12.2125801" lon="-38.9685702"/>
 <node id="411820413" visible="true" version="2" changeset="81315561" timestamp="2020-02-21T11:39:03Z" user="Weisshorn" uid="10278885" lat="-12.2124018" lon="-38.9679158"/>
 <node id="411820414" visible="true" version="2" changeset="81315561" timestamp="2020-02-21T11:39:03Z" user="Weisshorn" uid="10278885" lat="-12.2117360" lon="-38.9705484"/>
 <node id="411820416" visible="true" version="2" changeset="81315561" timestamp="2020-02-21T11:39:03Z" user="Weisshorn" uid="10278885" lat="-12.2114974" lon="-38.9696860"/>
 <node id="411820418" visible="true" version="2" changeset="81315561" timestamp="2020-02-21T11:39:03Z" user="Weisshorn" uid="10278885" lat="-12.2112916" lon="-38.9689873"/>
 <node id="411820419" visible="true" version="2" changeset="81315561" timestamp="2020-02-21T11:39:03Z" user="Weisshorn" uid="10278885" lat="-12.2110793" lon="-38.9683101"/>
 <node id="411820421" visible="true" version="3" changeset="167916444" timestamp="2025-06-21T14:29:33Z" user="DoloresReis" uid="16805459" lat="-12.2090175" lon="-38.9704558"/>
 <node id="411820423" visible="true" version="3" changeset="81320488" timestamp="2020-02-21T13:56:21Z" user="Weisshorn" uid="10278885" lat="-12.2113401" lon="-38.9657713"/>
 <node id="411820425" visible="true" version="2" changeset="81320488" timestamp="2020-02-21T13:56:21Z" user="Weisshorn" uid="10278885" lat="-12.2113257" lon="-38.9674920"/>
 <node id="411820427" visible="true" version="2" changeset="81320488" timestamp="2020-02-21T13:56:21Z" user="Weisshorn" uid="10278885" lat="-12.2110950" lon="-38.9677334"/>
 <node id="411820429" visible="true" version="3" changeset="81320488" timestamp="2020-02-21T13:56:21Z" user="Weisshorn" uid="10278885" lat="-12.2085167" lon="-38.9680660"/>
 <node id="411820436" visible="true" version="2" changeset="81320488" timestamp="2020-02-21T13:56:21Z" user="Weisshorn" uid="10278885" lat="-12.2113375" lon="-38.9662005"/>
 <node id="411820440" visible="true" version="2" changeset="81320488" timestamp="2020-02-21T13:56:21Z" user="Weisshorn" uid="10278885" lat="-12.2097331" lon="-38.9668000"/>
 <node id="411820443" visible="true" version="2" changeset="81320488" timestamp="2020-02-21T13:56:21Z" user="Weisshorn" uid="10278885" lat="-12.2085246" lon="-38.9667933"/>
 <node id="411820444" visible="true" version="2" changeset="81320488" timestamp="2020-02-21T13:56:21Z" user="Weisshorn" uid="10278885" lat="-12.2083135" lon="-38.9670038"/>
 <node id="411820446" visible="true" version="2" changeset="81320488" timestamp="2020-02-21T13:56:21Z" user="Weisshorn" uid="10278885" lat="-12.2083057" lon="-38.9671715"/>
 <node id="411820448" visible="true" version="2" changeset="81320488" timestamp="2020-02-21T13:56:21Z" user="Weisshorn" uid="10278885" lat="-12.2113283" lon="-38.9668308"/>
 <node id="411824825" visible="true" version="5" changeset="81317318" timestamp="2020-02-21T12:31:35Z" user="Weisshorn" uid="10278885" lat="-12.2050156" lon="-38.9744014"/>
 <node id="411824827" visible="true" version="3" changeset="81317318" timestamp="2020-02-21T12:31:35Z" user="Weisshorn" uid="10278885" lat="-12.2023835" lon="-38.9658592"/>
 <node id="411824828" visible="true" version="3" changeset="81317318" timestamp="2020-02-21T12:31:35Z" user="Weisshorn" uid="10278885" lat="-12.2023534" lon="-38.9657365"/>
 <node id="411824831" visible="true" version="3" changeset="81313996" timestamp="2020-02-21T10:56:17Z" user="Weisshorn" uid="10278885" lat="-12.2080173" lon="-38.9655876"/>
 <node id="411824832" visible="true" version="2" changeset="73047452" timestamp="2019-08-06T04:45:50Z" user="patodiez" uid="1856060" lat="-12.2064154" lon="-38.9657558"/>
 <node id="411824833" visible="true" version="2" changeset="81315561" timestamp="2020-02-21T11:39:03Z" user="Weisshorn" uid="10278885" lat="-12.2063644" lon="-38.9705068"/>
 <node id="411824834" visible="true" version="2" changeset="81315561" timestamp="2020-02-21T11:39:03Z" user="Weisshorn" uid="10278885" lat="-12.2063290" lon="-38.9708743"/>
 <node id="411824835" visible="true" version="3" changeset="81315561" timestamp="2020-02-21T11:39:03Z" user="Weisshorn" uid="10278885" lat="-12.2062484" lon="-38.9711861"/>
 <node id="411824836" visible="true" version="3" changeset="81315561" timestamp="2020-02-21T11:39:03Z" user="Weisshorn" uid="10278885" lat="-12.2060341" lon="-38.9715314"/>
 <node id="411824837" visible="true" version="5" changeset="81317318" timestamp="2020-02-21T12:31:35Z" user="Weisshorn" uid="10278885" lat="-12.2046158" lon="-38.9730864"/>
 <node id="411824838" visible="true" version="2" changeset="81317318" timestamp="2020-02-21T12:31:35Z" user="Weisshorn" uid="10278885" lat="-12.2079491" lon="-38.9681186"/>
 <node id="411824839" visible="true" version="3" changeset="81315561" timestamp="2020-02-21T11:39:03Z" user="Weisshorn" uid="10278885" lat="-12.2079885" lon="-38.9709815"/>
 <node id="411824840" visible="true" version="2" changeset="81315561" timestamp="2020-02-21T11:39:03Z" user="Weisshorn" uid="10278885" lat="-12.2079347" lon="-38.9711532"/>
 <node id="411824841" visible="true" version="3" changeset="81315561" timestamp="2020-02-21T11:39:03Z" user="Weisshorn" uid="10278885" lat="-12.2076044" lon="-38.9715958"/>
 <node id="411824842" visible="true" version="3" changeset="81317318" timestamp="2020-02-21T12:31:35Z" user="Weisshorn" uid="10278885" lat="-12.2080029" lon="-38.9693280"/>
 <node id="411824843" visible="true" version="4" changeset="81315561" timestamp="2020-02-21T11:39:03Z" user="Weisshorn" uid="10278885" lat="-12.2063670" lon="-38.9693078"/>
 <node id="411824844" visible="true" version="3" changeset="73047452" timestamp="2019-08-06T04:45:50Z" user="patodiez" uid="1856060" lat="-12.2075795" lon="-38.9657780"/>
 <node id="411824845" visible="true" version="2" changeset="81315561" timestamp="2020-02-21T11:39:03Z" user="Weisshorn" uid="10278885" lat="-12.2075323" lon="-38.9693159"/>
 <node id="411824846" visible="true" version="2" changeset="81315561" timestamp="2020-02-21T11:39:03Z" user="Weisshorn" uid="10278885" lat="-12.2076044" lon="-38.9693213"/>
 <node id="411824847" visible="true" version="2" changeset="81315561" timestamp="2020-02-21T11:39:03Z" user="Weisshorn" uid="10278885" lat="-12.2075900" lon="-38.9705135"/>
 <node id="411824848" visible="true" version="2" changeset="81317318" timestamp="2020-02-21T12:31:35Z" user="Weisshorn" uid="10278885" lat="-12.2075756" lon="-38.9708219"/>
 <node id="411824849" visible="true" version="2" changeset="81317318" timestamp="2020-02-21T12:31:35Z" user="Weisshorn" uid="10278885" lat="-12.2075087" lon="-38.9710177"/>
 <node id="411824850" visible="true" version="2" changeset="81317318" timestamp="2020-02-21T12:31:35Z" user="Weisshorn" uid="10278885" lat="-12.2071391" lon="-38.9714617"/>
 <node id="411824851" visible="true" version="2" changeset="81315561" timestamp="2020-02-21T11:39:03Z" user="Weisshorn" uid="10278885" lat="-12.2071981" lon="-38.9705001"/>
 <node id="411824852" visible="true" version="3" changeset="81317318" timestamp="2020-02-21T12:31:35Z" user="Weisshorn" uid="10278885" lat="-12.2072151" lon="-38.9693119"/>
 <node id="411824853" visible="true" version="2" changeset="81315561" timestamp="2020-02-21T11:39:03Z" user="Weisshorn" uid="10278885" lat="-12.2067734" lon="-38.9705041"/>
 <node id="411824854" visible="true" version="3" changeset="81317318" timestamp="2020-02-21T12:31:35Z" user="Weisshorn" uid="10278885" lat="-12.2067904" lon="-38.9693052"/>
 <node id="411824855" visible="true" version="2" changeset="81317318" timestamp="2020-02-21T12:31:35Z" user="Weisshorn" uid="10278885" lat="-12.2075441" lon="-38.9688894"/>
 <node id="411824856" visible="true" version="2" changeset="81315561" timestamp="2020-02-21T11:39:03Z" user="Weisshorn" uid="10278885" lat="-12.2063703" lon="-38.9688847"/>
 <node id="411824857" visible="true" version="2" changeset="81317318" timestamp="2020-02-21T12:31:35Z" user="Weisshorn" uid="10278885" lat="-12.2075520" lon="-38.9684844"/>
 <node id="411824858" visible="true" version="2" changeset="81315561" timestamp="2020-02-21T11:39:03Z" user="Weisshorn" uid="10278885" lat="-12.2063723" lon="-38.9684670"/>
 <node id="411824859" visible="true" version="2" changeset="81315561" timestamp="2020-02-21T11:39:03Z" user="Weisshorn" uid="10278885" lat="-12.2063854" lon="-38.9680405"/>
 <node id="411824860" visible="true" version="2" changeset="81317318" timestamp="2020-02-21T12:31:35Z" user="Weisshorn" uid="10278885" lat="-12.2075625" lon="-38.9680660"/>
 <node id="411824861" visible="true" version="2" changeset="81317318" timestamp="2020-02-21T12:31:35Z" user="Weisshorn" uid="10278885" lat="-12.2075625" lon="-38.9676543"/>
 <node id="411824862" visible="true" version="2" changeset="81315561" timestamp="2020-02-21T11:39:03Z" user="Weisshorn" uid="10278885" lat="-12.2063946" lon="-38.9676341"/>
 <node id="411824863" visible="true" version="2" changeset="81317318" timestamp="2020-02-21T12:31:35Z" user="Weisshorn" uid="10278885" lat="-12.2075651" lon="-38.9672197"/>
 <node id="411824864" visible="true" version="2" changeset="81317318" timestamp="2020-02-21T12:31:35Z" user="Weisshorn" uid="10278885" lat="-12.2064019" lon="-38.9672172"/>
 <node id="411824865" visible="true" version="2" changeset="81317318" timestamp="2020-02-21T12:31:35Z" user="Weisshorn" uid="10278885" lat="-12.2075716" lon="-38.9667973"/>
 <node id="411824866" visible="true" version="2" changeset="81317318" timestamp="2020-02-21T12:31:35Z" user="Weisshorn" uid="10278885" lat="-12.2064023" lon="-38.9667717"/>
 <node id="411824867" visible="true" version="2" changeset="81317318" timestamp="2020-02-21T12:31:35Z" user="Weisshorn" uid="10278885" lat="-12.2075743" lon="-38.9663695"/>
 <node id="411824868" visible="true" version="3" changeset="81317318" timestamp="2020-02-21T12:31:35Z" user="Weisshorn" uid="10278885" lat="-12.2064083" lon="-38.9663648"/>
 <node id="411824869" visible="true" version="4" changeset="81317318" timestamp="2020-02-21T12:31:35Z" user="Weisshorn" uid="10278885" lat="-12.2057156" lon="-38.9736423"/>
 <node id="411824870" visible="true" version="3" changeset="81315561" timestamp="2020-02-21T11:39:03Z" user="Weisshorn" uid="10278885" lat="-12.2048924" lon="-38.9727625"/>
 <node id="411824871" visible="true" version="3" changeset="81315561" timestamp="2020-02-21T11:39:03Z" user="Weisshorn" uid="10278885" lat="-12.2054705" lon="-38.9738850"/>
 <node id="411824872" visible="true" version="3" changeset="81317318" timestamp="2020-02-21T12:31:35Z" user="Weisshorn" uid="10278885" lat="-12.2051414" lon="-38.9735712"/>
 <node id="411824874" visible="true" version="3" changeset="81315561" timestamp="2020-02-21T11:39:03Z" user="Weisshorn" uid="10278885" lat="-12.2060354" lon="-38.9733030"/>
 <node id="411824875" visible="true" version="3" changeset="81315561" timestamp="2020-02-21T11:39:03Z" user="Weisshorn" uid="10278885" lat="-12.2051755" lon="-38.9724594"/>
 <node id="411824876" visible="true" version="3" changeset="81315561" timestamp="2020-02-21T11:39:03Z" user="Weisshorn" uid="10278885" lat="-12.2063303" lon="-38.9729811"/>
 <node id="411824877" visible="true" version="3" changeset="81315561" timestamp="2020-02-21T11:39:03Z" user="Weisshorn" uid="10278885" lat="-12.2054731" lon="-38.9721563"/>
 <node id="411824878" visible="true" version="3" changeset="81315561" timestamp="2020-02-21T11:39:03Z" user="Weisshorn" uid="10278885" lat="-12.2066030" lon="-38.9726713"/>
 <node id="411824879" visible="true" version="3" changeset="81315561" timestamp="2020-02-21T11:39:03Z" user="Weisshorn" uid="10278885" lat="-12.2057575" lon="-38.9718452"/>
 <node id="411824880" visible="true" version="4" changeset="81317318" timestamp="2020-02-21T12:31:35Z" user="Weisshorn" uid="10278885" lat="-12.2068900" lon="-38.9723669"/>
 <node id="411824881" visible="true" version="3" changeset="81315561" timestamp="2020-02-21T11:39:03Z" user="Weisshorn" uid="10278885" lat="-12.2071705" lon="-38.9720584"/>
 <node id="411824882" visible="true" version="3" changeset="81315561" timestamp="2020-02-21T11:39:03Z" user="Weisshorn" uid="10278885" lat="-12.2074524" lon="-38.9717647"/>
 <node id="411824883" visible="true" version="2" changeset="81317318" timestamp="2020-02-21T12:31:35Z" user="Weisshorn" uid="10278885" lat="-12.2068245" lon="-38.9711760"/>
 <node id="411824884" visible="true" version="2" changeset="81317318" timestamp="2020-02-21T12:31:35Z" user="Weisshorn" uid="10278885" lat="-12.2071804" lon="-38.9707401"/>
 <node id="411824885" visible="true" version="2" changeset="81317318" timestamp="2020-02-21T12:31:35Z" user="Weisshorn" uid="10278885" lat="-12.2070958" lon="-38.9708783"/>
 <node id="411824886" visible="true" version="2" changeset="81317318" timestamp="2020-02-21T12:31:35Z" user="Weisshorn" uid="10278885" lat="-12.2065492" lon="-38.9714737"/>
 <node id="411824887" visible="true" version="3" changeset="81315561" timestamp="2020-02-21T11:39:03Z" user="Weisshorn" uid="10278885" lat="-12.2053118" lon="-38.9740701"/>
 <node id="411824888" visible="true" version="3" changeset="81320488" timestamp="2020-02-21T13:56:21Z" user="Weisshorn" uid="10278885" lat="-12.2059332" lon="-38.9745717"/>
 <node id="411824889" visible="true" version="5" changeset="81317318" timestamp="2020-02-21T12:31:35Z" user="Weisshorn" uid="10278885" lat="-12.2066724" lon="-38.9743450"/>
 <node id="411824890" visible="true" version="5" changeset="132874336" timestamp="2023-02-22T11:17:08Z" user="LaurentianPlateau" uid="15994207" lat="-12.2059790" lon="-38.9750961"/>
 <node id="411824891" visible="true" version="2" changeset="50065241" timestamp="2017-07-05T18:17:02Z" user="patodiez" uid="1856060" lat="-12.2065390" lon="-38.9735283"/>
 <node id="411824892" visible="true" version="2" changeset="81315561" timestamp="2020-02-21T11:39:03Z" user="Weisshorn" uid="10278885" lat="-12.2071404" lon="-38.9726459"/>
 <node id="411824893" visible="true" version="3" changeset="81315561" timestamp="2020-02-21T11:39:03Z" user="Weisshorn" uid="10278885" lat="-12.2077709" lon="-38.9717165"/>
 <node id="411824894" visible="true" version="2" changeset="81315561" timestamp="2020-02-21T11:39:03Z" user="Weisshorn" uid="10278885" lat="-12.2087146" lon="-38.9716856"/>
 <node id="411824895" visible="true" version="4" changeset="81317318" timestamp="2020-02-21T12:31:35Z" user="Weisshorn" uid="10278885" lat="-12.2063566" lon="-38.9696115"/>
 <node id="411824896" visible="true" version="3" changeset="81317318" timestamp="2020-02-21T12:31:35Z" user="Weisshorn" uid="10278885" lat="-12.2035246" lon="-38.9695647"/>
 <node id="411824897" visible="true" version="4" changeset="81317318" timestamp="2020-02-21T12:31:35Z" user="Weisshorn" uid="10278885" lat="-12.2043183" lon="-38.9721537"/>
 <node id="411824898" visible="true" version="3" changeset="81317318" timestamp="2020-02-21T12:31:35Z" user="Weisshorn" uid="10278885" lat="-12.2052843" lon="-38.9711478"/>
 <node id="411824899" visible="true" version="3" changeset="81317318" timestamp="2020-02-21T12:31:35Z" user="Weisshorn" uid="10278885" lat="-12.2053918" lon="-38.9710285"/>
 <node id="411824900" visible="true" version="3" changeset="81317318" timestamp="2020-02-21T12:31:35Z" user="Weisshorn" uid="10278885" lat="-12.2055347" lon="-38.9705618"/>
 <node id="411824901" visible="true" version="3" changeset="81317318" timestamp="2020-02-21T12:31:35Z" user="Weisshorn" uid="10278885" lat="-12.2055464" lon="-38.9695981"/>
 <node id="411824902" visible="true" version="2" changeset="81317318" timestamp="2020-02-21T12:31:35Z" user="Weisshorn" uid="10278885" lat="-12.2055648" lon="-38.9665908"/>
 <node id="411824903" visible="true" version="3" changeset="81317318" timestamp="2020-02-21T12:31:35Z" user="Weisshorn" uid="10278885" lat="-12.2047495" lon="-38.9657620"/>
 <node id="411824904" visible="true" version="2" changeset="81317318" timestamp="2020-02-21T12:31:35Z" user="Weisshorn" uid="10278885" lat="-12.2047364" lon="-38.9665720"/>
 <node id="411824905" visible="true" version="3" changeset="81317318" timestamp="2020-02-21T12:31:35Z" user="Weisshorn" uid="10278885" lat="-12.2047246" lon="-38.9673887"/>
 <node id="411824907" visible="true" version="2" changeset="81317318" timestamp="2020-02-21T12:31:35Z" user="Weisshorn" uid="10278885" lat="-12.2055465" lon="-38.9677642"/>
 <node id="411824908" visible="true" version="2" changeset="81315561" timestamp="2020-02-21T11:39:03Z" user="Weisshorn" uid="10278885" lat="-12.2063919" lon="-38.9677776"/>
 <node id="411824909" visible="true" version="3" changeset="81317318" timestamp="2020-02-21T12:31:35Z" user="Weisshorn" uid="10278885" lat="-12.2064064" lon="-38.9666069"/>
 <node id="411824910" visible="true" version="4" changeset="81317318" timestamp="2020-02-21T12:31:35Z" user="Weisshorn" uid="10278885" lat="-12.2063670" lon="-38.9689669"/>
 <node id="411824911" visible="true" version="3" changeset="81317318" timestamp="2020-02-21T12:31:35Z" user="Weisshorn" uid="10278885" lat="-12.2055479" lon="-38.9689549"/>
 <node id="411824912" visible="true" version="3" changeset="81317318" timestamp="2020-02-21T12:31:35Z" user="Weisshorn" uid="10278885" lat="-12.2051401" lon="-38.9689484"/>
 <node id="411824913" visible="true" version="4" changeset="81317318" timestamp="2020-02-21T12:31:35Z" user="Weisshorn" uid="10278885" lat="-12.2033142" lon="-38.9689203"/>
 <node id="411824914" visible="true" version="4" changeset="81317318" timestamp="2020-02-21T12:31:35Z" user="Weisshorn" uid="10278885" lat="-12.2038110" lon="-38.9705537"/>
 <node id="411824915" visible="true" version="3" changeset="81315561" timestamp="2020-02-21T11:39:03Z" user="Weisshorn" uid="10278885" lat="-12.2050353" lon="-38.9725989"/>
 <node id="411824916" visible="true" version="4" changeset="81317318" timestamp="2020-02-21T12:31:35Z" user="Weisshorn" uid="10278885" lat="-12.2044336" lon="-38.9720504"/>
 <node id="411824917" visible="true" version="3" changeset="81315561" timestamp="2020-02-21T11:39:03Z" user="Weisshorn" uid="10278885" lat="-12.2053184" lon="-38.9723106"/>
 <node id="411824918" visible="true" version="4" changeset="81317318" timestamp="2020-02-21T12:31:35Z" user="Weisshorn" uid="10278885" lat="-12.2047220" lon="-38.9717674"/>
 <node id="411824919" visible="true" version="3" changeset="81315561" timestamp="2020-02-21T11:39:03Z" user="Weisshorn" uid="10278885" lat="-12.2056042" lon="-38.9720142"/>
 <node id="411824920" visible="true" version="3" changeset="81317318" timestamp="2020-02-21T12:31:35Z" user="Weisshorn" uid="10278885" lat="-12.2050077" lon="-38.9714731"/>
 <node id="411824921" visible="true" version="3" changeset="81315561" timestamp="2020-02-21T11:39:03Z" user="Weisshorn" uid="10278885" lat="-12.2058938" lon="-38.9716843"/>
 <node id="411824922" visible="true" version="3" changeset="81317318" timestamp="2020-02-21T12:31:35Z" user="Weisshorn" uid="10278885" lat="-12.2051546" lon="-38.9713007"/>
 <node id="411824923" visible="true" version="3" changeset="81317318" timestamp="2020-02-21T12:31:35Z" user="Weisshorn" uid="10278885" lat="-12.2048924" lon="-38.9705537"/>
 <node id="411824924" visible="true" version="4" changeset="81317318" timestamp="2020-02-21T12:31:35Z" user="Weisshorn" uid="10278885" lat="-12.2047400" lon="-38.9717453"/>
 <node id="411824925" visible="true" version="3" changeset="81317318" timestamp="2020-02-21T12:31:35Z" user="Weisshorn" uid="10278885" lat="-12.2043746" lon="-38.9705470"/>
 <node id="411824926" visible="true" version="3" changeset="81317318" timestamp="2020-02-21T12:31:35Z" user="Weisshorn" uid="10278885" lat="-12.2039027" lon="-38.9705497"/>
 <node id="411824927" visible="true" version="3" changeset="81317318" timestamp="2020-02-21T12:31:35Z" user="Weisshorn" uid="10278885" lat="-12.2038975" lon="-38.9695709"/>
 <node id="411824928" visible="true" version="3" changeset="81317318" timestamp="2020-02-21T12:31:35Z" user="Weisshorn" uid="10278885" lat="-12.2039027" lon="-38.9689377"/>
 <node id="411824929" visible="true" version="3" changeset="81317318" timestamp="2020-02-21T12:31:35Z" user="Weisshorn" uid="10278885" lat="-12.2042973" lon="-38.9705484"/>
 <node id="411824930" visible="true" version="3" changeset="81317318" timestamp="2020-02-21T12:31:35Z" user="Weisshorn" uid="10278885" lat="-12.2043145" lon="-38.9695778"/>
 <node id="411824931" visible="true" version="3" changeset="81317318" timestamp="2020-02-21T12:31:35Z" user="Weisshorn" uid="10278885" lat="-12.2043274" lon="-38.9689404"/>
 <node id="411824932" visible="true" version="3" changeset="81317318" timestamp="2020-02-21T12:31:35Z" user="Weisshorn" uid="10278885" lat="-12.2046892" lon="-38.9705470"/>
 <node id="411824933" visible="true" version="3" changeset="81317318" timestamp="2020-02-21T12:31:35Z" user="Weisshorn" uid="10278885" lat="-12.2047120" lon="-38.9695844"/>
 <node id="411824934" visible="true" version="3" changeset="81317318" timestamp="2020-02-21T12:31:35Z" user="Weisshorn" uid="10278885" lat="-12.2047299" lon="-38.9689551"/>
 <node id="411824935" visible="true" version="3" changeset="81317318" timestamp="2020-02-21T12:31:35Z" user="Weisshorn" uid="10278885" lat="-12.2051152" lon="-38.9705591"/>
 <node id="411824936" visible="true" version="3" changeset="81317318" timestamp="2020-02-21T12:31:35Z" user="Weisshorn" uid="10278885" lat="-12.2051214" lon="-38.9695758"/>
 <node id="411824937" visible="true" version="3" changeset="81317318" timestamp="2020-02-21T12:31:35Z" user="Weisshorn" uid="10278885" lat="-12.2051532" lon="-38.9677750"/>
 <node id="411824938" visible="true" version="4" changeset="81317318" timestamp="2020-02-21T12:31:35Z" user="Weisshorn" uid="10278885" lat="-12.2059305" lon="-38.9689662"/>
 <node id="411824939" visible="true" version="2" changeset="81317318" timestamp="2020-02-21T12:31:35Z" user="Weisshorn" uid="10278885" lat="-12.2059672" lon="-38.9677803"/>
 <node id="411824940" visible="true" version="2" changeset="81317318" timestamp="2020-02-21T12:31:35Z" user="Weisshorn" uid="10278885" lat="-12.2059738" lon="-38.9665908"/>
 <node id="411824941" visible="true" version="2" changeset="81317318" timestamp="2020-02-21T12:31:35Z" user="Weisshorn" uid="10278885" lat="-12.2059843" lon="-38.9659698"/>
 <node id="411824942" visible="true" version="2" changeset="73047452" timestamp="2019-08-06T04:45:50Z" user="patodiez" uid="1856060" lat="-12.2040090" lon="-38.9657450"/>
 <node id="411824943" visible="true" version="3" changeset="123204528" timestamp="2022-07-04T19:11:48Z" user="AjBelnuovo" uid="1799626" lat="-12.2040185" lon="-38.9667098"/>
 <node id="411824949" visible="true" version="3" changeset="123204528" timestamp="2022-07-04T19:11:48Z" user="AjBelnuovo" uid="1799626" lat="-12.2044998" lon="-38.9673572"/>
 <node id="411824952" visible="true" version="2" changeset="81317318" timestamp="2020-02-21T12:31:35Z" user="Weisshorn" uid="10278885" lat="-12.2040011" lon="-38.9664379"/>
 <node id="411824953" visible="true" version="2" changeset="81317318" timestamp="2020-02-21T12:31:35Z" user="Weisshorn" uid="10278885" lat="-12.2027925" lon="-38.9666421"/>
 <node id="411824954" visible="true" version="2" changeset="81317318" timestamp="2020-02-21T12:31:35Z" user="Weisshorn" uid="10278885" lat="-12.2025965" lon="-38.9659470"/>
 <node id="411824955" visible="true" version="2" changeset="81317318" timestamp="2020-02-21T12:31:35Z" user="Weisshorn" uid="10278885" lat="-12.2029419" lon="-38.9659444"/>
 <node id="411824956" visible="true" version="2" changeset="81317318" timestamp="2020-02-21T12:31:35Z" user="Weisshorn" uid="10278885" lat="-12.2031477" lon="-38.9666699"/>
 <node id="411824957" visible="true" version="2" changeset="71161292" timestamp="2019-06-12T00:59:22Z" user="Laercio Rios" uid="9591274" lat="-12.2061778" lon="-38.9704701"/>
 <node id="411824958" visible="true" version="2" changeset="66907715" timestamp="2019-02-04T16:00:09Z" user="dhic_import" uid="9336476" lat="-12.2061685" lon="-38.9696692"/>
 <node id="411824959" visible="true" version="2" changeset="66907715" timestamp="2019-02-04T16:00:09Z" user="dhic_import" uid="9336476" lat="-12.2056190" lon="-38.9696602"/>
 <node id="411824960" visible="true" version="2" changeset="71161292" timestamp="2019-06-12T00:59:22Z" user="Laercio Rios" uid="9591274" lat="-12.2056156" lon="-38.9704594"/>
 <node id="411824961" visible="true" version="2" changeset="123204388" timestamp="2022-07-04T19:06:35Z" user="AjBelnuovo" uid="1799626" lat="-12.2047092" lon="-38.9684462"/>
 <node id="411824963" visible="true" version="2" changeset="123204388" timestamp="2022-07-04T19:06:35Z" user="AjBelnuovo" uid="1799626" lat="-12.2046279" lon="-38.9680885"/>
 <node id="411824965" visible="true" version="2" changeset="123204388" timestamp="2022-07-04T19:06:35Z" user="AjBelnuovo" uid="1799626" lat="-12.2040035" lon="-38.9682536"/>
 <node id="411824968" visible="true" version="2" changeset="123204388" timestamp="2022-07-04T19:06:35Z" user="AjBelnuovo" uid="1799626" lat="-12.2040871" lon="-38.9686112"/>
 <node id="415408095" visible="true" version="4" changeset="137274041" timestamp="2023-06-13T08:04:06Z" user="Solheimajokull" uid="10334725" lat="-12.2002928" lon="-38.9608106"/>
 <node id="415408096" visible="true" version="4" changeset="138412432" timestamp="2023-07-12T08:52:15Z" user="LaurentianPlateau" uid="15994207" lat="-12.2001743" lon="-38.9601288"/>
 <node id="415408105" visible="true" version="3" changeset="81401544" timestamp="2020-02-24T10:49:30Z" user="Escambron" uid="10653123" lat="-12.2019045" lon="-38.9609661"/>
 <node id="415408107" visible="true" version="6" changeset="81402617" timestamp="2020-02-24T11:15:10Z" user="Escambron" uid="10653123" lat="-12.2066954" lon="-38.9594553"/>
 <node id="415408108" visible="true" version="4" changeset="81401544" timestamp="2020-02-24T10:49:30Z" user="Escambron" uid="10653123" lat="-12.2031935" lon="-38.9605510"/>
 <node id="415408109" visible="true" version="4" changeset="81402617" timestamp="2020-02-24T11:15:10Z" user="Escambron" uid="10653123" lat="-12.2044850" lon="-38.9601508"/>
 <node id="415408115" visible="true" version="4" changeset="81402617" timestamp="2020-02-24T11:15:10Z" user="Escambron" uid="10653123" lat="-12.2050579" lon="-38.9599792"/>
 <node id="418995194" visible="true" version="2" changeset="104529492" timestamp="2021-05-11T18:27:35Z" user="user_10280027" uid="10280027" lat="-12.1950047" lon="-38.9762622"/>
 <node id="2516165036" visible="true" version="6" changeset="71383742" timestamp="2019-06-19T00:58:59Z" user="teixeirista" uid="10061199" lat="-12.1998460" lon="-38.9692208"/>
 <node id="2516187680" visible="true" version="3" changeset="37672818" timestamp="2016-03-07T19:44:32Z" user="patodiez" uid="1856060" lat="-12.2006089" lon="-38.9754066"/>
 <node id="2517880272" visible="true" version="1" changeset="18683637" timestamp="2013-11-02T21:40:18Z" user="luanrc" uid="1793684" lat="-12.2045987" lon="-38.9717530">
  <tag k="amenity" v="restaurant"/>
  <tag k="name" v="Fifó"/>
 </node>
 <node id="2517897749" visible="true" version="5" changeset="71383742" timestamp="2019-06-19T00:58:59Z" user="teixeirista" uid="10061199" lat="-12.2000608" lon="-38.9699538"/>
 <node id="2517897751" visible="true" version="5" changeset="71383742" timestamp="2019-06-19T00:58:59Z" user="teixeirista" uid="10061199" lat="-12.2001279" lon="-38.9701868"/>
 <node id="2517897755" visible="true" version="5" changeset="71383742" timestamp="2019-06-19T00:58:59Z" user="teixeirista" uid="10061199" lat="-12.2002747" lon="-38.9698896"/>
 <node id="2517911536" visible="true" version="3" changeset="71039034" timestamp="2019-06-07T21:38:31Z" user="teixeirista" uid="10061199" lat="-12.1996490" lon="-38.9718553"/>
 <node id="2517911538" visible="true" version="3" changeset="71039034" timestamp="2019-06-07T21:38:31Z" user="teixeirista" uid="10061199" lat="-12.1997653" lon="-38.9718165"/>
 <node id="2517911540" visible="true" version="3" changeset="71042729" timestamp="2019-06-08T04:12:20Z" user="teixeirista" uid="10061199" lat="-12.1997182" lon="-38.9720594"/>
 <node id="2517911541" visible="true" version="3" changeset="71042729" timestamp="2019-06-08T04:12:20Z" user="teixeirista" uid="10061199" lat="-12.1999442" lon="-38.9728122"/>
 <node id="2517911543" visible="true" version="5" changeset="71042729" timestamp="2019-06-08T04:12:20Z" user="teixeirista" uid="10061199" lat="-12.2000512" lon="-38.9727786"/>
 <node id="2517911544" visible="true" version="5" changeset="71042729" timestamp="2019-06-08T04:12:20Z" user="teixeirista" uid="10061199" lat="-12.1998253" lon="-38.9720257"/>
 <node id="2517911546" visible="true" version="5" changeset="71383742" timestamp="2019-06-19T00:58:59Z" user="teixeirista" uid="10061199" lat="-12.2009753" lon="-38.9728399"/>
 <node id="2517911548" visible="true" version="5" changeset="71383742" timestamp="2019-06-19T00:58:59Z" user="teixeirista" uid="10061199" lat="-12.2010420" lon="-38.9730854"/>
 <node id="2517911550" visible="true" version="7" changeset="71383742" timestamp="2019-06-19T00:58:59Z" user="teixeirista" uid="10061199" lat="-12.2012432" lon="-38.9730200"/>
 <node id="2517911552" visible="true" version="7" changeset="71383742" timestamp="2019-06-19T00:58:59Z" user="teixeirista" uid="10061199" lat="-12.2011787" lon="-38.9727822"/>
 <node id="2517911554" visible="true" version="4" changeset="71080243" timestamp="2019-06-09T20:13:40Z" user="teixeirista" uid="10061199" lat="-12.2012864" lon="-38.9738026"/>
 <node id="2517911558" visible="true" version="7" changeset="81324116" timestamp="2020-02-21T15:46:56Z" user="Weisshorn" uid="10278885" lat="-12.2019143" lon="-38.9742310"/>
 <node id="2517911560" visible="true" version="5" changeset="71080243" timestamp="2019-06-09T20:13:40Z" user="teixeirista" uid="10061199" lat="-12.2014771" lon="-38.9737373"/>
 <node id="2517911562" visible="true" version="3" changeset="71041203" timestamp="2019-06-08T00:15:20Z" user="teixeirista" uid="10061199" lat="-12.2015959" lon="-38.9747252"/>
 <node id="2517911564" visible="true" version="4" changeset="71741665" timestamp="2019-06-29T18:42:44Z" user="teixeirista" uid="10061199" lat="-12.2016731" lon="-38.9749626"/>
 <node id="2517911566" visible="true" version="6" changeset="81324116" timestamp="2020-02-21T15:46:56Z" user="Weisshorn" uid="10278885" lat="-12.2020231" lon="-38.9745985"/>
 <node id="2517948714" visible="true" version="2" changeset="37672818" timestamp="2016-03-07T19:44:32Z" user="patodiez" uid="1856060" lat="-12.1992257" lon="-38.9710609"/>
 <node id="2517948726" visible="true" version="3" changeset="175443548" timestamp="2025-12-03T12:00:03Z" user="Rosineia" uid="23573751" lat="-12.2014782" lon="-38.9750405">
  <tag k="amenity" v="restaurant"/>
  <tag k="name" v="cantina"/>
 </node>
 <node id="2518091705" visible="true" version="1" changeset="18685824" timestamp="2013-11-03T01:09:29Z" user="wille" uid="360183" lat="-12.2065462" lon="-38.9668689">
  <tag k="amenity" v="bar"/>
  <tag k="name" v="Quatro Estações"/>
 </node>
 <node id="2518091708" visible="true" version="1" changeset="18685824" timestamp="2013-11-03T01:09:29Z" user="wille" uid="360183" lat="-12.2065410" lon="-38.9670030">
  <tag k="amenity" v="bar"/>
  <tag k="name" v="A República"/>
 </node>
 <node id="2518091711" visible="true" version="1" changeset="18685824" timestamp="2013-11-03T01:09:29Z" user="wille" uid="360183" lat="-12.2064885" lon="-38.9693419">
  <tag k="amenity" v="pharmacy"/>
 </node>
 <node id="2518091714" visible="true" version="1" changeset="18685824" timestamp="2013-11-03T01:09:29Z" user="wille" uid="360183" lat="-12.2059913" lon="-38.9707871">
  <tag k="name" v="Feira VI"/>
  <tag k="place" v="suburb"/>
 </node>
 <node id="2522224759" visible="true" version="5" changeset="81317318" timestamp="2020-02-21T12:31:35Z" user="Weisshorn" uid="10278885" lat="-12.2036249" lon="-38.9699095"/>
 <node id="2522261788" visible="true" version="2" changeset="52542568" timestamp="2017-10-01T17:12:31Z" user="solenir" uid="6736254" lat="-12.2005129" lon="-38.9742620">
  <tag k="amenity" v="hospital"/>
  <tag k="emergency" v="yes"/>
  <tag k="name" v="SESU"/>
 </node>
 <node id="2663443662" visible="true" version="3" changeset="81317318" timestamp="2020-02-21T12:31:35Z" user="Weisshorn" uid="10278885" lat="-12.2049724" lon="-38.9677589"/>
 <node id="2826909799" visible="true" version="2" changeset="80989022" timestamp="2020-02-14T05:55:25Z" user="LavenderBay" uid="10409666" lat="-12.2264158" lon="-38.9670148"/>
 <node id="2826909808" visible="true" version="3" changeset="80989022" timestamp="2020-02-14T05:55:25Z" user="LavenderBay" uid="10409666" lat="-12.2285957" lon="-38.9664419"/>
 <node id="2826909819" visible="true" version="1" changeset="22047226" timestamp="2014-04-30T16:41:35Z" user="wille" uid="360183" lat="-12.2296278" lon="-38.9664152"/>
 <node id="2868467936" visible="true" version="4" changeset="71037626" timestamp="2019-06-07T20:37:12Z" user="teixeirista" uid="10061199" lat="-12.2011803" lon="-38.9686056"/>
 <node id="2868467937" visible="true" version="4" changeset="71037626" timestamp="2019-06-07T20:37:12Z" user="teixeirista" uid="10061199" lat="-12.2016420" lon="-38.9684656"/>
 <node id="2868467938" visible="true" version="4" changeset="71037626" timestamp="2019-06-07T20:37:12Z" user="teixeirista" uid="10061199" lat="-12.2015474" lon="-38.9681433"/>
 <node id="2868467939" visible="true" version="4" changeset="71037626" timestamp="2019-06-07T20:37:12Z" user="teixeirista" uid="10061199" lat="-12.2010809" lon="-38.9682879"/>
 <node id="2868470406" visible="true" version="5" changeset="71055352" timestamp="2019-06-08T17:13:59Z" user="teixeirista" uid="10061199" lat="-12.2021722" lon="-38.9722988"/>
 <node id="2868470407" visible="true" version="5" changeset="71055352" timestamp="2019-06-08T17:13:59Z" user="teixeirista" uid="10061199" lat="-12.2027122" lon="-38.9720730"/>
 <node id="2868470408" visible="true" version="5" changeset="71055352" timestamp="2019-06-08T17:13:59Z" user="teixeirista" uid="10061199" lat="-12.2025582" lon="-38.9716645"/>
 <node id="2868470409" visible="true" version="5" changeset="71055352" timestamp="2019-06-08T17:13:59Z" user="teixeirista" uid="10061199" lat="-12.2020302" lon="-38.9718707"/>
 <node id="2868470410" visible="true" version="4" changeset="71037626" timestamp="2019-06-07T20:37:12Z" user="teixeirista" uid="10061199" lat="-12.2022812" lon="-38.9714045"/>
 <node id="2868470411" visible="true" version="4" changeset="71037626" timestamp="2019-06-07T20:37:12Z" user="teixeirista" uid="10061199" lat="-12.2020307" lon="-38.9705952"/>
 <node id="2868470412" visible="true" version="4" changeset="71037626" timestamp="2019-06-07T20:37:12Z" user="teixeirista" uid="10061199" lat="-12.2023699" lon="-38.9707877"/>
 <node id="2868470413" visible="true" version="4" changeset="71037626" timestamp="2019-06-07T20:37:12Z" user="teixeirista" uid="10061199" lat="-12.2024539" lon="-38.9710581"/>
 <node id="2868477505" visible="true" version="3" changeset="71037626" timestamp="2019-06-07T20:37:12Z" user="teixeirista" uid="10061199" lat="-12.2021447" lon="-38.9699194"/>
 <node id="2868477506" visible="true" version="3" changeset="71037626" timestamp="2019-06-07T20:37:12Z" user="teixeirista" uid="10061199" lat="-12.2022287" lon="-38.9697450"/>
 <node id="2868477507" visible="true" version="3" changeset="71037626" timestamp="2019-06-07T20:37:12Z" user="teixeirista" uid="10061199" lat="-12.2018688" lon="-38.9695636"/>
 <node id="2868477508" visible="true" version="3" changeset="71037626" timestamp="2019-06-07T20:37:12Z" user="teixeirista" uid="10061199" lat="-12.2017849" lon="-38.9697378"/>
 <node id="4045346151" visible="true" version="1" changeset="37660856" timestamp="2016-03-07T08:39:01Z" user="patodiez" uid="1856060" lat="-12.2299865" lon="-38.9664243"/>
 <node id="4045346155" visible="true" version="3" changeset="123651154" timestamp="2022-07-15T12:22:44Z" user="Bem Mapas" uid="15704337" lat="-12.2304811" lon="-38.9664646"/>
 <node id="4045346161" visible="true" version="3" changeset="80996754" timestamp="2020-02-14T08:35:46Z" user="LavenderBay" uid="10409666" lat="-12.2222707" lon="-38.9675756"/>
 <node id="4045346165" visible="true" version="2" changeset="80987263" timestamp="2020-02-14T05:08:02Z" user="LavenderBay" uid="10409666" lat="-12.2228595" lon="-38.9674902"/>
 <node id="4046198075" visible="true" version="2" changeset="81320488" timestamp="2020-02-21T13:56:21Z" user="Weisshorn" uid="10278885" lat="-12.2112038" lon="-38.9676864"/>
 <node id="4046198076" visible="true" version="2" changeset="81320488" timestamp="2020-02-21T13:56:21Z" user="Weisshorn" uid="10278885" lat="-12.2100791" lon="-38.9668188"/>
 <node id="4046198077" visible="true" version="2" changeset="81320488" timestamp="2020-02-21T13:56:21Z" user="Weisshorn" uid="10278885" lat="-12.2100608" lon="-38.9678648"/>
 <node id="4046198078" visible="true" version="3" changeset="81320488" timestamp="2020-02-21T13:56:21Z" user="Weisshorn" uid="10278885" lat="-12.2100057" lon="-38.9686453"/>
 <node id="4046198079" visible="true" version="2" changeset="81315561" timestamp="2020-02-21T11:39:03Z" user="Weisshorn" uid="10278885" lat="-12.2090869" lon="-38.9711961"/>
 <node id="4046308278" visible="true" version="2" changeset="71741665" timestamp="2019-06-29T18:42:44Z" user="teixeirista" uid="10061199" lat="-12.2008140" lon="-38.9758845"/>
 <node id="4046308281" visible="true" version="4" changeset="81324116" timestamp="2020-02-21T15:46:56Z" user="Weisshorn" uid="10278885" lat="-12.2022315" lon="-38.9753995"/>
 <node id="4046308282" visible="true" version="3" changeset="81324116" timestamp="2020-02-21T15:46:56Z" user="Weisshorn" uid="10278885" lat="-12.2023790" lon="-38.9753535"/>
 <node id="4046308283" visible="true" version="3" changeset="81324116" timestamp="2020-02-21T15:46:56Z" user="Weisshorn" uid="10278885" lat="-12.2024733" lon="-38.9753187"/>
 <node id="4046308284" visible="true" version="4" changeset="81324116" timestamp="2020-02-21T15:46:56Z" user="Weisshorn" uid="10278885" lat="-12.2025304" lon="-38.9752677"/>
 <node id="4046308285" visible="true" version="4" changeset="81324116" timestamp="2020-02-21T15:46:56Z" user="Weisshorn" uid="10278885" lat="-12.2025795" lon="-38.9751356"/>
 <node id="4046308286" visible="true" version="4" changeset="81324116" timestamp="2020-02-21T15:46:56Z" user="Weisshorn" uid="10278885" lat="-12.2025716" lon="-38.9750645"/>
 <node id="4046308287" visible="true" version="4" changeset="81324116" timestamp="2020-02-21T15:46:56Z" user="Weisshorn" uid="10278885" lat="-12.2024393" lon="-38.9749150"/>
 <node id="4046308288" visible="true" version="4" changeset="81324116" timestamp="2020-02-21T15:46:56Z" user="Weisshorn" uid="10278885" lat="-12.2023246" lon="-38.9748969"/>
 <node id="4046308389" visible="true" version="4" changeset="81324116" timestamp="2020-02-21T15:46:56Z" user="Weisshorn" uid="10278885" lat="-12.2021705" lon="-38.9748285"/>
 <node id="4046412707" visible="true" version="3" changeset="161685319" timestamp="2025-01-23T18:39:01Z" user="ElblagCanal" uid="20681024" lat="-12.2128449" lon="-38.9653663"/>
 <node id="4046458098" visible="true" version="2" changeset="81401544" timestamp="2020-02-24T10:49:30Z" user="Escambron" uid="10653123" lat="-12.2070899" lon="-38.9630255"/>
 <node id="4046458099" visible="true" version="1" changeset="37674158" timestamp="2016-03-07T20:49:36Z" user="patodiez" uid="1856060" lat="-12.2077657" lon="-38.9627843"/>
 <node id="4046461437" visible="true" version="4" changeset="81401544" timestamp="2020-02-24T10:49:30Z" user="Escambron" uid="10653123" lat="-12.2043405" lon="-38.9628652"/>
 <node id="4046461438" visible="true" version="2" changeset="81320488" timestamp="2020-02-21T13:56:21Z" user="Weisshorn" uid="10278885" lat="-12.2056748" lon="-38.9649097"/>
 <node id="4046461439" visible="true" version="3" changeset="81320488" timestamp="2020-02-21T13:56:21Z" user="Weisshorn" uid="10278885" lat="-12.2042527" lon="-38.9651853"/>
 <node id="4046461440" visible="true" version="1" changeset="37674240" timestamp="2016-03-07T20:52:55Z" user="patodiez" uid="1856060" lat="-12.2038258" lon="-38.9630787"/>
 <node id="4046461441" visible="true" version="2" changeset="81497154" timestamp="2020-02-26T10:15:36Z" user="Weisshorn" uid="10278885" lat="-12.2041025" lon="-38.9644593"/>
 <node id="4046461442" visible="true" version="5" changeset="81497154" timestamp="2020-02-26T10:15:36Z" user="Weisshorn" uid="10278885" lat="-12.2047757" lon="-38.9642545"/>
 <node id="4046461443" visible="true" version="2" changeset="81402617" timestamp="2020-02-24T11:15:10Z" user="Escambron" uid="10653123" lat="-12.2026319" lon="-38.9634130"/>
 <node id="4046461444" visible="true" version="2" changeset="81402617" timestamp="2020-02-24T11:15:10Z" user="Escambron" uid="10653123" lat="-12.2013598" lon="-38.9637388"/>
 <node id="4046461445" visible="true" version="1" changeset="37674240" timestamp="2016-03-07T20:52:55Z" user="patodiez" uid="1856060" lat="-12.2021539" lon="-38.9635595"/>
 <node id="4046494751" visible="true" version="4" changeset="81402617" timestamp="2020-02-24T11:15:10Z" user="Escambron" uid="10653123" lat="-12.2038182" lon="-38.9603433"/>
 <node id="4046494754" visible="true" version="3" changeset="81402617" timestamp="2020-02-24T11:15:10Z" user="Escambron" uid="10653123" lat="-12.2025554" lon="-38.9607482"/>
 <node id="4046494759" visible="true" version="3" changeset="137274041" timestamp="2023-06-13T08:04:06Z" user="Solheimajokull" uid="10334725" lat="-12.2001312" lon="-38.9602946"/>
 <node id="4046494763" visible="true" version="3" changeset="137274041" timestamp="2023-06-13T08:04:06Z" user="Solheimajokull" uid="10334725" lat="-12.2003885" lon="-38.9611808"/>
 <node id="4085145796" visible="true" version="4" changeset="136148142" timestamp="2023-05-16T02:57:17Z" user="Fidelis Assis" uid="1675654" lat="-12.1574457" lon="-38.9651235"/>
 <node id="4085145800" visible="true" version="4" changeset="136148142" timestamp="2023-05-16T02:57:17Z" user="Fidelis Assis" uid="1675654" lat="-12.1593377" lon="-38.9644878"/>
 <node id="4085145803" visible="true" version="3" changeset="74767741" timestamp="2019-09-22T09:39:04Z" user="FvGordon" uid="161619" lat="-12.1606817" lon="-38.9641509"/>
 <node id="4085145809" visible="true" version="3" changeset="74767741" timestamp="2019-09-22T09:39:04Z" user="FvGordon" uid="161619" lat="-12.1641754" lon="-38.9641873"/>
 <node id="4085145816" visible="true" version="3" changeset="74767741" timestamp="2019-09-22T09:39:04Z" user="FvGordon" uid="161619" lat="-12.1723036" lon="-38.9644061"/>
 <node id="4085145823" visible="true" version="3" changeset="74767741" timestamp="2019-09-22T09:39:04Z" user="FvGordon" uid="161619" lat="-12.1783996" lon="-38.9645156"/>
 <node id="4085145827" visible="true" version="3" changeset="74767741" timestamp="2019-09-22T09:39:04Z" user="FvGordon" uid="161619" lat="-12.1823824" lon="-38.9648209"/>
 <node id="4085145831" visible="true" version="3" changeset="74767741" timestamp="2019-09-22T09:39:04Z" user="FvGordon" uid="161619" lat="-12.1851695" lon="-38.9647921"/>
 <node id="4085145836" visible="true" version="3" changeset="74767741" timestamp="2019-09-22T09:39:04Z" user="FvGordon" uid="161619" lat="-12.1881444" lon="-38.9648822"/>
 <node id="4085145840" visible="true" version="3" changeset="74767741" timestamp="2019-09-22T09:39:04Z" user="FvGordon" uid="161619" lat="-12.1903302" lon="-38.9649519"/>
 <node id="4085145843" visible="true" version="3" changeset="74767741" timestamp="2019-09-22T09:39:04Z" user="FvGordon" uid="161619" lat="-12.1927568" lon="-38.9650361"/>
 <node id="4085145848" visible="true" version="3" changeset="74767741" timestamp="2019-09-22T09:39:04Z" user="FvGordon" uid="161619" lat="-12.1953059" lon="-38.9649736"/>
 <node id="4085145849" visible="true" version="3" changeset="74767741" timestamp="2019-09-22T09:39:04Z" user="FvGordon" uid="161619" lat="-12.1961415" lon="-38.9650361"/>
 <node id="4085145850" visible="true" version="3" changeset="74767741" timestamp="2019-09-22T09:39:04Z" user="FvGordon" uid="161619" lat="-12.1970274" lon="-38.9650129"/>
 <node id="4085145853" visible="true" version="3" changeset="74767741" timestamp="2019-09-22T09:39:04Z" user="FvGordon" uid="161619" lat="-12.1979474" lon="-38.9650245"/>
 <node id="4085145854" visible="true" version="5" changeset="120906965" timestamp="2022-05-12T21:31:08Z" user="WhereIsNorth" uid="13771537" lat="-12.1985235" lon="-38.9651355"/>
 <node id="4085145856" visible="true" version="3" changeset="74767741" timestamp="2019-09-22T09:39:04Z" user="FvGordon" uid="161619" lat="-12.1994353" lon="-38.9653615"/>
 <node id="4085145857" visible="true" version="3" changeset="74767741" timestamp="2019-09-22T09:39:04Z" user="FvGordon" uid="161619" lat="-12.2009913" lon="-38.9653731"/>
 <node id="4085145861" visible="true" version="3" changeset="74767741" timestamp="2019-09-22T09:39:04Z" user="FvGordon" uid="161619" lat="-12.2051482" lon="-38.9652802"/>
 <node id="4085145866" visible="true" version="3" changeset="74767741" timestamp="2019-09-22T09:39:04Z" user="FvGordon" uid="161619" lat="-12.2118389" lon="-38.9652569"/>
 <node id="4085145867" visible="true" version="3" changeset="74767741" timestamp="2019-09-22T09:39:04Z" user="FvGordon" uid="161619" lat="-12.2134050" lon="-38.9651872"/>
 <node id="4085145870" visible="true" version="3" changeset="74767741" timestamp="2019-09-22T09:39:04Z" user="FvGordon" uid="161619" lat="-12.2150163" lon="-38.9651708"/>
 <node id="4085145874" visible="true" version="3" changeset="74767741" timestamp="2019-09-22T09:39:04Z" user="FvGordon" uid="161619" lat="-12.2188564" lon="-38.9651291"/>
 <node id="4085145877" visible="true" version="3" changeset="74767741" timestamp="2019-09-22T09:39:04Z" user="FvGordon" uid="161619" lat="-12.2207871" lon="-38.9650013"/>
 <node id="4085145878" visible="true" version="3" changeset="74767741" timestamp="2019-09-22T09:39:04Z" user="FvGordon" uid="161619" lat="-12.2219910" lon="-38.9648851"/>
 <node id="4085145879" visible="true" version="3" changeset="74767741" timestamp="2019-09-22T09:39:04Z" user="FvGordon" uid="161619" lat="-12.2228386" lon="-38.9648341"/>
 <node id="4085145882" visible="true" version="3" changeset="74767741" timestamp="2019-09-22T09:39:04Z" user="FvGordon" uid="161619" lat="-12.2252504" lon="-38.9645481"/>
 <node id="4085145888" visible="true" version="3" changeset="74767741" timestamp="2019-09-22T09:39:04Z" user="FvGordon" uid="161619" lat="-12.2278038" lon="-38.9640050"/>
 <node id="4085145892" visible="true" version="3" changeset="74767741" timestamp="2019-09-22T09:39:04Z" user="FvGordon" uid="161619" lat="-12.2288391" lon="-38.9640833"/>
 <node id="4085145895" visible="true" version="3" changeset="74767741" timestamp="2019-09-22T09:39:04Z" user="FvGordon" uid="161619" lat="-12.2295659" lon="-38.9645016"/>
 <node id="4939496798" visible="true" version="2" changeset="81317318" timestamp="2020-02-21T12:31:35Z" user="Weisshorn" uid="10278885" lat="-12.2069768" lon="-38.9659484"/>
 <node id="4939496799" visible="true" version="2" changeset="81317318" timestamp="2020-02-21T12:31:35Z" user="Weisshorn" uid="10278885" lat="-12.2064234" lon="-38.9659564"/>
 <node id="4939496800" visible="true" version="2" changeset="81317318" timestamp="2020-02-21T12:31:35Z" user="Weisshorn" uid="10278885" lat="-12.2047469" lon="-38.9659511"/>
 <node id="4939496801" visible="true" version="3" changeset="138169001" timestamp="2023-07-06T02:52:11Z" user="LaurentianPlateau" uid="15994207" lat="-12.2026300" lon="-38.9654066"/>
 <node id="4953165405" visible="true" version="3" changeset="81320488" timestamp="2020-02-21T13:56:21Z" user="Weisshorn" uid="10278885" lat="-12.2093333" lon="-38.9767993"/>
 <node id="4953165406" visible="true" version="2" changeset="81315561" timestamp="2020-02-21T11:39:03Z" user="Weisshorn" uid="10278885" lat="-12.2076909" lon="-38.9729597"/>
 <node id="4953165407" visible="true" version="2" changeset="73135691" timestamp="2019-08-08T05:08:10Z" user="patodiez" uid="1856060" lat="-12.2092670" lon="-38.9754292"/>
 <node id="4953165408" visible="true" version="2" changeset="81315561" timestamp="2020-02-21T11:39:03Z" user="Weisshorn" uid="10278885" lat="-12.2081366" lon="-38.9725506"/>
 <node id="4953165409" visible="true" version="3" changeset="81320488" timestamp="2020-02-21T13:56:21Z" user="Weisshorn" uid="10278885" lat="-12.2093873" lon="-38.9744643"/>
 <node id="4953165410" visible="true" version="2" changeset="81320488" timestamp="2020-02-21T13:56:21Z" user="Weisshorn" uid="10278885" lat="-12.2077617" lon="-38.9741881"/>
 <node id="4953165411" visible="true" version="2" changeset="81320488" timestamp="2020-02-21T13:56:21Z" user="Weisshorn" uid="10278885" lat="-12.2082493" lon="-38.9738354"/>
 <node id="4953165412" visible="true" version="2" changeset="81320488" timestamp="2020-02-21T13:56:21Z" user="Weisshorn" uid="10278885" lat="-12.2087277" lon="-38.9734542"/>
 <node id="4953165413" visible="true" version="2" changeset="81315561" timestamp="2020-02-21T11:39:03Z" user="Weisshorn" uid="10278885" lat="-12.2084145" lon="-38.9722167"/>
 <node id="4953165414" visible="true" version="4" changeset="132874336" timestamp="2023-02-22T11:17:08Z" user="LaurentianPlateau" uid="15994207" lat="-12.2056841" lon="-38.9753750"/>
 <node id="4953165415" visible="true" version="2" changeset="81317318" timestamp="2020-02-21T12:31:35Z" user="Weisshorn" uid="10278885" lat="-12.2052162" lon="-38.9750451"/>
 <node id="4953165416" visible="true" version="3" changeset="81315561" timestamp="2020-02-21T11:39:03Z" user="Weisshorn" uid="10278885" lat="-12.2069818" lon="-38.9738502"/>
 <node id="4953165417" visible="true" version="3" changeset="81315561" timestamp="2020-02-21T11:39:03Z" user="Weisshorn" uid="10278885" lat="-12.2061180" lon="-38.9732239"/>
 <node id="4953165418" visible="true" version="3" changeset="81317318" timestamp="2020-02-21T12:31:35Z" user="Weisshorn" uid="10278885" lat="-12.2051729" lon="-38.9665800"/>
 <node id="4953165419" visible="true" version="3" changeset="81317318" timestamp="2020-02-21T12:31:35Z" user="Weisshorn" uid="10278885" lat="-12.2051716" lon="-38.9659604"/>
 <node id="4953165420" visible="true" version="2" changeset="81317318" timestamp="2020-02-21T12:31:35Z" user="Weisshorn" uid="10278885" lat="-12.2075598" lon="-38.9681129"/>
 <node id="4953907071" visible="true" version="1" changeset="50073079" timestamp="2017-07-06T03:25:56Z" user="patodiez" uid="1856060" lat="-12.2092421" lon="-38.9635356"/>
 <node id="4953907072" visible="true" version="1" changeset="50073079" timestamp="2017-07-06T03:25:56Z" user="patodiez" uid="1856060" lat="-12.2094396" lon="-38.9641990"/>
 <node id="4953907073" visible="true" version="2" changeset="81320488" timestamp="2020-02-21T13:56:21Z" user="Weisshorn" uid="10278885" lat="-12.2100230" lon="-38.9640027"/>
 <node id="4953907074" visible="true" version="1" changeset="50073079" timestamp="2017-07-06T03:25:56Z" user="patodiez" uid="1856060" lat="-12.2093051" lon="-38.9637471"/>
 <node id="4953907075" visible="true" version="2" changeset="81320488" timestamp="2020-02-21T13:56:21Z" user="Weisshorn" uid="10278885" lat="-12.2098314" lon="-38.9635558"/>
 <node id="4953935102" visible="true" version="3" changeset="137274041" timestamp="2023-06-13T08:04:06Z" user="Solheimajokull" uid="10334725" lat="-12.2003399" lon="-38.9610386"/>
 <node id="5258662106" visible="true" version="5" changeset="81322467" timestamp="2020-02-21T14:51:41Z" user="Weisshorn" uid="10278885" lat="-12.2001106" lon="-38.9684750"/>
 <node id="5258662107" visible="true" version="4" changeset="81322467" timestamp="2020-02-21T14:51:41Z" user="Weisshorn" uid="10278885" lat="-12.2005497" lon="-38.9683315"/>
 <node id="5258662108" visible="true" version="6" changeset="81322467" timestamp="2020-02-21T14:51:41Z" user="Weisshorn" uid="10278885" lat="-12.2013021" lon="-38.9706865"/>
 <node id="5258662109" visible="true" version="2" changeset="71037626" timestamp="2019-06-07T20:37:12Z" user="teixeirista" uid="10061199" lat="-12.2023413" lon="-38.9740140"/>
 <node id="5258662110" visible="true" version="2" changeset="71037626" timestamp="2019-06-07T20:37:12Z" user="teixeirista" uid="10061199" lat="-12.2022510" lon="-38.9743902"/>
 <node id="5258662111" visible="true" version="3" changeset="81322467" timestamp="2020-02-21T14:51:41Z" user="Weisshorn" uid="10278885" lat="-12.2021607" lon="-38.9744577"/>
 <node id="5258662112" visible="true" version="3" changeset="81324116" timestamp="2020-02-21T15:46:56Z" user="Weisshorn" uid="10278885" lat="-12.2012667" lon="-38.9757376"/>
 <node id="6259043418" visible="true" version="2" changeset="80987263" timestamp="2020-02-14T05:08:02Z" user="LavenderBay" uid="10409666" lat="-12.2219281" lon="-38.9676228"/>
 <node id="6259081028" visible="true" version="2" changeset="81317318" timestamp="2020-02-21T12:31:35Z" user="Weisshorn" uid="10278885" lat="-12.2055779" lon="-38.9659604"/>
 <node id="6259081029" visible="true" version="2" changeset="81317318" timestamp="2020-02-21T12:31:35Z" user="Weisshorn" uid="10278885" lat="-12.2055776" lon="-38.9665908"/>
 <node id="6260954034" visible="true" version="5" changeset="138169001" timestamp="2023-07-06T02:52:11Z" user="LaurentianPlateau" uid="15994207" lat="-12.2003866" lon="-38.9617163"/>
 <node id="6260963944" visible="true" version="5" changeset="138169001" timestamp="2023-07-06T02:52:11Z" user="LaurentianPlateau" uid="15994207" lat="-12.2000365" lon="-38.9636842"/>
 <node id="6260963946" visible="true" version="5" changeset="138169001" timestamp="2023-07-06T02:52:11Z" user="LaurentianPlateau" uid="15994207" lat="-12.2001628" lon="-38.9630190"/>
 <node id="6379811866" visible="true" version="2" changeset="71041203" timestamp="2019-06-08T00:15:20Z" user="teixeirista" uid="10061199" lat="-12.2027994" lon="-38.9690879"/>
 <node id="6379811867" visible="true" version="2" changeset="71041203" timestamp="2019-06-08T00:15:20Z" user="teixeirista" uid="10061199" lat="-12.2026639" lon="-38.9685334"/>
 <node id="6379811868" visible="true" version="2" changeset="71041203" timestamp="2019-06-08T00:15:20Z" user="teixeirista" uid="10061199" lat="-12.2029699" lon="-38.9684551"/>
 <node id="6379811869" visible="true" version="2" changeset="71041203" timestamp="2019-06-08T00:15:20Z" user="teixeirista" uid="10061199" lat="-12.2031055" lon="-38.9690096"/>
 <node id="6379816751" visible="true" version="2" changeset="71055352" timestamp="2019-06-08T17:13:59Z" user="teixeirista" uid="10061199" lat="-12.2007518" lon="-38.9662005"/>
 <node id="6379816752" visible="true" version="2" changeset="71055352" timestamp="2019-06-08T17:13:59Z" user="teixeirista" uid="10061199" lat="-12.2007548" lon="-38.9660002"/>
 <node id="6379816753" visible="true" version="2" changeset="71055352" timestamp="2019-06-08T17:13:59Z" user="teixeirista" uid="10061199" lat="-12.2011921" lon="-38.9660072"/>
 <node id="6379816754" visible="true" version="2" changeset="71055352" timestamp="2019-06-08T17:13:59Z" user="teixeirista" uid="10061199" lat="-12.2011908" lon="-38.9660918"/>
 <node id="6379816755" visible="true" version="2" changeset="71055352" timestamp="2019-06-08T17:13:59Z" user="teixeirista" uid="10061199" lat="-12.2010621" lon="-38.9660898"/>
 <node id="6379816756" visible="true" version="2" changeset="71055352" timestamp="2019-06-08T17:13:59Z" user="teixeirista" uid="10061199" lat="-12.2010603" lon="-38.9662060"/>
 <node id="6379927124" visible="true" version="3" changeset="88398692" timestamp="2020-07-23T10:51:42Z" user="Metuje" uid="10888604" lat="-12.2004730" lon="-38.9657197"/>
 <node id="6379927126" visible="true" version="5" changeset="119923933" timestamp="2022-04-19T20:09:28Z" user="ProjetoMapeia" uid="11455881" lat="-12.1955227" lon="-38.9656660"/>
 <node id="6379927127" visible="true" version="5" changeset="119923933" timestamp="2022-04-19T20:09:28Z" user="ProjetoMapeia" uid="11455881" lat="-12.1951832" lon="-38.9688800"/>
 <node id="6379927128" visible="true" version="5" changeset="123204388" timestamp="2022-07-04T19:06:35Z" user="AjBelnuovo" uid="1799626" lat="-12.1956115" lon="-38.9690207"/>
 <node id="6379927129" visible="true" version="5" changeset="123204388" timestamp="2022-07-04T19:06:35Z" user="AjBelnuovo" uid="1799626" lat="-12.1958832" lon="-38.9694298"/>
 <node id="6379927130" visible="true" version="5" changeset="123204388" timestamp="2022-07-04T19:06:35Z" user="AjBelnuovo" uid="1799626" lat="-12.1958371" lon="-38.9696816"/>
 <node id="6379927131" visible="true" version="5" changeset="123204388" timestamp="2022-07-04T19:06:35Z" user="AjBelnuovo" uid="1799626" lat="-12.1957122" lon="-38.9698849"/>
 <node id="6379927132" visible="true" version="5" changeset="123204388" timestamp="2022-07-04T19:06:35Z" user="AjBelnuovo" uid="1799626" lat="-12.1956208" lon="-38.9702365"/>
 <node id="6379927133" visible="true" version="5" changeset="123204388" timestamp="2022-07-04T19:06:35Z" user="AjBelnuovo" uid="1799626" lat="-12.1957250" lon="-38.9707139"/>
 <node id="6379927134" visible="true" version="1" changeset="68819386" timestamp="2019-04-03T01:55:23Z" user="Laercio Rios" uid="9591274" lat="-12.1958254" lon="-38.9708897"/>
 <node id="6379927135" visible="true" version="3" changeset="89631779" timestamp="2020-08-19T11:43:55Z" user="Metuje" uid="10888604" lat="-12.1960149" lon="-38.9710955"/>
 <node id="6379927136" visible="true" version="2" changeset="71080243" timestamp="2019-06-09T20:13:40Z" user="teixeirista" uid="10061199" lat="-12.1956822" lon="-38.9715302"/>
 <node id="6379927137" visible="true" version="4" changeset="104529492" timestamp="2021-05-11T18:27:35Z" user="user_10280027" uid="10280027" lat="-12.1946667" lon="-38.9762830"/>
 <node id="6379927138" visible="true" version="3" changeset="89631779" timestamp="2020-08-19T11:43:55Z" user="Metuje" uid="10888604" lat="-12.1957652" lon="-38.9719149"/>
 <node id="6379927139" visible="true" version="4" changeset="89631779" timestamp="2020-08-19T11:43:55Z" user="Metuje" uid="10888604" lat="-12.1958438" lon="-38.9723656"/>
 <node id="6379927140" visible="true" version="3" changeset="88398692" timestamp="2020-07-23T10:51:42Z" user="Metuje" uid="10888604" lat="-12.1955738" lon="-38.9734921"/>
 <node id="6379927141" visible="true" version="4" changeset="89631779" timestamp="2020-08-19T11:43:55Z" user="Metuje" uid="10888604" lat="-12.1947847" lon="-38.9740902"/>
 <node id="6379953799" visible="true" version="2" changeset="71055352" timestamp="2019-06-08T17:13:59Z" user="teixeirista" uid="10061199" lat="-12.2019276" lon="-38.9667670"/>
 <node id="6379953800" visible="true" version="2" changeset="71055352" timestamp="2019-06-08T17:13:59Z" user="teixeirista" uid="10061199" lat="-12.2018387" lon="-38.9661501"/>
 <node id="6379953801" visible="true" version="2" changeset="71055352" timestamp="2019-06-08T17:13:59Z" user="teixeirista" uid="10061199" lat="-12.2020627" lon="-38.9661163"/>
 <node id="6379953802" visible="true" version="2" changeset="71055352" timestamp="2019-06-08T17:13:59Z" user="teixeirista" uid="10061199" lat="-12.2020876" lon="-38.9662887"/>
 <node id="6379953803" visible="true" version="2" changeset="71055352" timestamp="2019-06-08T17:13:59Z" user="teixeirista" uid="10061199" lat="-12.2022613" lon="-38.9662625"/>
 <node id="6379953804" visible="true" version="2" changeset="71055352" timestamp="2019-06-08T17:13:59Z" user="teixeirista" uid="10061199" lat="-12.2022807" lon="-38.9663966"/>
 <node id="6379953805" visible="true" version="2" changeset="71055352" timestamp="2019-06-08T17:13:59Z" user="teixeirista" uid="10061199" lat="-12.2021484" lon="-38.9664165"/>
 <node id="6379953806" visible="true" version="2" changeset="71055352" timestamp="2019-06-08T17:13:59Z" user="teixeirista" uid="10061199" lat="-12.2021932" lon="-38.9667269"/>
 <node id="6379953807" visible="true" version="2" changeset="71384006" timestamp="2019-06-19T01:18:38Z" user="teixeirista" uid="10061199" lat="-12.2020574" lon="-38.9743639"/>
 <node id="6379953808" visible="true" version="3" changeset="81322467" timestamp="2020-02-21T14:51:41Z" user="Weisshorn" uid="10278885" lat="-12.2020938" lon="-38.9744952"/>
 <node id="6379953817" visible="true" version="4" changeset="77949218" timestamp="2019-12-04T15:36:59Z" user="peoMoreira" uid="10524392" lat="-12.1999256" lon="-38.9713132"/>
 <node id="6379953820" visible="true" version="2" changeset="71041203" timestamp="2019-06-08T00:15:20Z" user="teixeirista" uid="10061199" lat="-12.2015851" lon="-38.9754560"/>
 <node id="6379953822" visible="true" version="2" changeset="71041203" timestamp="2019-06-08T00:15:20Z" user="teixeirista" uid="10061199" lat="-12.2018712" lon="-38.9754606"/>
 <node id="6379953823" visible="true" version="2" changeset="71041203" timestamp="2019-06-08T00:15:20Z" user="teixeirista" uid="10061199" lat="-12.2016943" lon="-38.9755322"/>
 <node id="6379953824" visible="true" version="2" changeset="143990292" timestamp="2023-11-13T23:50:30Z" user="Bruno Manoel Lôbo Soares" uid="14154920" lat="-12.2077039" lon="-38.9676128"/>
 <node id="6379953825" visible="true" version="2" changeset="143990292" timestamp="2023-11-13T23:50:30Z" user="Bruno Manoel Lôbo Soares" uid="14154920" lat="-12.2076979" lon="-38.9670535"/>
 <node id="6379953826" visible="true" version="2" changeset="143990292" timestamp="2023-11-13T23:50:30Z" user="Bruno Manoel Lôbo Soares" uid="14154920" lat="-12.2080824" lon="-38.9670492"/>
 <node id="6379953827" visible="true" version="2" changeset="143990292" timestamp="2023-11-13T23:50:30Z" user="Bruno Manoel Lôbo Soares" uid="14154920" lat="-12.2080883" lon="-38.9676086"/>
 <node id="6397352655" visible="true" version="2" changeset="71161292" timestamp="2019-06-12T00:59:22Z" user="Laercio Rios" uid="9591274" lat="-12.2050505" lon="-38.9708298"/>
 <node id="6397352656" visible="true" version="2" changeset="71161292" timestamp="2019-06-12T00:59:22Z" user="Laercio Rios" uid="9591274" lat="-12.2051298" lon="-38.9708292"/>
 <node id="6397352657" visible="true" version="2" changeset="71161292" timestamp="2019-06-12T00:59:22Z" user="Laercio Rios" uid="9591274" lat="-12.2051232" lon="-38.9706099"/>
 <node id="6397352658" visible="true" version="2" changeset="71161292" timestamp="2019-06-12T00:59:22Z" user="Laercio Rios" uid="9591274" lat="-12.2049719" lon="-38.9706059"/>
 <node id="6420998507" visible="true" version="2" changeset="81322467" timestamp="2020-02-21T14:51:41Z" user="Weisshorn" uid="10278885" lat="-12.1988497" lon="-38.9699381"/>
 <node id="6501091426" visible="true" version="5" changeset="138169001" timestamp="2023-07-06T02:52:11Z" user="LaurentianPlateau" uid="15994207" lat="-12.2002742" lon="-38.9623535"/>
 <node id="6532819001" visible="true" version="1" changeset="71037626" timestamp="2019-06-07T20:37:12Z" user="teixeirista" uid="10061199" lat="-12.2020905" lon="-38.9720399">
  <tag k="artwork_type" v="bust"/>
  <tag k="material" v="metal"/>
  <tag k="name" v="Busto de Julieta Carteado"/>
  <tag k="tourism" v="artwork"/>
 </node>
 <node id="6532819002" visible="true" version="2" changeset="71055352" timestamp="2019-06-08T17:13:59Z" user="teixeirista" uid="10061199" lat="-12.2024966" lon="-38.9722459"/>
 <node id="6532819003" visible="true" version="2" changeset="71055352" timestamp="2019-06-08T17:13:59Z" user="teixeirista" uid="10061199" lat="-12.2024679" lon="-38.9721478"/>
 <node id="6532819004" visible="true" version="2" changeset="71055352" timestamp="2019-06-08T17:13:59Z" user="teixeirista" uid="10061199" lat="-12.2023893" lon="-38.9722788"/>
 <node id="6532819005" visible="true" version="2" changeset="71055352" timestamp="2019-06-08T17:13:59Z" user="teixeirista" uid="10061199" lat="-12.2023768" lon="-38.9722361"/>
 <node id="6532819006" visible="true" version="2" changeset="71055352" timestamp="2019-06-08T17:13:59Z" user="teixeirista" uid="10061199" lat="-12.2021251" lon="-38.9721381"/>
 <node id="6532819007" visible="true" version="2" changeset="71055352" timestamp="2019-06-08T17:13:59Z" user="teixeirista" uid="10061199" lat="-12.2020521" lon="-38.9721605"/>
 <node id="6532819008" visible="true" version="2" changeset="71055352" timestamp="2019-06-08T17:13:59Z" user="teixeirista" uid="10061199" lat="-12.2020109" lon="-38.9720200"/>
 <node id="6532819009" visible="true" version="2" changeset="71055352" timestamp="2019-06-08T17:13:59Z" user="teixeirista" uid="10061199" lat="-12.2020688" lon="-38.9720023"/>
 <node id="6532819010" visible="true" version="2" changeset="71055352" timestamp="2019-06-08T17:13:59Z" user="teixeirista" uid="10061199" lat="-12.2022185" lon="-38.9718129"/>
 <node id="6532819011" visible="true" version="2" changeset="71055352" timestamp="2019-06-08T17:13:59Z" user="teixeirista" uid="10061199" lat="-12.2021940" lon="-38.9717295"/>
 <node id="6532819012" visible="true" version="2" changeset="71055352" timestamp="2019-06-08T17:13:59Z" user="teixeirista" uid="10061199" lat="-12.2022327" lon="-38.9717176"/>
 <node id="6532819013" visible="true" version="2" changeset="71055352" timestamp="2019-06-08T17:13:59Z" user="teixeirista" uid="10061199" lat="-12.2022543" lon="-38.9717914"/>
 <node id="6532819014" visible="true" version="2" changeset="71055352" timestamp="2019-06-08T17:13:59Z" user="teixeirista" uid="10061199" lat="-12.2023200" lon="-38.9717712"/>
 <node id="6532819015" visible="true" version="2" changeset="71055352" timestamp="2019-06-08T17:13:59Z" user="teixeirista" uid="10061199" lat="-12.2023110" lon="-38.9717403"/>
 <node id="6532819016" visible="true" version="2" changeset="71055352" timestamp="2019-06-08T17:13:59Z" user="teixeirista" uid="10061199" lat="-12.2026055" lon="-38.9718262"/>
 <node id="6532819017" visible="true" version="2" changeset="71055352" timestamp="2019-06-08T17:13:59Z" user="teixeirista" uid="10061199" lat="-12.2026371" lon="-38.9718165"/>
 <node id="6532819019" visible="true" version="4" changeset="71741665" timestamp="2019-06-29T18:42:44Z" user="teixeirista" uid="10061199" lat="-12.2017746" lon="-38.9746599"/>
 <node id="6532819020" visible="true" version="3" changeset="81324116" timestamp="2020-02-21T15:46:56Z" user="Weisshorn" uid="10278885" lat="-12.2020689" lon="-38.9746666"/>
 <node id="6532819021" visible="true" version="3" changeset="81324116" timestamp="2020-02-21T15:46:56Z" user="Weisshorn" uid="10278885" lat="-12.2021028" lon="-38.9749714"/>
 <node id="6532819022" visible="true" version="2" changeset="81322467" timestamp="2020-02-21T14:51:41Z" user="Weisshorn" uid="10278885" lat="-12.2023475" lon="-38.9742042"/>
 <node id="6532819023" visible="true" version="1" changeset="71037626" timestamp="2019-06-07T20:37:12Z" user="teixeirista" uid="10061199" lat="-12.2023451" lon="-38.9712657"/>
 <node id="6532819024" visible="true" version="1" changeset="71037626" timestamp="2019-06-07T20:37:12Z" user="teixeirista" uid="10061199" lat="-12.2023759" lon="-38.9710064"/>
 <node id="6532819025" visible="true" version="1" changeset="71037626" timestamp="2019-06-07T20:37:12Z" user="teixeirista" uid="10061199" lat="-12.2024266" lon="-38.9708954"/>
 <node id="6532819026" visible="true" version="1" changeset="71037626" timestamp="2019-06-07T20:37:12Z" user="teixeirista" uid="10061199" lat="-12.2023366" lon="-38.9708497"/>
 <node id="6532819027" visible="true" version="1" changeset="71037626" timestamp="2019-06-07T20:37:12Z" user="teixeirista" uid="10061199" lat="-12.2019350" lon="-38.9707934"/>
 <node id="6532819028" visible="true" version="2" changeset="71055352" timestamp="2019-06-08T17:13:59Z" user="teixeirista" uid="10061199" lat="-12.2021235" lon="-38.9708797"/>
 <node id="6532819029" visible="true" version="1" changeset="71037626" timestamp="2019-06-07T20:37:12Z" user="teixeirista" uid="10061199" lat="-12.2021066" lon="-38.9713132"/>
 <node id="6532819030" visible="true" version="1" changeset="71037626" timestamp="2019-06-07T20:37:12Z" user="teixeirista" uid="10061199" lat="-12.2022034" lon="-38.9711217"/>
 <node id="6532819031" visible="true" version="2" changeset="71055352" timestamp="2019-06-08T17:13:59Z" user="teixeirista" uid="10061199" lat="-12.2021193" lon="-38.9710157"/>
 <node id="6532819032" visible="true" version="2" changeset="71055352" timestamp="2019-06-08T17:13:59Z" user="teixeirista" uid="10061199" lat="-12.2021152" lon="-38.9709536"/>
 <node id="6532819033" visible="true" version="1" changeset="71037626" timestamp="2019-06-07T20:37:12Z" user="teixeirista" uid="10061199" lat="-12.2011171" lon="-38.9683824"/>
 <node id="6532819034" visible="true" version="1" changeset="71037626" timestamp="2019-06-07T20:37:12Z" user="teixeirista" uid="10061199" lat="-12.2010544" lon="-38.9684085"/>
 <node id="6532819035" visible="true" version="1" changeset="71037626" timestamp="2019-06-07T20:37:12Z" user="teixeirista" uid="10061199" lat="-12.2010969" lon="-38.9685419"/>
 <node id="6532819036" visible="true" version="1" changeset="71037626" timestamp="2019-06-07T20:37:12Z" user="teixeirista" uid="10061199" lat="-12.2011521" lon="-38.9685278"/>
 <node id="6532903506" visible="true" version="1" changeset="71039034" timestamp="2019-06-07T21:38:31Z" user="teixeirista" uid="10061199" lat="-12.2011348" lon="-38.9721164"/>
 <node id="6532903507" visible="true" version="2" changeset="71384006" timestamp="2019-06-19T01:18:38Z" user="teixeirista" uid="10061199" lat="-12.2013361" lon="-38.9720542"/>
 <node id="6532903508" visible="true" version="1" changeset="71039034" timestamp="2019-06-07T21:38:31Z" user="teixeirista" uid="10061199" lat="-12.2012439" lon="-38.9720827">
  <tag k="crossing" v="marked"/>
  <tag k="highway" v="crossing"/>
 </node>
 <node id="6532903509" visible="true" version="1" changeset="71039034" timestamp="2019-06-07T21:38:31Z" user="teixeirista" uid="10061199" lat="-12.2014009" lon="-38.9729687"/>
 <node id="6532903510" visible="true" version="2" changeset="71384006" timestamp="2019-06-19T01:18:38Z" user="teixeirista" uid="10061199" lat="-12.2016030" lon="-38.9729002"/>
 <node id="6532903511" visible="true" version="1" changeset="71039034" timestamp="2019-06-07T21:38:31Z" user="teixeirista" uid="10061199" lat="-12.2015092" lon="-38.9729320">
  <tag k="crossing" v="marked"/>
  <tag k="highway" v="crossing"/>
 </node>
 <node id="6532903512" visible="true" version="1" changeset="71039034" timestamp="2019-06-07T21:38:31Z" user="teixeirista" uid="10061199" lat="-12.2007932" lon="-38.9710403"/>
 <node id="6532903513" visible="true" version="3" changeset="71384006" timestamp="2019-06-19T01:18:38Z" user="teixeirista" uid="10061199" lat="-12.2009939" lon="-38.9709695"/>
 <node id="6532903514" visible="true" version="1" changeset="71039034" timestamp="2019-06-07T21:38:31Z" user="teixeirista" uid="10061199" lat="-12.2009059" lon="-38.9710007">
  <tag k="crossing" v="marked"/>
  <tag k="highway" v="crossing"/>
 </node>
 <node id="6532903515" visible="true" version="2" changeset="71383742" timestamp="2019-06-19T00:58:59Z" user="teixeirista" uid="10061199" lat="-12.1999676" lon="-38.9717056"/>
 <node id="6532903516" visible="true" version="2" changeset="71383742" timestamp="2019-06-19T00:58:59Z" user="teixeirista" uid="10061199" lat="-12.2001443" lon="-38.9716492"/>
 <node id="6532903517" visible="true" version="2" changeset="71383742" timestamp="2019-06-19T00:58:59Z" user="teixeirista" uid="10061199" lat="-12.2000315" lon="-38.9712799"/>
 <node id="6532903518" visible="true" version="2" changeset="71383742" timestamp="2019-06-19T00:58:59Z" user="teixeirista" uid="10061199" lat="-12.1998547" lon="-38.9713355"/>
 <node id="6532903535" visible="true" version="1" changeset="71039034" timestamp="2019-06-07T21:38:31Z" user="teixeirista" uid="10061199" lat="-12.2002444" lon="-38.9708385"/>
 <node id="6532903537" visible="true" version="3" changeset="71383742" timestamp="2019-06-19T00:58:59Z" user="teixeirista" uid="10061199" lat="-12.2001987" lon="-38.9712950"/>
 <node id="6532903538" visible="true" version="3" changeset="71383742" timestamp="2019-06-19T00:58:59Z" user="teixeirista" uid="10061199" lat="-12.2003726" lon="-38.9712401"/>
 <node id="6532903539" visible="true" version="3" changeset="71383742" timestamp="2019-06-19T00:58:59Z" user="teixeirista" uid="10061199" lat="-12.2003540" lon="-38.9711785"/>
 <node id="6532903540" visible="true" version="3" changeset="71383742" timestamp="2019-06-19T00:58:59Z" user="teixeirista" uid="10061199" lat="-12.2001800" lon="-38.9712332"/>
 <node id="6532903546" visible="true" version="3" changeset="71383742" timestamp="2019-06-19T00:58:59Z" user="teixeirista" uid="10061199" lat="-12.2006516" lon="-38.9710828"/>
 <node id="6532903547" visible="true" version="3" changeset="71383742" timestamp="2019-06-19T00:58:59Z" user="teixeirista" uid="10061199" lat="-12.2005770" lon="-38.9708398"/>
 <node id="6532903548" visible="true" version="3" changeset="71383742" timestamp="2019-06-19T00:58:59Z" user="teixeirista" uid="10061199" lat="-12.2003779" lon="-38.9709037"/>
 <node id="6532903549" visible="true" version="3" changeset="71383742" timestamp="2019-06-19T00:58:59Z" user="teixeirista" uid="10061199" lat="-12.2004525" lon="-38.9711468"/>
 <node id="6532903554" visible="true" version="2" changeset="71080243" timestamp="2019-06-09T20:13:40Z" user="teixeirista" uid="10061199" lat="-12.1996392" lon="-38.9714033">
  <tag k="entrance" v="yes"/>
 </node>
 <node id="6532903555" visible="true" version="1" changeset="71039034" timestamp="2019-06-07T21:38:31Z" user="teixeirista" uid="10061199" lat="-12.1993704" lon="-38.9715155">
  <tag k="crossing" v="marked"/>
  <tag k="highway" v="crossing"/>
 </node>
 <node id="6532933583" visible="true" version="1" changeset="71040134" timestamp="2019-06-07T22:41:54Z" user="teixeirista" uid="10061199" lat="-12.2005205" lon="-38.9701731"/>
 <node id="6532933584" visible="true" version="2" changeset="71040630" timestamp="2019-06-07T23:17:33Z" user="teixeirista" uid="10061199" lat="-12.2007248" lon="-38.9701166"/>
 <node id="6532994685" visible="true" version="1" changeset="71040134" timestamp="2019-06-07T22:41:54Z" user="teixeirista" uid="10061199" lat="-12.2006375" lon="-38.9701414">
  <tag k="crossing" v="marked"/>
  <tag k="highway" v="crossing"/>
 </node>
 <node id="6532994686" visible="true" version="2" changeset="71383742" timestamp="2019-06-19T00:58:59Z" user="teixeirista" uid="10061199" lat="-12.2001779" lon="-38.9703768"/>
 <node id="6532994687" visible="true" version="2" changeset="71383742" timestamp="2019-06-19T00:58:59Z" user="teixeirista" uid="10061199" lat="-12.2003930" lon="-38.9703076"/>
 <node id="6532994688" visible="true" version="2" changeset="71383742" timestamp="2019-06-19T00:58:59Z" user="teixeirista" uid="10061199" lat="-12.2003396" lon="-38.9701162"/>
 <node id="6532994689" visible="true" version="2" changeset="71383742" timestamp="2019-06-19T00:58:59Z" user="teixeirista" uid="10061199" lat="-12.2001203" lon="-38.9701893"/>
 <node id="6532994692" visible="true" version="2" changeset="71080243" timestamp="2019-06-09T20:13:40Z" user="teixeirista" uid="10061199" lat="-12.1999425" lon="-38.9698713"/>
 <node id="6532994696" visible="true" version="2" changeset="71383742" timestamp="2019-06-19T00:58:59Z" user="teixeirista" uid="10061199" lat="-12.1997310" lon="-38.9703192"/>
 <node id="6532994697" visible="true" version="2" changeset="71383742" timestamp="2019-06-19T00:58:59Z" user="teixeirista" uid="10061199" lat="-12.1995514" lon="-38.9703791"/>
 <node id="6532994710" visible="true" version="2" changeset="71080243" timestamp="2019-06-09T20:13:40Z" user="teixeirista" uid="10061199" lat="-12.1993435" lon="-38.9704484">
  <tag k="entrance" v="yes"/>
 </node>
 <node id="6532994713" visible="true" version="1" changeset="71040134" timestamp="2019-06-07T22:41:54Z" user="teixeirista" uid="10061199" lat="-12.2004863" lon="-38.9700673"/>
 <node id="6532994735" visible="true" version="1" changeset="71040134" timestamp="2019-06-07T22:41:54Z" user="teixeirista" uid="10061199" lat="-12.2020035" lon="-38.9748428"/>
 <node id="6533024481" visible="true" version="2" changeset="71080243" timestamp="2019-06-09T20:13:40Z" user="teixeirista" uid="10061199" lat="-12.2019359" lon="-38.9739553"/>
 <node id="6533024482" visible="true" version="2" changeset="71383742" timestamp="2019-06-19T00:58:59Z" user="teixeirista" uid="10061199" lat="-12.1998920" lon="-38.9693981"/>
 <node id="6533024483" visible="true" version="2" changeset="71383742" timestamp="2019-06-19T00:58:59Z" user="teixeirista" uid="10061199" lat="-12.1999850" lon="-38.9693725"/>
 <node id="6533027887" visible="true" version="2" changeset="71383742" timestamp="2019-06-19T00:58:59Z" user="teixeirista" uid="10061199" lat="-12.2000943" lon="-38.9693418"/>
 <node id="6533027888" visible="true" version="2" changeset="71383742" timestamp="2019-06-19T00:58:59Z" user="teixeirista" uid="10061199" lat="-12.2000369" lon="-38.9691579"/>
 <node id="6533027891" visible="true" version="3" changeset="71383742" timestamp="2019-06-19T00:58:59Z" user="teixeirista" uid="10061199" lat="-12.1997717" lon="-38.9693261"/>
 <node id="6533027892" visible="true" version="3" changeset="71383742" timestamp="2019-06-19T00:58:59Z" user="teixeirista" uid="10061199" lat="-12.1997498" lon="-38.9692525"/>
 <node id="6533027906" visible="true" version="3" changeset="81322467" timestamp="2020-02-21T14:51:41Z" user="Weisshorn" uid="10278885" lat="-12.2000516" lon="-38.9686628"/>
 <node id="6533027909" visible="true" version="1" changeset="71040630" timestamp="2019-06-07T23:17:33Z" user="teixeirista" uid="10061199" lat="-12.2001894" lon="-38.9691076"/>
 <node id="6533027910" visible="true" version="2" changeset="71384006" timestamp="2019-06-19T01:18:38Z" user="teixeirista" uid="10061199" lat="-12.2003779" lon="-38.9690403"/>
 <node id="6533027911" visible="true" version="1" changeset="71040630" timestamp="2019-06-07T23:17:33Z" user="teixeirista" uid="10061199" lat="-12.2003020" lon="-38.9690675">
  <tag k="crossing" v="marked"/>
  <tag k="highway" v="crossing"/>
 </node>
 <node id="6533027913" visible="true" version="3" changeset="81322467" timestamp="2020-02-21T14:51:41Z" user="Weisshorn" uid="10278885" lat="-12.2001840" lon="-38.9684495"/>
 <node id="6533027915" visible="true" version="1" changeset="71040630" timestamp="2019-06-07T23:17:33Z" user="teixeirista" uid="10061199" lat="-12.2023959" lon="-38.9731030"/>
 <node id="6533027916" visible="true" version="1" changeset="71040630" timestamp="2019-06-07T23:17:33Z" user="teixeirista" uid="10061199" lat="-12.2026498" lon="-38.9730194"/>
 <node id="6533027917" visible="true" version="1" changeset="71040630" timestamp="2019-06-07T23:17:33Z" user="teixeirista" uid="10061199" lat="-12.2026066" lon="-38.9728820"/>
 <node id="6533027918" visible="true" version="1" changeset="71040630" timestamp="2019-06-07T23:17:33Z" user="teixeirista" uid="10061199" lat="-12.2023527" lon="-38.9729655"/>
 <node id="6533128593" visible="true" version="3" changeset="71741665" timestamp="2019-06-29T18:42:44Z" user="teixeirista" uid="10061199" lat="-12.2013625" lon="-38.9740259"/>
 <node id="6533128595" visible="true" version="2" changeset="71741665" timestamp="2019-06-29T18:42:44Z" user="teixeirista" uid="10061199" lat="-12.2017285" lon="-38.9751385"/>
 <node id="6533128596" visible="true" version="1" changeset="71041203" timestamp="2019-06-08T00:15:20Z" user="teixeirista" uid="10061199" lat="-12.2019106" lon="-38.9750749"/>
 <node id="6533128597" visible="true" version="2" changeset="71741665" timestamp="2019-06-29T18:42:44Z" user="teixeirista" uid="10061199" lat="-12.2018504" lon="-38.9748983"/>
 <node id="6533128599" visible="true" version="1" changeset="71041203" timestamp="2019-06-08T00:15:20Z" user="teixeirista" uid="10061199" lat="-12.2013775" lon="-38.9749963"/>
 <node id="6533128600" visible="true" version="1" changeset="71041203" timestamp="2019-06-08T00:15:20Z" user="teixeirista" uid="10061199" lat="-12.2015450" lon="-38.9749385"/>
 <node id="6533128601" visible="true" version="1" changeset="71041203" timestamp="2019-06-08T00:15:20Z" user="teixeirista" uid="10061199" lat="-12.2014550" lon="-38.9746657"/>
 <node id="6533128602" visible="true" version="1" changeset="71041203" timestamp="2019-06-08T00:15:20Z" user="teixeirista" uid="10061199" lat="-12.2012876" lon="-38.9747234"/>
 <node id="6533128603" visible="true" version="1" changeset="71041203" timestamp="2019-06-08T00:15:20Z" user="teixeirista" uid="10061199" lat="-12.2014154" lon="-38.9751217"/>
 <node id="6533128604" visible="true" version="1" changeset="71041203" timestamp="2019-06-08T00:15:20Z" user="teixeirista" uid="10061199" lat="-12.2015905" lon="-38.9750609"/>
 <node id="6533128605" visible="true" version="1" changeset="71041203" timestamp="2019-06-08T00:15:20Z" user="teixeirista" uid="10061199" lat="-12.2015628" lon="-38.9749773"/>
 <node id="6533128606" visible="true" version="1" changeset="71041203" timestamp="2019-06-08T00:15:20Z" user="teixeirista" uid="10061199" lat="-12.2013877" lon="-38.9750381"/>
 <node id="6533128607" visible="true" version="1" changeset="71041203" timestamp="2019-06-08T00:15:20Z" user="teixeirista" uid="10061199" lat="-12.2011786" lon="-38.9755320"/>
 <node id="6533128608" visible="true" version="1" changeset="71041203" timestamp="2019-06-08T00:15:20Z" user="teixeirista" uid="10061199" lat="-12.2013566" lon="-38.9754716"/>
 <node id="6533128609" visible="true" version="1" changeset="71041203" timestamp="2019-06-08T00:15:20Z" user="teixeirista" uid="10061199" lat="-12.2012536" lon="-38.9751544"/>
 <node id="6533128610" visible="true" version="1" changeset="71041203" timestamp="2019-06-08T00:15:20Z" user="teixeirista" uid="10061199" lat="-12.2010758" lon="-38.9752147"/>
 <node id="6533128611" visible="true" version="1" changeset="71041203" timestamp="2019-06-08T00:15:20Z" user="teixeirista" uid="10061199" lat="-12.2008990" lon="-38.9756631"/>
 <node id="6533128612" visible="true" version="1" changeset="71041203" timestamp="2019-06-08T00:15:20Z" user="teixeirista" uid="10061199" lat="-12.2010035" lon="-38.9756271"/>
 <node id="6533128613" visible="true" version="1" changeset="71041203" timestamp="2019-06-08T00:15:20Z" user="teixeirista" uid="10061199" lat="-12.2007605" lon="-38.9748892"/>
 <node id="6533128614" visible="true" version="1" changeset="71041203" timestamp="2019-06-08T00:15:20Z" user="teixeirista" uid="10061199" lat="-12.2006559" lon="-38.9749253"/>
 <node id="6533128615" visible="true" version="1" changeset="71041203" timestamp="2019-06-08T00:15:20Z" user="teixeirista" uid="10061199" lat="-12.2015744" lon="-38.9753066"/>
 <node id="6533128617" visible="true" version="2" changeset="71741665" timestamp="2019-06-29T18:42:44Z" user="teixeirista" uid="10061199" lat="-12.2019842" lon="-38.9751975"/>
 <node id="6533128618" visible="true" version="1" changeset="71041203" timestamp="2019-06-08T00:15:20Z" user="teixeirista" uid="10061199" lat="-12.2020019" lon="-38.9753398"/>
 <node id="6533128619" visible="true" version="2" changeset="71741665" timestamp="2019-06-29T18:42:44Z" user="teixeirista" uid="10061199" lat="-12.2020141" lon="-38.9752481"/>
 <node id="6533128620" visible="true" version="1" changeset="71041203" timestamp="2019-06-08T00:15:20Z" user="teixeirista" uid="10061199" lat="-12.2018949" lon="-38.9753799"/>
 <node id="6533128621" visible="true" version="1" changeset="71041203" timestamp="2019-06-08T00:15:20Z" user="teixeirista" uid="10061199" lat="-12.2019520" lon="-38.9753839"/>
 <node id="6533128633" visible="true" version="2" changeset="71383742" timestamp="2019-06-19T00:58:59Z" user="teixeirista" uid="10061199" lat="-12.2008468" lon="-38.9727752"/>
 <node id="6533128634" visible="true" version="2" changeset="71383742" timestamp="2019-06-19T00:58:59Z" user="teixeirista" uid="10061199" lat="-12.2006758" lon="-38.9728278"/>
 <node id="6533128635" visible="true" version="2" changeset="71383742" timestamp="2019-06-19T00:58:59Z" user="teixeirista" uid="10061199" lat="-12.2007768" lon="-38.9731716"/>
 <node id="6533128636" visible="true" version="2" changeset="71383742" timestamp="2019-06-19T00:58:59Z" user="teixeirista" uid="10061199" lat="-12.2009469" lon="-38.9731163"/>
 <node id="6533128637" visible="true" version="2" changeset="71383742" timestamp="2019-06-19T00:58:59Z" user="teixeirista" uid="10061199" lat="-12.2009823" lon="-38.9732349"/>
 <node id="6533128638" visible="true" version="2" changeset="71383742" timestamp="2019-06-19T00:58:59Z" user="teixeirista" uid="10061199" lat="-12.2008117" lon="-38.9732898"/>
 <node id="6533128639" visible="true" version="2" changeset="71383742" timestamp="2019-06-19T00:58:59Z" user="teixeirista" uid="10061199" lat="-12.2005694" lon="-38.9736459"/>
 <node id="6533128640" visible="true" version="2" changeset="71383742" timestamp="2019-06-19T00:58:59Z" user="teixeirista" uid="10061199" lat="-12.2007652" lon="-38.9735872"/>
 <node id="6533128641" visible="true" version="2" changeset="71383742" timestamp="2019-06-19T00:58:59Z" user="teixeirista" uid="10061199" lat="-12.2006572" lon="-38.9732105"/>
 <node id="6533128642" visible="true" version="2" changeset="71383742" timestamp="2019-06-19T00:58:59Z" user="teixeirista" uid="10061199" lat="-12.2004628" lon="-38.9732737"/>
 <node id="6533128643" visible="true" version="1" changeset="71041203" timestamp="2019-06-08T00:15:20Z" user="teixeirista" uid="10061199" lat="-12.2002671" lon="-38.9737797"/>
 <node id="6533128644" visible="true" version="1" changeset="71041203" timestamp="2019-06-08T00:15:20Z" user="teixeirista" uid="10061199" lat="-12.2003794" lon="-38.9737414"/>
 <node id="6533128645" visible="true" version="1" changeset="71041203" timestamp="2019-06-08T00:15:20Z" user="teixeirista" uid="10061199" lat="-12.2001341" lon="-38.9729882"/>
 <node id="6533128646" visible="true" version="1" changeset="71041203" timestamp="2019-06-08T00:15:20Z" user="teixeirista" uid="10061199" lat="-12.2000216" lon="-38.9730266"/>
 <node id="6533128648" visible="true" version="2" changeset="71080243" timestamp="2019-06-09T20:13:40Z" user="teixeirista" uid="10061199" lat="-12.2002497" lon="-38.9733430">
  <tag k="entrance" v="yes"/>
 </node>
 <node id="6533128649" visible="true" version="2" changeset="71080243" timestamp="2019-06-09T20:13:40Z" user="teixeirista" uid="10061199" lat="-12.2020416" lon="-38.9721248">
  <tag k="entrance" v="yes"/>
 </node>
 <node id="6533128650" visible="true" version="1" changeset="71041203" timestamp="2019-06-08T00:15:20Z" user="teixeirista" uid="10061199" lat="-12.2018096" lon="-38.9721951"/>
 <node id="6533128651" visible="true" version="1" changeset="71041203" timestamp="2019-06-08T00:15:20Z" user="teixeirista" uid="10061199" lat="-12.2016158" lon="-38.9715774"/>
 <node id="6533128652" visible="true" version="1" changeset="71041203" timestamp="2019-06-08T00:15:20Z" user="teixeirista" uid="10061199" lat="-12.2017889" lon="-38.9711810"/>
 <node id="6533128653" visible="true" version="1" changeset="71041203" timestamp="2019-06-08T00:15:20Z" user="teixeirista" uid="10061199" lat="-12.2019239" lon="-38.9712567"/>
 <node id="6533128654" visible="true" version="2" changeset="71384006" timestamp="2019-06-19T01:18:38Z" user="teixeirista" uid="10061199" lat="-12.2018543" lon="-38.9713880"/>
 <node id="6533128655" visible="true" version="2" changeset="71384006" timestamp="2019-06-19T01:18:38Z" user="teixeirista" uid="10061199" lat="-12.2017243" lon="-38.9713340"/>
 <node id="6533128656" visible="true" version="1" changeset="71041203" timestamp="2019-06-08T00:15:20Z" user="teixeirista" uid="10061199" lat="-12.2017710" lon="-38.9711049"/>
 <node id="6533128657" visible="true" version="2" changeset="71384006" timestamp="2019-06-19T01:18:38Z" user="teixeirista" uid="10061199" lat="-12.2018152" lon="-38.9710116"/>
 <node id="6533128658" visible="true" version="1" changeset="71041203" timestamp="2019-06-08T00:15:20Z" user="teixeirista" uid="10061199" lat="-12.2019666" lon="-38.9710867"/>
 <node id="6533128659" visible="true" version="1" changeset="71041203" timestamp="2019-06-08T00:15:20Z" user="teixeirista" uid="10061199" lat="-12.2017796" lon="-38.9711417"/>
 <node id="6533128660" visible="true" version="2" changeset="71384006" timestamp="2019-06-19T01:18:38Z" user="teixeirista" uid="10061199" lat="-12.2016047" lon="-38.9712029"/>
 <node id="6533128661" visible="true" version="2" changeset="71384006" timestamp="2019-06-19T01:18:38Z" user="teixeirista" uid="10061199" lat="-12.2016790" lon="-38.9714453"/>
 <node id="6533128662" visible="true" version="1" changeset="71041203" timestamp="2019-06-08T00:15:20Z" user="teixeirista" uid="10061199" lat="-12.2018550" lon="-38.9709361"/>
 <node id="6533128663" visible="true" version="1" changeset="71041203" timestamp="2019-06-08T00:15:20Z" user="teixeirista" uid="10061199" lat="-12.2019985" lon="-38.9710107"/>
 <node id="6533128664" visible="true" version="1" changeset="71041203" timestamp="2019-06-08T00:15:20Z" user="teixeirista" uid="10061199" lat="-12.2020600" lon="-38.9708941"/>
 <node id="6533128665" visible="true" version="1" changeset="71041203" timestamp="2019-06-08T00:15:20Z" user="teixeirista" uid="10061199" lat="-12.2021033" lon="-38.9709139"/>
 <node id="6533128666" visible="true" version="1" changeset="71041203" timestamp="2019-06-08T00:15:20Z" user="teixeirista" uid="10061199" lat="-12.2020509" lon="-38.9710392"/>
 <node id="6533128667" visible="true" version="1" changeset="71041203" timestamp="2019-06-08T00:15:20Z" user="teixeirista" uid="10061199" lat="-12.2018845" lon="-38.9712346"/>
 <node id="6533128668" visible="true" version="1" changeset="71041203" timestamp="2019-06-08T00:15:20Z" user="teixeirista" uid="10061199" lat="-12.2020487" lon="-38.9710574"/>
 <node id="6533128669" visible="true" version="1" changeset="71041203" timestamp="2019-06-08T00:15:20Z" user="teixeirista" uid="10061199" lat="-12.2019644" lon="-38.9712765"/>
 <node id="6533128670" visible="true" version="1" changeset="71041203" timestamp="2019-06-08T00:15:20Z" user="teixeirista" uid="10061199" lat="-12.2020590" lon="-38.9710731"/>
 <node id="6533128671" visible="true" version="1" changeset="71041203" timestamp="2019-06-08T00:15:20Z" user="teixeirista" uid="10061199" lat="-12.2019442" lon="-38.9711270"/>
 <node id="6533128672" visible="true" version="1" changeset="71041203" timestamp="2019-06-08T00:15:20Z" user="teixeirista" uid="10061199" lat="-12.2018340" lon="-38.9709759"/>
 <node id="6533128673" visible="true" version="2" changeset="71384006" timestamp="2019-06-19T01:18:38Z" user="teixeirista" uid="10061199" lat="-12.2016983" lon="-38.9708948"/>
 <node id="6533128674" visible="true" version="2" changeset="71384006" timestamp="2019-06-19T01:18:38Z" user="teixeirista" uid="10061199" lat="-12.2016277" lon="-38.9710184"/>
 <node id="6533128677" visible="true" version="1" changeset="71041203" timestamp="2019-06-08T00:15:20Z" user="teixeirista" uid="10061199" lat="-12.2014841" lon="-38.9712431">
  <tag k="crossing" v="marked"/>
  <tag k="highway" v="crossing"/>
 </node>
 <node id="6533130185" visible="true" version="2" changeset="71384006" timestamp="2019-06-19T01:18:38Z" user="teixeirista" uid="10061199" lat="-12.2015279" lon="-38.9709601"/>
 <node id="6533130186" visible="true" version="1" changeset="71041203" timestamp="2019-06-08T00:15:20Z" user="teixeirista" uid="10061199" lat="-12.2021724" lon="-38.9711351"/>
 <node id="6533130187" visible="true" version="1" changeset="71041203" timestamp="2019-06-08T00:15:20Z" user="teixeirista" uid="10061199" lat="-12.2021484" lon="-38.9711815"/>
 <node id="6533130188" visible="true" version="1" changeset="71041203" timestamp="2019-06-08T00:15:20Z" user="teixeirista" uid="10061199" lat="-12.2020367" lon="-38.9711210"/>
 <node id="6533130190" visible="true" version="1" changeset="71041203" timestamp="2019-06-08T00:15:20Z" user="teixeirista" uid="10061199" lat="-12.2017817" lon="-38.9722050">
  <tag k="crossing" v="marked"/>
  <tag k="highway" v="crossing"/>
 </node>
 <node id="6533130191" visible="true" version="1" changeset="71041203" timestamp="2019-06-08T00:15:20Z" user="teixeirista" uid="10061199" lat="-12.2014002" lon="-38.9708959"/>
 <node id="6533130192" visible="true" version="1" changeset="71041203" timestamp="2019-06-08T00:15:20Z" user="teixeirista" uid="10061199" lat="-12.2013544" lon="-38.9707530"/>
 <node id="6533130194" visible="true" version="1" changeset="71041203" timestamp="2019-06-08T00:15:20Z" user="teixeirista" uid="10061199" lat="-12.2013346" lon="-38.9707653">
  <tag k="crossing" v="marked"/>
  <tag k="highway" v="crossing"/>
 </node>
 <node id="6533257643" visible="true" version="1" changeset="71042729" timestamp="2019-06-08T04:12:20Z" user="teixeirista" uid="10061199" lat="-12.2015852" lon="-38.9692058"/>
 <node id="6533257644" visible="true" version="1" changeset="71042729" timestamp="2019-06-08T04:12:20Z" user="teixeirista" uid="10061199" lat="-12.2017413" lon="-38.9688972"/>
 <node id="6533257645" visible="true" version="1" changeset="71042729" timestamp="2019-06-08T04:12:20Z" user="teixeirista" uid="10061199" lat="-12.2015674" lon="-38.9688051"/>
 <node id="6533257646" visible="true" version="1" changeset="71042729" timestamp="2019-06-08T04:12:20Z" user="teixeirista" uid="10061199" lat="-12.2014113" lon="-38.9691137"/>
 <node id="6533257647" visible="true" version="1" changeset="71042729" timestamp="2019-06-08T04:12:20Z" user="teixeirista" uid="10061199" lat="-12.2015976" lon="-38.9693368"/>
 <node id="6533257648" visible="true" version="1" changeset="71042729" timestamp="2019-06-08T04:12:20Z" user="teixeirista" uid="10061199" lat="-12.2017490" lon="-38.9690335"/>
 <node id="6533257649" visible="true" version="1" changeset="71042729" timestamp="2019-06-08T04:12:20Z" user="teixeirista" uid="10061199" lat="-12.2020378" lon="-38.9691844"/>
 <node id="6533257650" visible="true" version="1" changeset="71042729" timestamp="2019-06-08T04:12:20Z" user="teixeirista" uid="10061199" lat="-12.2018864" lon="-38.9694877"/>
 <node id="6533257651" visible="true" version="2" changeset="71383742" timestamp="2019-06-19T00:58:59Z" user="teixeirista" uid="10061199" lat="-12.2002675" lon="-38.9726634"/>
 <node id="6533257652" visible="true" version="2" changeset="71383742" timestamp="2019-06-19T00:58:59Z" user="teixeirista" uid="10061199" lat="-12.2004386" lon="-38.9726078"/>
 <node id="6533257653" visible="true" version="2" changeset="71383742" timestamp="2019-06-19T00:58:59Z" user="teixeirista" uid="10061199" lat="-12.2003271" lon="-38.9722490"/>
 <node id="6533257654" visible="true" version="2" changeset="71383742" timestamp="2019-06-19T00:58:59Z" user="teixeirista" uid="10061199" lat="-12.2001560" lon="-38.9723043"/>
 <node id="6533257659" visible="true" version="3" changeset="71383742" timestamp="2019-06-19T00:58:59Z" user="teixeirista" uid="10061199" lat="-12.2004814" lon="-38.9721990"/>
 <node id="6533257660" visible="true" version="3" changeset="71383742" timestamp="2019-06-19T00:58:59Z" user="teixeirista" uid="10061199" lat="-12.2003780" lon="-38.9718652"/>
 <node id="6533257661" visible="true" version="3" changeset="71383742" timestamp="2019-06-19T00:58:59Z" user="teixeirista" uid="10061199" lat="-12.2005424" lon="-38.9718141"/>
 <node id="6533257662" visible="true" version="3" changeset="71383742" timestamp="2019-06-19T00:58:59Z" user="teixeirista" uid="10061199" lat="-12.2006388" lon="-38.9721481"/>
 <node id="6533257668" visible="true" version="2" changeset="71383742" timestamp="2019-06-19T00:58:59Z" user="teixeirista" uid="10061199" lat="-12.2009483" lon="-38.9720480"/>
 <node id="6533257669" visible="true" version="2" changeset="71383742" timestamp="2019-06-19T00:58:59Z" user="teixeirista" uid="10061199" lat="-12.2008774" lon="-38.9718093"/>
 <node id="6533257670" visible="true" version="2" changeset="71383742" timestamp="2019-06-19T00:58:59Z" user="teixeirista" uid="10061199" lat="-12.2006825" lon="-38.9718699"/>
 <node id="6533257671" visible="true" version="2" changeset="71383742" timestamp="2019-06-19T00:58:59Z" user="teixeirista" uid="10061199" lat="-12.2009001" lon="-38.9722661"/>
 <node id="6533257672" visible="true" version="2" changeset="71383742" timestamp="2019-06-19T00:58:59Z" user="teixeirista" uid="10061199" lat="-12.2009946" lon="-38.9722363"/>
 <node id="6533257673" visible="true" version="2" changeset="71383742" timestamp="2019-06-19T00:58:59Z" user="teixeirista" uid="10061199" lat="-12.2009389" lon="-38.9720510"/>
 <node id="6533257674" visible="true" version="2" changeset="71383742" timestamp="2019-06-19T00:58:59Z" user="teixeirista" uid="10061199" lat="-12.2008446" lon="-38.9720815"/>
 <node id="6534034173" visible="true" version="1" changeset="71055352" timestamp="2019-06-08T17:13:59Z" user="teixeirista" uid="10061199" lat="-12.2010977" lon="-38.9719996"/>
 <node id="6534034174" visible="true" version="2" changeset="71080243" timestamp="2019-06-09T20:13:40Z" user="teixeirista" uid="10061199" lat="-12.1999308" lon="-38.9723772">
  <tag k="entrance" v="yes"/>
 </node>
 <node id="6534034175" visible="true" version="1" changeset="71055352" timestamp="2019-06-08T17:13:59Z" user="teixeirista" uid="10061199" lat="-12.2021519" lon="-38.9710740"/>
 <node id="6534034176" visible="true" version="1" changeset="71055352" timestamp="2019-06-08T17:13:59Z" user="teixeirista" uid="10061199" lat="-12.2021316" lon="-38.9710458"/>
 <node id="6534034177" visible="true" version="1" changeset="71055352" timestamp="2019-06-08T17:13:59Z" user="teixeirista" uid="10061199" lat="-12.2021727" lon="-38.9710965"/>
 <node id="6534034178" visible="true" version="1" changeset="71055352" timestamp="2019-06-08T17:13:59Z" user="teixeirista" uid="10061199" lat="-12.2021150" lon="-38.9709837"/>
 <node id="6534034179" visible="true" version="1" changeset="71055352" timestamp="2019-06-08T17:13:59Z" user="teixeirista" uid="10061199" lat="-12.2021180" lon="-38.9709167"/>
 <node id="6534034180" visible="true" version="1" changeset="71055352" timestamp="2019-06-08T17:13:59Z" user="teixeirista" uid="10061199" lat="-12.2009222" lon="-38.9662039"/>
 <node id="6534034181" visible="true" version="1" changeset="71055352" timestamp="2019-06-08T17:13:59Z" user="teixeirista" uid="10061199" lat="-12.2009238" lon="-38.9660950"/>
 <node id="6534034182" visible="true" version="1" changeset="71055352" timestamp="2019-06-08T17:13:59Z" user="teixeirista" uid="10061199" lat="-12.2008988" lon="-38.9660946"/>
 <node id="6534034183" visible="true" version="1" changeset="71055352" timestamp="2019-06-08T17:13:59Z" user="teixeirista" uid="10061199" lat="-12.2008972" lon="-38.9662028"/>
 <node id="6534034184" visible="true" version="1" changeset="71055352" timestamp="2019-06-08T17:13:59Z" user="teixeirista" uid="10061199" lat="-12.2008768" lon="-38.9666578"/>
 <node id="6534039385" visible="true" version="1" changeset="71055352" timestamp="2019-06-08T17:13:59Z" user="teixeirista" uid="10061199" lat="-12.2009677" lon="-38.9666557"/>
 <node id="6534039386" visible="true" version="1" changeset="71055352" timestamp="2019-06-08T17:13:59Z" user="teixeirista" uid="10061199" lat="-12.2009646" lon="-38.9665170"/>
 <node id="6534039387" visible="true" version="1" changeset="71055352" timestamp="2019-06-08T17:13:59Z" user="teixeirista" uid="10061199" lat="-12.2008736" lon="-38.9665192"/>
 <node id="6534039388" visible="true" version="1" changeset="71055352" timestamp="2019-06-08T17:13:59Z" user="teixeirista" uid="10061199" lat="-12.2003897" lon="-38.9716259"/>
 <node id="6534039389" visible="true" version="2" changeset="71383742" timestamp="2019-06-19T00:58:59Z" user="teixeirista" uid="10061199" lat="-12.2002249" lon="-38.9722820"/>
 <node id="6535776137" visible="true" version="4" changeset="119923933" timestamp="2022-04-19T20:09:28Z" user="ProjetoMapeia" uid="11455881" lat="-12.1952776" lon="-38.9672614"/>
 <node id="6535776138" visible="true" version="4" changeset="119923933" timestamp="2022-04-19T20:09:28Z" user="ProjetoMapeia" uid="11455881" lat="-12.1953353" lon="-38.9663319"/>
 <node id="6535776140" visible="true" version="4" changeset="119923933" timestamp="2022-04-19T20:09:28Z" user="ProjetoMapeia" uid="11455881" lat="-12.1953759" lon="-38.9657640"/>
 <node id="6535776141" visible="true" version="4" changeset="119923933" timestamp="2022-04-19T20:09:28Z" user="ProjetoMapeia" uid="11455881" lat="-12.1954073" lon="-38.9656949"/>
 <node id="6535776142" visible="true" version="4" changeset="119923933" timestamp="2022-04-19T20:09:28Z" user="ProjetoMapeia" uid="11455881" lat="-12.1954355" lon="-38.9656674"/>
 <node id="6535776143" visible="true" version="3" changeset="119923933" timestamp="2022-04-19T20:09:28Z" user="ProjetoMapeia" uid="11455881" lat="-12.1975650" lon="-38.9657123"/>
 <node id="6535776144" visible="true" version="3" changeset="119923933" timestamp="2022-04-19T20:09:28Z" user="ProjetoMapeia" uid="11455881" lat="-12.1983029" lon="-38.9657110"/>
 <node id="6535776145" visible="true" version="1" changeset="71080243" timestamp="2019-06-09T20:13:40Z" user="teixeirista" uid="10061199" lat="-12.1986930" lon="-38.9658218"/>
 <node id="6535776146" visible="true" version="2" changeset="119923933" timestamp="2022-04-19T20:09:28Z" user="ProjetoMapeia" uid="11455881" lat="-12.1984458" lon="-38.9657341"/>
 <node id="6535776147" visible="true" version="2" changeset="119923933" timestamp="2022-04-19T20:09:28Z" user="ProjetoMapeia" uid="11455881" lat="-12.1985768" lon="-38.9657594"/>
 <node id="6535776148" visible="true" version="1" changeset="71080243" timestamp="2019-06-09T20:13:40Z" user="teixeirista" uid="10061199" lat="-12.1990516" lon="-38.9661108"/>
 <node id="6535776149" visible="true" version="1" changeset="71080243" timestamp="2019-06-09T20:13:40Z" user="teixeirista" uid="10061199" lat="-12.1987956" lon="-38.9658792"/>
 <node id="6535776150" visible="true" version="1" changeset="71080243" timestamp="2019-06-09T20:13:40Z" user="teixeirista" uid="10061199" lat="-12.1989321" lon="-38.9659863"/>
 <node id="6535776151" visible="true" version="1" changeset="71080243" timestamp="2019-06-09T20:13:40Z" user="teixeirista" uid="10061199" lat="-12.1992394" lon="-38.9663228"/>
 <node id="6535776152" visible="true" version="2" changeset="88398692" timestamp="2020-07-23T10:51:42Z" user="Metuje" uid="10888604" lat="-12.1997226" lon="-38.9664748"/>
 <node id="6535776153" visible="true" version="2" changeset="88398692" timestamp="2020-07-23T10:51:42Z" user="Metuje" uid="10888604" lat="-12.1996846" lon="-38.9665653"/>
 <node id="6535776154" visible="true" version="2" changeset="88398692" timestamp="2020-07-23T10:51:42Z" user="Metuje" uid="10888604" lat="-12.1997023" lon="-38.9665418"/>
 <node id="6535776155" visible="true" version="2" changeset="88398692" timestamp="2020-07-23T10:51:42Z" user="Metuje" uid="10888604" lat="-12.1997127" lon="-38.9665116"/>
 <node id="6535776156" visible="true" version="2" changeset="88398692" timestamp="2020-07-23T10:51:42Z" user="Metuje" uid="10888604" lat="-12.1998510" lon="-38.9661723"/>
 <node id="6535776157" visible="true" version="2" changeset="88398692" timestamp="2020-07-23T10:51:42Z" user="Metuje" uid="10888604" lat="-12.1997449" lon="-38.9664057"/>
 <node id="6535776158" visible="true" version="2" changeset="88398692" timestamp="2020-07-23T10:51:42Z" user="Metuje" uid="10888604" lat="-12.1997685" lon="-38.9663239"/>
 <node id="6535776159" visible="true" version="2" changeset="88398692" timestamp="2020-07-23T10:51:42Z" user="Metuje" uid="10888604" lat="-12.1998012" lon="-38.9662716"/>
 <node id="6535776160" visible="true" version="2" changeset="88398692" timestamp="2020-07-23T10:51:42Z" user="Metuje" uid="10888604" lat="-12.1999140" lon="-38.9660878"/>
 <node id="6535776161" visible="true" version="2" changeset="88398692" timestamp="2020-07-23T10:51:42Z" user="Metuje" uid="10888604" lat="-12.1999887" lon="-38.9660168"/>
 <node id="6535776162" visible="true" version="2" changeset="88398692" timestamp="2020-07-23T10:51:42Z" user="Metuje" uid="10888604" lat="-12.2001696" lon="-38.9658706"/>
 <node id="6535776163" visible="true" version="2" changeset="88398692" timestamp="2020-07-23T10:51:42Z" user="Metuje" uid="10888604" lat="-12.2003124" lon="-38.9657760"/>
 <node id="6535776164" visible="true" version="2" changeset="88398692" timestamp="2020-07-23T10:51:42Z" user="Metuje" uid="10888604" lat="-12.2003668" lon="-38.9657398"/>
 <node id="6535776165" visible="true" version="2" changeset="88398692" timestamp="2020-07-23T10:51:42Z" user="Metuje" uid="10888604" lat="-12.2004108" lon="-38.9657237"/>
 <node id="6535776166" visible="true" version="3" changeset="89631779" timestamp="2020-08-19T11:43:55Z" user="Metuje" uid="10888604" lat="-12.2013781" lon="-38.9657056"/>
 <node id="6535776167" visible="true" version="2" changeset="89631779" timestamp="2020-08-19T11:43:55Z" user="Metuje" uid="10888604" lat="-12.2017950" lon="-38.9656842"/>
 <node id="6535776168" visible="true" version="2" changeset="89631779" timestamp="2020-08-19T11:43:55Z" user="Metuje" uid="10888604" lat="-12.2019942" lon="-38.9656788"/>
 <node id="6535776169" visible="true" version="3" changeset="89631779" timestamp="2020-08-19T11:43:55Z" user="Metuje" uid="10888604" lat="-12.2022839" lon="-38.9657083"/>
 <node id="6535776170" visible="true" version="3" changeset="89631779" timestamp="2020-08-19T11:43:55Z" user="Metuje" uid="10888604" lat="-12.2023390" lon="-38.9657593"/>
 <node id="6535776171" visible="true" version="5" changeset="132874336" timestamp="2023-02-22T11:17:08Z" user="LaurentianPlateau" uid="15994207" lat="-12.2054272" lon="-38.9755843"/>
 <node id="6535776172" visible="true" version="3" changeset="104529492" timestamp="2021-05-11T18:27:35Z" user="user_10280027" uid="10280027" lat="-12.2025880" lon="-38.9765149"/>
 <node id="6535776179" visible="true" version="3" changeset="104529492" timestamp="2021-05-11T18:27:35Z" user="user_10280027" uid="10280027" lat="-12.2004304" lon="-38.9767067"/>
 <node id="6535776181" visible="true" version="3" changeset="104529492" timestamp="2021-05-11T18:27:35Z" user="user_10280027" uid="10280027" lat="-12.1984917" lon="-38.9765390"/>
 <node id="6535781088" visible="true" version="3" changeset="89631779" timestamp="2020-08-19T11:43:55Z" user="Metuje" uid="10888604" lat="-12.1946143" lon="-38.9751403"/>
 <node id="6535781089" visible="true" version="3" changeset="89631779" timestamp="2020-08-19T11:43:55Z" user="Metuje" uid="10888604" lat="-12.1947178" lon="-38.9751282"/>
 <node id="6535781090" visible="true" version="3" changeset="89631779" timestamp="2020-08-19T11:43:55Z" user="Metuje" uid="10888604" lat="-12.1947126" lon="-38.9746025"/>
 <node id="6535781091" visible="true" version="3" changeset="89631779" timestamp="2020-08-19T11:43:55Z" user="Metuje" uid="10888604" lat="-12.1948227" lon="-38.9745529"/>
 <node id="6535781092" visible="true" version="3" changeset="89631779" timestamp="2020-08-19T11:43:55Z" user="Metuje" uid="10888604" lat="-12.1948476" lon="-38.9743102"/>
 <node id="6535781093" visible="true" version="2" changeset="88398692" timestamp="2020-07-23T10:51:42Z" user="Metuje" uid="10888604" lat="-12.1952592" lon="-38.9737737"/>
 <node id="6535781094" visible="true" version="1" changeset="71080243" timestamp="2019-06-09T20:13:40Z" user="teixeirista" uid="10061199" lat="-12.1957518" lon="-38.9728683"/>
 <node id="6535781095" visible="true" version="3" changeset="89631779" timestamp="2020-08-19T11:43:55Z" user="Metuje" uid="10888604" lat="-12.1958596" lon="-38.9712873"/>
 <node id="6535781096" visible="true" version="2" changeset="89631779" timestamp="2020-08-19T11:43:55Z" user="Metuje" uid="10888604" lat="-12.1960260" lon="-38.9710694"/>
 <node id="6535781097" visible="true" version="2" changeset="89631779" timestamp="2020-08-19T11:43:55Z" user="Metuje" uid="10888604" lat="-12.1959985" lon="-38.9710043"/>
 <node id="6535781098" visible="true" version="4" changeset="123204388" timestamp="2022-07-04T19:06:35Z" user="AjBelnuovo" uid="1799626" lat="-12.1957273" lon="-38.9700198"/>
 <node id="6535781099" visible="true" version="4" changeset="123204388" timestamp="2022-07-04T19:06:35Z" user="AjBelnuovo" uid="1799626" lat="-12.1958663" lon="-38.9695710"/>
 <node id="6535781100" visible="true" version="4" changeset="123204388" timestamp="2022-07-04T19:06:35Z" user="AjBelnuovo" uid="1799626" lat="-12.1958809" lon="-38.9693531"/>
 <node id="6535781101" visible="true" version="4" changeset="123204388" timestamp="2022-07-04T19:06:35Z" user="AjBelnuovo" uid="1799626" lat="-12.1958127" lon="-38.9692491"/>
 <node id="6535781102" visible="true" version="4" changeset="123204388" timestamp="2022-07-04T19:06:35Z" user="AjBelnuovo" uid="1799626" lat="-12.1957963" lon="-38.9691667"/>
 <node id="6535781103" visible="true" version="4" changeset="123204388" timestamp="2022-07-04T19:06:35Z" user="AjBelnuovo" uid="1799626" lat="-12.1957345" lon="-38.9691070"/>
 <node id="6535781104" visible="true" version="4" changeset="123204388" timestamp="2022-07-04T19:06:35Z" user="AjBelnuovo" uid="1799626" lat="-12.1956782" lon="-38.9690765"/>
 <node id="6535781105" visible="true" version="2" changeset="88398692" timestamp="2020-07-23T10:51:42Z" user="Metuje" uid="10888604" lat="-12.1953654" lon="-38.9689457"/>
 <node id="6535781106" visible="true" version="2" changeset="71741665" timestamp="2019-06-29T18:42:44Z" user="teixeirista" uid="10061199" lat="-12.2015511" lon="-38.9739582"/>
 <node id="6535781108" visible="true" version="3" changeset="175443332" timestamp="2025-12-03T11:53:58Z" user="Jaiane Rios" uid="23573781" lat="-12.2010928" lon="-38.9741224"/>
 <node id="6535781109" visible="true" version="1" changeset="71080243" timestamp="2019-06-09T20:13:40Z" user="teixeirista" uid="10061199" lat="-12.2009712" lon="-38.9737968"/>
 <node id="6535781110" visible="true" version="1" changeset="71080243" timestamp="2019-06-09T20:13:40Z" user="teixeirista" uid="10061199" lat="-12.2011496" lon="-38.9737339"/>
 <node id="6535781111" visible="true" version="2" changeset="71741665" timestamp="2019-06-29T18:42:44Z" user="teixeirista" uid="10061199" lat="-12.2012538" lon="-38.9740649"/>
 <node id="6535781112" visible="true" version="1" changeset="71080243" timestamp="2019-06-09T20:13:40Z" user="teixeirista" uid="10061199" lat="-12.2008789" lon="-38.9746194"/>
 <node id="6535781113" visible="true" version="1" changeset="71080243" timestamp="2019-06-09T20:13:40Z" user="teixeirista" uid="10061199" lat="-12.2010737" lon="-38.9745475"/>
 <node id="6535781114" visible="true" version="2" changeset="71741665" timestamp="2019-06-29T18:42:44Z" user="teixeirista" uid="10061199" lat="-12.2009412" lon="-38.9741797"/>
 <node id="6535781115" visible="true" version="2" changeset="71741665" timestamp="2019-06-29T18:42:44Z" user="teixeirista" uid="10061199" lat="-12.2007488" lon="-38.9742500"/>
 <node id="6535781116" visible="true" version="1" changeset="71080243" timestamp="2019-06-09T20:13:40Z" user="teixeirista" uid="10061199" lat="-12.2017025" lon="-38.9739067"/>
 <node id="6535781117" visible="true" version="1" changeset="71080243" timestamp="2019-06-09T20:13:40Z" user="teixeirista" uid="10061199" lat="-12.2017398" lon="-38.9740227"/>
 <node id="6535781118" visible="true" version="1" changeset="71080243" timestamp="2019-06-09T20:13:40Z" user="teixeirista" uid="10061199" lat="-12.2018392" lon="-38.9739885">
  <tag k="crossing" v="marked"/>
  <tag k="highway" v="crossing"/>
 </node>
 <node id="6535781119" visible="true" version="1" changeset="71080243" timestamp="2019-06-09T20:13:40Z" user="teixeirista" uid="10061199" lat="-12.2013937" lon="-38.9750562">
  <tag k="entrance" v="yes"/>
 </node>
 <node id="6535781120" visible="true" version="1" changeset="71080243" timestamp="2019-06-09T20:13:40Z" user="teixeirista" uid="10061199" lat="-12.2015703" lon="-38.9749999"/>
 <node id="6535781121" visible="true" version="1" changeset="71080243" timestamp="2019-06-09T20:13:40Z" user="teixeirista" uid="10061199" lat="-12.2013626" lon="-38.9746976">
  <tag k="entrance" v="yes"/>
 </node>
 <node id="6535781122" visible="true" version="2" changeset="71741665" timestamp="2019-06-29T18:42:44Z" user="teixeirista" uid="10061199" lat="-12.2012165" lon="-38.9742311">
  <tag k="entrance" v="yes"/>
 </node>
 <node id="6535781123" visible="true" version="1" changeset="71080243" timestamp="2019-06-09T20:13:40Z" user="teixeirista" uid="10061199" lat="-12.2013269" lon="-38.9745869"/>
 <node id="6535781124" visible="true" version="1" changeset="71080243" timestamp="2019-06-09T20:13:40Z" user="teixeirista" uid="10061199" lat="-12.2011663" lon="-38.9748900"/>
 <node id="6535781125" visible="true" version="2" changeset="175443548" timestamp="2025-12-03T12:00:03Z" user="Rosineia" uid="23573751" lat="-12.2008807" lon="-38.9752542">
  <tag k="entrance" v="yes"/>
  <tag k="ref" v="pavilão módulo 7"/>
 </node>
 <node id="6535781126" visible="true" version="1" changeset="71080243" timestamp="2019-06-09T20:13:40Z" user="teixeirista" uid="10061199" lat="-12.2010338" lon="-38.9750975"/>
 <node id="6535781127" visible="true" version="1" changeset="71080243" timestamp="2019-06-09T20:13:40Z" user="teixeirista" uid="10061199" lat="-12.2011484" lon="-38.9751509"/>
 <node id="6535781128" visible="true" version="1" changeset="71080243" timestamp="2019-06-09T20:13:40Z" user="teixeirista" uid="10061199" lat="-12.2011735" lon="-38.9748765"/>
 <node id="6535781129" visible="true" version="2" changeset="75389501" timestamp="2019-10-07T18:17:28Z" user="teixeirista" uid="10061199" lat="-12.2004363" lon="-38.9743750"/>
 <node id="6535781130" visible="true" version="2" changeset="71741665" timestamp="2019-06-29T18:42:44Z" user="teixeirista" uid="10061199" lat="-12.2011393" lon="-38.9742587"/>
 <node id="6535781133" visible="true" version="2" changeset="71741665" timestamp="2019-06-29T18:42:44Z" user="teixeirista" uid="10061199" lat="-12.2013003" lon="-38.9742012"/>
 <node id="6535781134" visible="true" version="1" changeset="71080243" timestamp="2019-06-09T20:13:40Z" user="teixeirista" uid="10061199" lat="-12.2010589" lon="-38.9737659">
  <tag k="entrance" v="yes"/>
 </node>
 <node id="6535781135" visible="true" version="2" changeset="71383742" timestamp="2019-06-19T00:58:59Z" user="teixeirista" uid="10061199" lat="-12.2008906" lon="-38.9732644">
  <tag k="entrance" v="yes"/>
 </node>
 <node id="6535781136" visible="true" version="3" changeset="71741665" timestamp="2019-06-29T18:42:44Z" user="teixeirista" uid="10061199" lat="-12.2010923" lon="-38.9732634"/>
 <node id="6535781139" visible="true" version="3" changeset="71741665" timestamp="2019-06-29T18:42:44Z" user="teixeirista" uid="10061199" lat="-12.2012955" lon="-38.9731996"/>
 <node id="6535781142" visible="true" version="2" changeset="71383742" timestamp="2019-06-19T00:58:59Z" user="teixeirista" uid="10061199" lat="-12.2006847" lon="-38.9722936"/>
 <node id="6535781143" visible="true" version="2" changeset="71383742" timestamp="2019-06-19T00:58:59Z" user="teixeirista" uid="10061199" lat="-12.2005276" lon="-38.9723455"/>
 <node id="6535781144" visible="true" version="2" changeset="71383742" timestamp="2019-06-19T00:58:59Z" user="teixeirista" uid="10061199" lat="-12.2007546" lon="-38.9728036">
  <tag k="entrance" v="yes"/>
 </node>
 <node id="6535781145" visible="true" version="2" changeset="71383742" timestamp="2019-06-19T00:58:59Z" user="teixeirista" uid="10061199" lat="-12.2006078" lon="-38.9723190">
  <tag k="entrance" v="yes"/>
 </node>
 <node id="6535781146" visible="true" version="2" changeset="71383742" timestamp="2019-06-19T00:58:59Z" user="teixeirista" uid="10061199" lat="-12.2004506" lon="-38.9718427">
  <tag k="entrance" v="yes"/>
 </node>
 <node id="6535781147" visible="true" version="2" changeset="71383742" timestamp="2019-06-19T00:58:59Z" user="teixeirista" uid="10061199" lat="-12.2002841" lon="-38.9712680">
  <tag k="entrance" v="yes"/>
 </node>
 <node id="6535781149" visible="true" version="1" changeset="71080243" timestamp="2019-06-09T20:13:40Z" user="teixeirista" uid="10061199" lat="-12.1995247" lon="-38.9714454">
  <tag k="entrance" v="yes"/>
 </node>
 <node id="6535781150" visible="true" version="2" changeset="71383742" timestamp="2019-06-19T00:58:59Z" user="teixeirista" uid="10061199" lat="-12.2004874" lon="-38.9713339"/>
 <node id="6535781152" visible="true" version="2" changeset="71383742" timestamp="2019-06-19T00:58:59Z" user="teixeirista" uid="10061199" lat="-12.2006338" lon="-38.9710904"/>
 <node id="6535781153" visible="true" version="2" changeset="71383742" timestamp="2019-06-19T00:58:59Z" user="teixeirista" uid="10061199" lat="-12.2006876" lon="-38.9712717"/>
 <node id="6535781154" visible="true" version="2" changeset="71741665" timestamp="2019-06-29T18:42:44Z" user="teixeirista" uid="10061199" lat="-12.2013309" lon="-38.9740374"/>
 <node id="6535781156" visible="true" version="2" changeset="71741665" timestamp="2019-06-29T18:42:44Z" user="teixeirista" uid="10061199" lat="-12.2016133" lon="-38.9741443"/>
 <node id="6535781157" visible="true" version="1" changeset="71080243" timestamp="2019-06-09T20:13:40Z" user="teixeirista" uid="10061199" lat="-12.2013918" lon="-38.9742234"/>
 <node id="6535781163" visible="true" version="2" changeset="71383742" timestamp="2019-06-19T00:58:59Z" user="teixeirista" uid="10061199" lat="-12.1998669" lon="-38.9702738"/>
 <node id="6535781164" visible="true" version="2" changeset="71383742" timestamp="2019-06-19T00:58:59Z" user="teixeirista" uid="10061199" lat="-12.2000447" lon="-38.9702146"/>
 <node id="6535781165" visible="true" version="2" changeset="71383742" timestamp="2019-06-19T00:58:59Z" user="teixeirista" uid="10061199" lat="-12.2000861" lon="-38.9703499"/>
 <node id="6535781167" visible="true" version="1" changeset="71080243" timestamp="2019-06-09T20:13:40Z" user="teixeirista" uid="10061199" lat="-12.2001522" lon="-38.9708689">
  <tag k="entrance" v="yes"/>
 </node>
 <node id="6535781168" visible="true" version="2" changeset="71383742" timestamp="2019-06-19T00:58:59Z" user="teixeirista" uid="10061199" lat="-12.2000012" lon="-38.9703772">
  <tag k="entrance" v="yes"/>
 </node>
 <node id="6535781169" visible="true" version="1" changeset="71080243" timestamp="2019-06-09T20:13:40Z" user="teixeirista" uid="10061199" lat="-12.1998505" lon="-38.9699012">
  <tag k="entrance" v="yes"/>
 </node>
 <node id="6535781170" visible="true" version="2" changeset="71383742" timestamp="2019-06-19T00:58:59Z" user="teixeirista" uid="10061199" lat="-12.1996836" lon="-38.9693535">
  <tag k="entrance" v="yes"/>
 </node>
 <node id="6554117749" visible="true" version="2" changeset="71383742" timestamp="2019-06-19T00:58:59Z" user="teixeirista" uid="10061199" lat="-12.2007541" lon="-38.9721108"/>
 <node id="6554117758" visible="true" version="2" changeset="71383742" timestamp="2019-06-19T00:58:59Z" user="teixeirista" uid="10061199" lat="-12.2004339" lon="-38.9711533"/>
 <node id="6554117762" visible="true" version="1" changeset="71346153" timestamp="2019-06-17T22:44:07Z" user="teixeirista" uid="10061199" lat="-12.2009478" lon="-38.9715273"/>
 <node id="6554117763" visible="true" version="1" changeset="71346153" timestamp="2019-06-17T22:44:07Z" user="teixeirista" uid="10061199" lat="-12.2003104" lon="-38.9713572"/>
 <node id="6554117764" visible="true" version="1" changeset="71346153" timestamp="2019-06-17T22:44:07Z" user="teixeirista" uid="10061199" lat="-12.2003511" lon="-38.9714949"/>
 <node id="6554117765" visible="true" version="2" changeset="71383742" timestamp="2019-06-19T00:58:59Z" user="teixeirista" uid="10061199" lat="-12.2000548" lon="-38.9712726"/>
 <node id="6554117766" visible="true" version="1" changeset="71346153" timestamp="2019-06-17T22:44:07Z" user="teixeirista" uid="10061199" lat="-12.2004206" lon="-38.9717357"/>
 <node id="6554117767" visible="true" version="1" changeset="71346153" timestamp="2019-06-17T22:44:07Z" user="teixeirista" uid="10061199" lat="-12.2006416" lon="-38.9714456"/>
 <node id="6554117768" visible="true" version="1" changeset="71346153" timestamp="2019-06-17T22:44:07Z" user="teixeirista" uid="10061199" lat="-12.2005285" lon="-38.9716531"/>
 <node id="6554117769" visible="true" version="1" changeset="71346153" timestamp="2019-06-17T22:44:07Z" user="teixeirista" uid="10061199" lat="-12.2005954" lon="-38.9715653"/>
 <node id="6554117770" visible="true" version="1" changeset="71346153" timestamp="2019-06-17T22:44:07Z" user="teixeirista" uid="10061199" lat="-12.2001412" lon="-38.9708331"/>
 <node id="6554117771" visible="true" version="1" changeset="71346153" timestamp="2019-06-17T22:44:07Z" user="teixeirista" uid="10061199" lat="-12.2002845" lon="-38.9708405"/>
 <node id="6554117772" visible="true" version="1" changeset="71346153" timestamp="2019-06-17T22:44:07Z" user="teixeirista" uid="10061199" lat="-12.2003761" lon="-38.9708077"/>
 <node id="6554117773" visible="true" version="1" changeset="71346153" timestamp="2019-06-17T22:44:07Z" user="teixeirista" uid="10061199" lat="-12.2005135" lon="-38.9707140"/>
 <node id="6554117774" visible="true" version="1" changeset="71346153" timestamp="2019-06-17T22:44:07Z" user="teixeirista" uid="10061199" lat="-12.2006640" lon="-38.9706293"/>
 <node id="6554117775" visible="true" version="1" changeset="71346153" timestamp="2019-06-17T22:44:07Z" user="teixeirista" uid="10061199" lat="-12.2004582" lon="-38.9707517"/>
 <node id="6554117776" visible="true" version="1" changeset="71346153" timestamp="2019-06-17T22:44:07Z" user="teixeirista" uid="10061199" lat="-12.2007057" lon="-38.9707620"/>
 <node id="6554117777" visible="true" version="1" changeset="71346153" timestamp="2019-06-17T22:44:07Z" user="teixeirista" uid="10061199" lat="-12.2001745" lon="-38.9707577"/>
 <node id="6554117778" visible="true" version="1" changeset="71346153" timestamp="2019-06-17T22:44:07Z" user="teixeirista" uid="10061199" lat="-12.2002173" lon="-38.9706984"/>
 <node id="6554117779" visible="true" version="1" changeset="71346153" timestamp="2019-06-17T22:44:07Z" user="teixeirista" uid="10061199" lat="-12.2002616" lon="-38.9706452"/>
 <node id="6554117780" visible="true" version="1" changeset="71346153" timestamp="2019-06-17T22:44:07Z" user="teixeirista" uid="10061199" lat="-12.2003074" lon="-38.9705500"/>
 <node id="6554117781" visible="true" version="1" changeset="71346153" timestamp="2019-06-17T22:44:07Z" user="teixeirista" uid="10061199" lat="-12.2003608" lon="-38.9704703"/>
 <node id="6554117782" visible="true" version="1" changeset="71346153" timestamp="2019-06-17T22:44:07Z" user="teixeirista" uid="10061199" lat="-12.2004768" lon="-38.9703079"/>
 <node id="6554117783" visible="true" version="1" changeset="71346153" timestamp="2019-06-17T22:44:07Z" user="teixeirista" uid="10061199" lat="-12.2005443" lon="-38.9702489"/>
 <node id="6554117784" visible="true" version="1" changeset="71346153" timestamp="2019-06-17T22:44:07Z" user="teixeirista" uid="10061199" lat="-12.2003532" lon="-38.9705250"/>
 <node id="6554120885" visible="true" version="1" changeset="71346153" timestamp="2019-06-17T22:44:07Z" user="teixeirista" uid="10061199" lat="-12.2004097" lon="-38.9705187"/>
 <node id="6554120886" visible="true" version="1" changeset="71346153" timestamp="2019-06-17T22:44:07Z" user="teixeirista" uid="10061199" lat="-12.2004799" lon="-38.9705484"/>
 <node id="6554120887" visible="true" version="1" changeset="71346153" timestamp="2019-06-17T22:44:07Z" user="teixeirista" uid="10061199" lat="-12.2006551" lon="-38.9706011"/>
 <node id="6554120907" visible="true" version="4" changeset="81324116" timestamp="2020-02-21T15:46:56Z" user="Weisshorn" uid="10278885" lat="-12.1997645" lon="-38.9673968"/>
 <node id="6554120952" visible="true" version="4" changeset="89631779" timestamp="2020-08-19T11:43:55Z" user="Metuje" uid="10888604" lat="-12.2035895" lon="-38.9699176">
  <tag k="access" v="yes"/>
  <tag k="barrier" v="gate"/>
  <tag k="name" v="Portão lateral - UEFS"/>
 </node>
 <node id="6554237629" visible="true" version="1" changeset="71348042" timestamp="2019-06-18T01:03:50Z" user="teixeirista" uid="10061199" lat="-12.1998609" lon="-38.9776643"/>
 <node id="6554237630" visible="true" version="1" changeset="71348042" timestamp="2019-06-18T01:03:50Z" user="teixeirista" uid="10061199" lat="-12.1998733" lon="-38.9778973"/>
 <node id="6554237631" visible="true" version="1" changeset="71348042" timestamp="2019-06-18T01:03:50Z" user="teixeirista" uid="10061199" lat="-12.2000949" lon="-38.9781997"/>
 <node id="6554237632" visible="true" version="1" changeset="71348042" timestamp="2019-06-18T01:03:50Z" user="teixeirista" uid="10061199" lat="-12.2002303" lon="-38.9783445"/>
 <node id="6554237633" visible="true" version="1" changeset="71348042" timestamp="2019-06-18T01:03:50Z" user="teixeirista" uid="10061199" lat="-12.2003350" lon="-38.9785209"/>
 <node id="6554237634" visible="true" version="1" changeset="71348042" timestamp="2019-06-18T01:03:50Z" user="teixeirista" uid="10061199" lat="-12.2004212" lon="-38.9787414"/>
 <node id="6554237635" visible="true" version="1" changeset="71348042" timestamp="2019-06-18T01:03:50Z" user="teixeirista" uid="10061199" lat="-12.2005259" lon="-38.9788988"/>
 <node id="6554237636" visible="true" version="1" changeset="71348042" timestamp="2019-06-18T01:03:50Z" user="teixeirista" uid="10061199" lat="-12.2006982" lon="-38.9789996"/>
 <node id="6554237637" visible="true" version="1" changeset="71348042" timestamp="2019-06-18T01:03:50Z" user="teixeirista" uid="10061199" lat="-12.2010245" lon="-38.9792705"/>
 <node id="6554237638" visible="true" version="1" changeset="71348042" timestamp="2019-06-18T01:03:50Z" user="teixeirista" uid="10061199" lat="-12.2012339" lon="-38.9795350"/>
 <node id="6554237639" visible="true" version="1" changeset="71348042" timestamp="2019-06-18T01:03:50Z" user="teixeirista" uid="10061199" lat="-12.2013385" lon="-38.9798122"/>
 <node id="6554237640" visible="true" version="1" changeset="71348042" timestamp="2019-06-18T01:03:50Z" user="teixeirista" uid="10061199" lat="-12.2013447" lon="-38.9801460"/>
 <node id="6554237641" visible="true" version="1" changeset="71348042" timestamp="2019-06-18T01:03:50Z" user="teixeirista" uid="10061199" lat="-12.2013878" lon="-38.9804736"/>
 <node id="6554237642" visible="true" version="1" changeset="71348042" timestamp="2019-06-18T01:03:50Z" user="teixeirista" uid="10061199" lat="-12.2014801" lon="-38.9808137"/>
 <node id="6554237643" visible="true" version="1" changeset="71348042" timestamp="2019-06-18T01:03:50Z" user="teixeirista" uid="10061199" lat="-12.2016402" lon="-38.9810782"/>
 <node id="6554237644" visible="true" version="1" changeset="71348042" timestamp="2019-06-18T01:03:50Z" user="teixeirista" uid="10061199" lat="-12.2016648" lon="-38.9813932"/>
 <node id="6554237645" visible="true" version="1" changeset="71348042" timestamp="2019-06-18T01:03:50Z" user="teixeirista" uid="10061199" lat="-12.2017202" lon="-38.9816955"/>
 <node id="6554237646" visible="true" version="1" changeset="71348042" timestamp="2019-06-18T01:03:50Z" user="teixeirista" uid="10061199" lat="-12.2018680" lon="-38.9820672"/>
 <node id="6554237647" visible="true" version="1" changeset="71348042" timestamp="2019-06-18T01:03:50Z" user="teixeirista" uid="10061199" lat="-12.2021019" lon="-38.9822687"/>
 <node id="6554237648" visible="true" version="1" changeset="71348042" timestamp="2019-06-18T01:03:50Z" user="teixeirista" uid="10061199" lat="-12.2023051" lon="-38.9824451"/>
 <node id="6554237649" visible="true" version="1" changeset="71348042" timestamp="2019-06-18T01:03:50Z" user="teixeirista" uid="10061199" lat="-12.2024036" lon="-38.9826782"/>
 <node id="6554237650" visible="true" version="1" changeset="71348042" timestamp="2019-06-18T01:03:50Z" user="teixeirista" uid="10061199" lat="-12.2024282" lon="-38.9829427"/>
 <node id="6554237651" visible="true" version="1" changeset="71348042" timestamp="2019-06-18T01:03:50Z" user="teixeirista" uid="10061199" lat="-12.2025021" lon="-38.9832073"/>
 <node id="6554237652" visible="true" version="1" changeset="71348042" timestamp="2019-06-18T01:03:50Z" user="teixeirista" uid="10061199" lat="-12.2027607" lon="-38.9834529"/>
 <node id="6554237653" visible="true" version="1" changeset="71348042" timestamp="2019-06-18T01:03:50Z" user="teixeirista" uid="10061199" lat="-12.2029946" lon="-38.9836608"/>
 <node id="6554237654" visible="true" version="1" changeset="71348042" timestamp="2019-06-18T01:03:50Z" user="teixeirista" uid="10061199" lat="-12.2033025" lon="-38.9838938"/>
 <node id="6554237655" visible="true" version="1" changeset="71348042" timestamp="2019-06-18T01:03:50Z" user="teixeirista" uid="10061199" lat="-12.2034133" lon="-38.9840450"/>
 <node id="6554237656" visible="true" version="1" changeset="71348042" timestamp="2019-06-18T01:03:50Z" user="teixeirista" uid="10061199" lat="-12.2034133" lon="-38.9841647"/>
 <node id="6554237657" visible="true" version="1" changeset="71348042" timestamp="2019-06-18T01:03:50Z" user="teixeirista" uid="10061199" lat="-12.2035179" lon="-38.9843473"/>
 <node id="6554237658" visible="true" version="1" changeset="71348042" timestamp="2019-06-18T01:03:50Z" user="teixeirista" uid="10061199" lat="-12.2037457" lon="-38.9844985"/>
 <node id="6554237659" visible="true" version="1" changeset="71348042" timestamp="2019-06-18T01:03:50Z" user="teixeirista" uid="10061199" lat="-12.2040289" lon="-38.9846056"/>
 <node id="6554237660" visible="true" version="1" changeset="71348042" timestamp="2019-06-18T01:03:50Z" user="teixeirista" uid="10061199" lat="-12.2042321" lon="-38.9846623"/>
 <node id="6554237661" visible="true" version="1" changeset="71348042" timestamp="2019-06-18T01:03:50Z" user="teixeirista" uid="10061199" lat="-12.2045584" lon="-38.9849457"/>
 <node id="6554237662" visible="true" version="1" changeset="71348042" timestamp="2019-06-18T01:03:50Z" user="teixeirista" uid="10061199" lat="-12.2051679" lon="-38.9852733"/>
 <node id="6554237663" visible="true" version="1" changeset="71348042" timestamp="2019-06-18T01:03:50Z" user="teixeirista" uid="10061199" lat="-12.2058081" lon="-38.9857142"/>
 <node id="6554237664" visible="true" version="1" changeset="71348042" timestamp="2019-06-18T01:03:50Z" user="teixeirista" uid="10061199" lat="-12.2060667" lon="-38.9857835"/>
 <node id="6554237665" visible="true" version="1" changeset="71348042" timestamp="2019-06-18T01:03:50Z" user="teixeirista" uid="10061199" lat="-12.2069532" lon="-38.9859032"/>
 <node id="6554237666" visible="true" version="1" changeset="71348042" timestamp="2019-06-18T01:03:50Z" user="teixeirista" uid="10061199" lat="-12.2075935" lon="-38.9859158"/>
 <node id="6554237667" visible="true" version="1" changeset="71348042" timestamp="2019-06-18T01:03:50Z" user="teixeirista" uid="10061199" lat="-12.2079444" lon="-38.9860165"/>
 <node id="6554237668" visible="true" version="1" changeset="71348042" timestamp="2019-06-18T01:03:50Z" user="teixeirista" uid="10061199" lat="-12.2084185" lon="-38.9861047"/>
 <node id="6554237669" visible="true" version="1" changeset="71348042" timestamp="2019-06-18T01:03:50Z" user="teixeirista" uid="10061199" lat="-12.2087386" lon="-38.9861677"/>
 <node id="6554237670" visible="true" version="1" changeset="71348042" timestamp="2019-06-18T01:03:50Z" user="teixeirista" uid="10061199" lat="-12.2091942" lon="-38.9863882"/>
 <node id="6554237671" visible="true" version="1" changeset="71348042" timestamp="2019-06-18T01:03:50Z" user="teixeirista" uid="10061199" lat="-12.2094404" lon="-38.9863945"/>
 <node id="6554237672" visible="true" version="1" changeset="71348042" timestamp="2019-06-18T01:03:50Z" user="teixeirista" uid="10061199" lat="-12.2098837" lon="-38.9866023"/>
 <node id="6554237673" visible="true" version="1" changeset="71348042" timestamp="2019-06-18T01:03:50Z" user="teixeirista" uid="10061199" lat="-12.2102654" lon="-38.9867283"/>
 <node id="6554237674" visible="true" version="1" changeset="71348042" timestamp="2019-06-18T01:03:50Z" user="teixeirista" uid="10061199" lat="-12.2109487" lon="-38.9867346"/>
 <node id="6554237675" visible="true" version="1" changeset="71348042" timestamp="2019-06-18T01:03:50Z" user="teixeirista" uid="10061199" lat="-12.2114228" lon="-38.9864386"/>
 <node id="6554237676" visible="true" version="1" changeset="71348042" timestamp="2019-06-18T01:03:50Z" user="teixeirista" uid="10061199" lat="-12.2118353" lon="-38.9862055"/>
 <node id="6554237677" visible="true" version="1" changeset="71348042" timestamp="2019-06-18T01:03:50Z" user="teixeirista" uid="10061199" lat="-12.2122354" lon="-38.9860543"/>
 <node id="6554237678" visible="true" version="1" changeset="71348042" timestamp="2019-06-18T01:03:50Z" user="teixeirista" uid="10061199" lat="-12.2124817" lon="-38.9856701"/>
 <node id="6554237679" visible="true" version="1" changeset="71348042" timestamp="2019-06-18T01:03:50Z" user="teixeirista" uid="10061199" lat="-12.2127402" lon="-38.9849835"/>
 <node id="6554237680" visible="true" version="1" changeset="71348042" timestamp="2019-06-18T01:03:50Z" user="teixeirista" uid="10061199" lat="-12.2122662" lon="-38.9849520"/>
 <node id="6554237681" visible="true" version="1" changeset="71348042" timestamp="2019-06-18T01:03:50Z" user="teixeirista" uid="10061199" lat="-12.2119584" lon="-38.9846308"/>
 <node id="6554237682" visible="true" version="1" changeset="71348042" timestamp="2019-06-18T01:03:50Z" user="teixeirista" uid="10061199" lat="-12.2118845" lon="-38.9840009"/>
 <node id="6554237683" visible="true" version="1" changeset="71348042" timestamp="2019-06-18T01:03:50Z" user="teixeirista" uid="10061199" lat="-12.2115705" lon="-38.9835600"/>
 <node id="6554237684" visible="true" version="1" changeset="71348042" timestamp="2019-06-18T01:03:50Z" user="teixeirista" uid="10061199" lat="-12.2115890" lon="-38.9833773"/>
 <node id="6554237885" visible="true" version="1" changeset="71348042" timestamp="2019-06-18T01:03:50Z" user="teixeirista" uid="10061199" lat="-12.2117798" lon="-38.9831506"/>
 <node id="6554237886" visible="true" version="1" changeset="71348042" timestamp="2019-06-18T01:03:50Z" user="teixeirista" uid="10061199" lat="-12.2116136" lon="-38.9828356"/>
 <node id="6554237887" visible="true" version="1" changeset="71348042" timestamp="2019-06-18T01:03:50Z" user="teixeirista" uid="10061199" lat="-12.2115767" lon="-38.9824262"/>
 <node id="6554237888" visible="true" version="1" changeset="71348042" timestamp="2019-06-18T01:03:50Z" user="teixeirista" uid="10061199" lat="-12.2114782" lon="-38.9818782"/>
 <node id="6554237889" visible="true" version="1" changeset="71348042" timestamp="2019-06-18T01:03:50Z" user="teixeirista" uid="10061199" lat="-12.2117244" lon="-38.9814436"/>
 <node id="6554237890" visible="true" version="1" changeset="71348042" timestamp="2019-06-18T01:03:50Z" user="teixeirista" uid="10061199" lat="-12.2119338" lon="-38.9812168"/>
 <node id="6554237891" visible="true" version="1" changeset="71348042" timestamp="2019-06-18T01:03:50Z" user="teixeirista" uid="10061199" lat="-12.2119522" lon="-38.9809586"/>
 <node id="6554237892" visible="true" version="2" changeset="82634966" timestamp="2020-03-26T02:26:54Z" user="LakeBled" uid="9535224" lat="-12.2118932" lon="-38.9806134"/>
 <node id="6554237893" visible="true" version="2" changeset="82634966" timestamp="2020-03-26T02:26:54Z" user="LakeBled" uid="9535224" lat="-12.2117255" lon="-38.9803720"/>
 <node id="6554237894" visible="true" version="2" changeset="82634966" timestamp="2020-03-26T02:26:54Z" user="LakeBled" uid="9535224" lat="-12.2114161" lon="-38.9801252"/>
 <node id="6554237895" visible="true" version="2" changeset="82634966" timestamp="2020-03-26T02:26:54Z" user="LakeBled" uid="9535224" lat="-12.2111749" lon="-38.9800233"/>
 <node id="6554237896" visible="true" version="2" changeset="82634966" timestamp="2020-03-26T02:26:54Z" user="LakeBled" uid="9535224" lat="-12.2109652" lon="-38.9798999"/>
 <node id="6554237897" visible="true" version="2" changeset="82634966" timestamp="2020-03-26T02:26:54Z" user="LakeBled" uid="9535224" lat="-12.2108446" lon="-38.9797765"/>
 <node id="6554237898" visible="true" version="2" changeset="82634966" timestamp="2020-03-26T02:26:54Z" user="LakeBled" uid="9535224" lat="-12.2108027" lon="-38.9796424"/>
 <node id="6554237899" visible="true" version="2" changeset="82634966" timestamp="2020-03-26T02:26:54Z" user="LakeBled" uid="9535224" lat="-12.2108237" lon="-38.9795244"/>
 <node id="6554237900" visible="true" version="2" changeset="82634966" timestamp="2020-03-26T02:26:54Z" user="LakeBled" uid="9535224" lat="-12.2109338" lon="-38.9793795"/>
 <node id="6554237901" visible="true" version="2" changeset="82634966" timestamp="2020-03-26T02:26:54Z" user="LakeBled" uid="9535224" lat="-12.2111015" lon="-38.9792723"/>
 <node id="6554237902" visible="true" version="2" changeset="82634966" timestamp="2020-03-26T02:26:54Z" user="LakeBled" uid="9535224" lat="-12.2113480" lon="-38.9791220"/>
 <node id="6554237903" visible="true" version="2" changeset="82634966" timestamp="2020-03-26T02:26:54Z" user="LakeBled" uid="9535224" lat="-12.2115891" lon="-38.9788860"/>
 <node id="6554237904" visible="true" version="2" changeset="82634966" timestamp="2020-03-26T02:26:54Z" user="LakeBled" uid="9535224" lat="-12.2116625" lon="-38.9785641"/>
 <node id="6554237905" visible="true" version="2" changeset="82634966" timestamp="2020-03-26T02:26:54Z" user="LakeBled" uid="9535224" lat="-12.2115682" lon="-38.9779955"/>
 <node id="6554237906" visible="true" version="2" changeset="82634966" timestamp="2020-03-26T02:26:54Z" user="LakeBled" uid="9535224" lat="-12.2114895" lon="-38.9776683"/>
 <node id="6554237907" visible="true" version="2" changeset="82634966" timestamp="2020-03-26T02:26:54Z" user="LakeBled" uid="9535224" lat="-12.2113270" lon="-38.9775181"/>
 <node id="6554237908" visible="true" version="2" changeset="82634966" timestamp="2020-03-26T02:26:54Z" user="LakeBled" uid="9535224" lat="-12.2109442" lon="-38.9776576"/>
 <node id="6554237909" visible="true" version="2" changeset="82634966" timestamp="2020-03-26T02:26:54Z" user="LakeBled" uid="9535224" lat="-12.2105667" lon="-38.9779902"/>
 <node id="6554237910" visible="true" version="2" changeset="82634966" timestamp="2020-03-26T02:26:54Z" user="LakeBled" uid="9535224" lat="-12.2096492" lon="-38.9785481"/>
 <node id="6554237911" visible="true" version="2" changeset="82634966" timestamp="2020-03-26T02:26:54Z" user="LakeBled" uid="9535224" lat="-12.2090620" lon="-38.9784998"/>
 <node id="6554237912" visible="true" version="2" changeset="82634966" timestamp="2020-03-26T02:26:54Z" user="LakeBled" uid="9535224" lat="-12.2087474" lon="-38.9781350"/>
 <node id="6554237913" visible="true" version="2" changeset="82634966" timestamp="2020-03-26T02:26:54Z" user="LakeBled" uid="9535224" lat="-12.2084328" lon="-38.9774698"/>
 <node id="6554237914" visible="true" version="2" changeset="82634966" timestamp="2020-03-26T02:26:54Z" user="LakeBled" uid="9535224" lat="-12.2079662" lon="-38.9765900"/>
 <node id="6554237915" visible="true" version="2" changeset="82634966" timestamp="2020-03-26T02:26:54Z" user="LakeBled" uid="9535224" lat="-12.2076254" lon="-38.9761287"/>
 <node id="6554237916" visible="true" version="1" changeset="71348042" timestamp="2019-06-18T01:03:50Z" user="teixeirista" uid="10061199" lat="-12.2071872" lon="-38.9759988"/>
 <node id="6554237917" visible="true" version="1" changeset="71348042" timestamp="2019-06-18T01:03:50Z" user="teixeirista" uid="10061199" lat="-12.2058205" lon="-38.9764473"/>
 <node id="6554237918" visible="true" version="1" changeset="71348042" timestamp="2019-06-18T01:03:50Z" user="teixeirista" uid="10061199" lat="-12.2022374" lon="-38.9771790"/>
 <node id="6554237919" visible="true" version="1" changeset="71348042" timestamp="2019-06-18T01:03:50Z" user="teixeirista" uid="10061199" lat="-12.2006244" lon="-38.9772893"/>
 <node id="6554237920" visible="true" version="1" changeset="71348042" timestamp="2019-06-18T01:03:50Z" user="teixeirista" uid="10061199" lat="-12.2000456" lon="-38.9772626"/>
 <node id="6556482676" visible="true" version="1" changeset="71383742" timestamp="2019-06-19T00:58:59Z" user="teixeirista" uid="10061199" lat="-12.2002279" lon="-38.9708337"/>
 <node id="6556482677" visible="true" version="2" changeset="71384006" timestamp="2019-06-19T01:18:38Z" user="teixeirista" uid="10061199" lat="-12.1996365" lon="-38.9723516"/>
 <node id="6556482678" visible="true" version="1" changeset="71383742" timestamp="2019-06-19T00:58:59Z" user="teixeirista" uid="10061199" lat="-12.1997863" lon="-38.9722864"/>
 <node id="6556482679" visible="true" version="1" changeset="71383742" timestamp="2019-06-19T00:58:59Z" user="teixeirista" uid="10061199" lat="-12.2008068" lon="-38.9722959"/>
 <node id="6556482680" visible="true" version="2" changeset="71384006" timestamp="2019-06-19T01:18:38Z" user="teixeirista" uid="10061199" lat="-12.1999833" lon="-38.9734410"/>
 <node id="6556482681" visible="true" version="1" changeset="71383742" timestamp="2019-06-19T00:58:59Z" user="teixeirista" uid="10061199" lat="-12.2001421" lon="-38.9733961"/>
 <node id="6556482682" visible="true" version="2" changeset="71384006" timestamp="2019-06-19T01:18:38Z" user="teixeirista" uid="10061199" lat="-12.1991860" lon="-38.9709383"/>
 <node id="6578861307" visible="true" version="2" changeset="75389501" timestamp="2019-10-07T18:17:28Z" user="teixeirista" uid="10061199" lat="-12.2003044" lon="-38.9744179"/>
 <node id="6578861311" visible="true" version="2" changeset="75389501" timestamp="2019-10-07T18:17:28Z" user="teixeirista" uid="10061199" lat="-12.2006299" lon="-38.9743018"/>
 <node id="6578861312" visible="true" version="1" changeset="71741665" timestamp="2019-06-29T18:42:44Z" user="teixeirista" uid="10061199" lat="-12.2016366" lon="-38.9751797"/>
 <node id="6578861313" visible="true" version="1" changeset="71741665" timestamp="2019-06-29T18:42:44Z" user="teixeirista" uid="10061199" lat="-12.2015989" lon="-38.9752391"/>
 <node id="6578861314" visible="true" version="1" changeset="71741665" timestamp="2019-06-29T18:42:44Z" user="teixeirista" uid="10061199" lat="-12.2020159" lon="-38.9752953"/>
 <node id="6578861315" visible="true" version="1" changeset="71741665" timestamp="2019-06-29T18:42:44Z" user="teixeirista" uid="10061199" lat="-12.2019221" lon="-38.9753860"/>
 <node id="6578861316" visible="true" version="1" changeset="71741665" timestamp="2019-06-29T18:42:44Z" user="teixeirista" uid="10061199" lat="-12.2019901" lon="-38.9753619"/>
 <node id="6578861317" visible="true" version="2" changeset="75389501" timestamp="2019-10-07T18:17:28Z" user="teixeirista" uid="10061199" lat="-12.2007572" lon="-38.9746705"/>
 <node id="6578861318" visible="true" version="2" changeset="75389501" timestamp="2019-10-07T18:17:28Z" user="teixeirista" uid="10061199" lat="-12.2005681" lon="-38.9747399"/>
 <node id="6578861319" visible="true" version="1" changeset="71741665" timestamp="2019-06-29T18:42:44Z" user="teixeirista" uid="10061199" lat="-12.2020185" lon="-38.9748942"/>
 <node id="6578861320" visible="true" version="1" changeset="71741665" timestamp="2019-06-29T18:42:44Z" user="teixeirista" uid="10061199" lat="-12.2018664" lon="-38.9748925"/>
 <node id="6578861321" visible="true" version="1" changeset="71741665" timestamp="2019-06-29T18:42:44Z" user="teixeirista" uid="10061199" lat="-12.2021449" lon="-38.9753797"/>
 <node id="6578861322" visible="true" version="1" changeset="71741665" timestamp="2019-06-29T18:42:44Z" user="teixeirista" uid="10061199" lat="-12.2021615" lon="-38.9753643"/>
 <node id="6578861323" visible="true" version="1" changeset="71741665" timestamp="2019-06-29T18:42:44Z" user="teixeirista" uid="10061199" lat="-12.2021600" lon="-38.9753339"/>
 <node id="6578861324" visible="true" version="1" changeset="71741665" timestamp="2019-06-29T18:42:44Z" user="teixeirista" uid="10061199" lat="-12.2007446" lon="-38.9758584"/>
 <node id="6578861325" visible="true" version="2" changeset="81322467" timestamp="2020-02-21T14:51:41Z" user="Weisshorn" uid="10278885" lat="-12.2007856" lon="-38.9758886"/>
 <node id="6587762214" visible="true" version="1" changeset="71878355" timestamp="2019-07-04T00:29:14Z" user="Laercio Rios" uid="9591274" lat="-12.2015053" lon="-38.9695861"/>
 <node id="6587762215" visible="true" version="1" changeset="71878355" timestamp="2019-07-04T00:29:14Z" user="Laercio Rios" uid="9591274" lat="-12.2015801" lon="-38.9694133"/>
 <node id="6587762216" visible="true" version="1" changeset="71878355" timestamp="2019-07-04T00:29:14Z" user="Laercio Rios" uid="9591274" lat="-12.2012929" lon="-38.9696431"/>
 <node id="6587762217" visible="true" version="1" changeset="71878355" timestamp="2019-07-04T00:29:14Z" user="Laercio Rios" uid="9591274" lat="-12.2011246" lon="-38.9691025"/>
 <node id="6587762218" visible="true" version="1" changeset="71878355" timestamp="2019-07-04T00:29:14Z" user="Laercio Rios" uid="9591274" lat="-12.2013077" lon="-38.9690428"/>
 <node id="6587762219" visible="true" version="1" changeset="71878355" timestamp="2019-07-04T00:29:14Z" user="Laercio Rios" uid="9591274" lat="-12.2014761" lon="-38.9695834"/>
 <node id="6587762220" visible="true" version="1" changeset="71878355" timestamp="2019-07-04T00:29:14Z" user="Laercio Rios" uid="9591274" lat="-12.2018231" lon="-38.9704168"/>
 <node id="6587762221" visible="true" version="1" changeset="71878355" timestamp="2019-07-04T00:29:14Z" user="Laercio Rios" uid="9591274" lat="-12.2016636" lon="-38.9699324"/>
 <node id="6587762222" visible="true" version="1" changeset="71878355" timestamp="2019-07-04T00:29:14Z" user="Laercio Rios" uid="9591274" lat="-12.2018776" lon="-38.9698586"/>
 <node id="6587762223" visible="true" version="1" changeset="71878355" timestamp="2019-07-04T00:29:14Z" user="Laercio Rios" uid="9591274" lat="-12.2020371" lon="-38.9703431"/>
 <node id="6587762224" visible="true" version="2" changeset="97401433" timestamp="2021-01-13T00:02:55Z" user="raphaelmirc" uid="4102129" lat="-12.2017779" lon="-38.9695960">
  <tag k="addr:city" v="Feira de Santana"/>
  <tag k="addr:street" v="Avenida Transnordestina"/>
  <tag k="addr:suburb" v="Novo Horizonte"/>
  <tag k="air_conditioning" v="yes"/>
  <tag k="email" v="admjr@admjr.com.br"/>
  <tag k="name" v="ADM Jr"/>
  <tag k="office" v="financial_advisor"/>
  <tag k="opening_hours" v="Mo-Fr 14:00-18:00"/>
  <tag k="phone" v="+55 75 3161-8054"/>
  <tag k="website" v="http://www.admjr.com.br/"/>
 </node>
 <node id="6587762225" visible="true" version="3" changeset="121416951" timestamp="2022-05-24T10:53:05Z" user="b-jazz-bot" uid="9451067" lat="-12.2005548" lon="-38.9733500">
  <tag k="email" v="ecompjr@uefs.br"/>
  <tag k="name" v="ECOMP Jr"/>
  <tag k="office" v="it"/>
  <tag k="opening_hours" v="Mo-Fr 07:30-17:30"/>
  <tag k="phone" v="+55 75 9 8897-6806"/>
  <tag k="website" v="https://www.ecompjr.com.br/"/>
 </node>
 <node id="6686064779" visible="true" version="4" changeset="166888175" timestamp="2025-05-28T18:12:22Z" user="MaroniRiver" uid="22048881" lat="-12.2152968" lon="-38.9656849"/>
 <node id="6686064781" visible="true" version="3" changeset="112227836" timestamp="2021-10-07T17:40:15Z" user="ProjetoMapeia" uid="11455881" lat="-12.2156918" lon="-38.9656923">
  <tag k="maxspeed" v="60"/>
  <tag k="traffic_sign" v="maxspeed"/>
 </node>
 <node id="6686064783" visible="true" version="3" changeset="112227836" timestamp="2021-10-07T17:40:15Z" user="ProjetoMapeia" uid="11455881" lat="-12.2157023" lon="-38.9655916">
  <tag k="maxspeed" v="60"/>
  <tag k="traffic_sign" v="maxspeed"/>
 </node>
 <node id="6686064784" visible="true" version="3" changeset="81313996" timestamp="2020-02-21T10:56:17Z" user="Weisshorn" uid="10278885" lat="-12.2148804" lon="-38.9655890"/>
 <node id="6686064785" visible="true" version="2" changeset="81313996" timestamp="2020-02-21T10:56:17Z" user="Weisshorn" uid="10278885" lat="-12.2139787" lon="-38.9655809"/>
 <node id="6686064786" visible="true" version="2" changeset="81313996" timestamp="2020-02-21T10:56:17Z" user="Weisshorn" uid="10278885" lat="-12.2128802" lon="-38.9656520"/>
 <node id="6686064787" visible="true" version="2" changeset="80993829" timestamp="2020-02-14T07:37:41Z" user="LavenderBay" uid="10409666" lat="-12.2151102" lon="-38.9655956"/>
 <node id="6686064797" visible="true" version="2" changeset="81313996" timestamp="2020-02-21T10:56:17Z" user="Weisshorn" uid="10278885" lat="-12.2131070" lon="-38.9655675"/>
 <node id="6686064806" visible="true" version="2" changeset="81320488" timestamp="2020-02-21T13:56:21Z" user="Weisshorn" uid="10278885" lat="-12.2113552" lon="-38.9653686"/>
 <node id="6686064808" visible="true" version="1" changeset="73047191" timestamp="2019-08-06T04:28:23Z" user="patodiez" uid="1856060" lat="-12.2078665" lon="-38.9652319"/>
 <node id="6686064809" visible="true" version="4" changeset="120906965" timestamp="2022-05-12T21:31:08Z" user="WhereIsNorth" uid="13771537" lat="-12.2077335" lon="-38.9654644"/>
 <node id="6686064810" visible="true" version="2" changeset="81320488" timestamp="2020-02-21T13:56:21Z" user="Weisshorn" uid="10278885" lat="-12.2077270" lon="-38.9651766"/>
 <node id="6686064811" visible="true" version="2" changeset="81320488" timestamp="2020-02-21T13:56:21Z" user="Weisshorn" uid="10278885" lat="-12.2083961" lon="-38.9649332"/>
 <node id="6686293629" visible="true" version="2" changeset="81320488" timestamp="2020-02-21T13:56:21Z" user="Weisshorn" uid="10278885" lat="-12.2067668" lon="-38.9651524"/>
 <node id="6686293630" visible="true" version="3" changeset="120906965" timestamp="2022-05-12T21:31:08Z" user="WhereIsNorth" uid="13771537" lat="-12.2073136" lon="-38.9654565"/>
 <node id="6686293631" visible="true" version="2" changeset="81320488" timestamp="2020-02-21T13:56:21Z" user="Weisshorn" uid="10278885" lat="-12.2068271" lon="-38.9652269"/>
 <node id="6686293632" visible="true" version="2" changeset="81320488" timestamp="2020-02-21T13:56:21Z" user="Weisshorn" uid="10278885" lat="-12.2067957" lon="-38.9653160"/>
 <node id="6686293633" visible="true" version="2" changeset="81320488" timestamp="2020-02-21T13:56:21Z" user="Weisshorn" uid="10278885" lat="-12.2068114" lon="-38.9653563"/>
 <node id="6686293634" visible="true" version="3" changeset="120906965" timestamp="2022-05-12T21:31:08Z" user="WhereIsNorth" uid="13771537" lat="-12.2068168" lon="-38.9653955"/>
 <node id="6686293635" visible="true" version="4" changeset="120906965" timestamp="2022-05-12T21:31:08Z" user="WhereIsNorth" uid="13771537" lat="-12.2067943" lon="-38.9654564"/>
 <node id="6686293636" visible="true" version="2" changeset="81320488" timestamp="2020-02-21T13:56:21Z" user="Weisshorn" uid="10278885" lat="-12.2050672" lon="-38.9651885"/>
 <node id="6686293637" visible="true" version="2" changeset="81320488" timestamp="2020-02-21T13:56:21Z" user="Weisshorn" uid="10278885" lat="-12.2050515" lon="-38.9651377"/>
 <node id="6686293638" visible="true" version="3" changeset="120906965" timestamp="2022-05-12T21:31:08Z" user="WhereIsNorth" uid="13771537" lat="-12.2066875" lon="-38.9654515"/>
 <node id="6686293639" visible="true" version="3" changeset="120906965" timestamp="2022-05-12T21:31:08Z" user="WhereIsNorth" uid="13771537" lat="-12.2063798" lon="-38.9653770"/>
 <node id="6686293640" visible="true" version="3" changeset="120906965" timestamp="2022-05-12T21:31:08Z" user="WhereIsNorth" uid="13771537" lat="-12.2061792" lon="-38.9653587"/>
 <node id="6686293641" visible="true" version="2" changeset="81313996" timestamp="2020-02-21T10:56:17Z" user="Weisshorn" uid="10278885" lat="-12.2060184" lon="-38.9653556"/>
 <node id="6686293642" visible="true" version="2" changeset="81313996" timestamp="2020-02-21T10:56:17Z" user="Weisshorn" uid="10278885" lat="-12.2057536" lon="-38.9653543"/>
 <node id="6686293644" visible="true" version="2" changeset="81403245" timestamp="2020-02-24T11:31:16Z" user="Escambron" uid="10653123" lat="-12.2038290" lon="-38.9630489"/>
 <node id="6686293645" visible="true" version="3" changeset="81403245" timestamp="2020-02-24T11:31:16Z" user="Escambron" uid="10653123" lat="-12.2049907" lon="-38.9626509"/>
 <node id="6686293646" visible="true" version="2" changeset="81320488" timestamp="2020-02-21T13:56:21Z" user="Weisshorn" uid="10278885" lat="-12.2033725" lon="-38.9651860"/>
 <node id="6686293647" visible="true" version="2" changeset="81320488" timestamp="2020-02-21T13:56:21Z" user="Weisshorn" uid="10278885" lat="-12.2032414" lon="-38.9651618"/>
 <node id="6686293648" visible="true" version="2" changeset="81320488" timestamp="2020-02-21T13:56:21Z" user="Weisshorn" uid="10278885" lat="-12.2026653" lon="-38.9650713"/>
 <node id="6686293649" visible="true" version="2" changeset="81402617" timestamp="2020-02-24T11:15:10Z" user="Escambron" uid="10653123" lat="-12.2027250" lon="-38.9634358"/>
 <node id="6686293650" visible="true" version="2" changeset="81401544" timestamp="2020-02-24T10:49:30Z" user="Escambron" uid="10653123" lat="-12.2038482" lon="-38.9632040"/>
 <node id="6686293651" visible="true" version="2" changeset="81401544" timestamp="2020-02-24T10:49:30Z" user="Escambron" uid="10653123" lat="-12.2030909" lon="-38.9634558"/>
 <node id="6686293652" visible="true" version="2" changeset="81317318" timestamp="2020-02-21T12:31:35Z" user="Weisshorn" uid="10278885" lat="-12.2028908" lon="-38.9657284"/>
 <node id="6686293653" visible="true" version="1" changeset="73047452" timestamp="2019-08-06T04:45:50Z" user="patodiez" uid="1856060" lat="-12.2054178" lon="-38.9657707"/>
 <node id="6686293654" visible="true" version="2" changeset="81320488" timestamp="2020-02-21T13:56:21Z" user="Weisshorn" uid="10278885" lat="-12.2034938" lon="-38.9651947"/>
 <node id="6686293655" visible="true" version="2" changeset="81313996" timestamp="2020-02-21T10:56:17Z" user="Weisshorn" uid="10278885" lat="-12.2034912" lon="-38.9653248"/>
 <node id="6686293656" visible="true" version="2" changeset="81320488" timestamp="2020-02-21T13:56:21Z" user="Weisshorn" uid="10278885" lat="-12.2030841" lon="-38.9651196"/>
 <node id="6686293657" visible="true" version="4" changeset="121028893" timestamp="2022-05-16T00:57:27Z" user="Fidelis Assis" uid="1675654" lat="-12.2030834" lon="-38.9653263"/>
 <node id="6686293658" visible="true" version="3" changeset="81317318" timestamp="2020-02-21T12:31:35Z" user="Weisshorn" uid="10278885" lat="-12.2021889" lon="-38.9655910"/>
 <node id="6686293659" visible="true" version="4" changeset="153865195" timestamp="2024-07-12T17:17:25Z" user="ProjetoMapeia" uid="11455881" lat="-12.2014824" lon="-38.9655038"/>
 <node id="6686293661" visible="true" version="2" changeset="81313996" timestamp="2020-02-21T10:56:17Z" user="Weisshorn" uid="10278885" lat="-12.2015197" lon="-38.9655621"/>
 <node id="6686293662" visible="true" version="2" changeset="81313996" timestamp="2020-02-21T10:56:17Z" user="Weisshorn" uid="10278885" lat="-12.2020958" lon="-38.9655849"/>
 <node id="6686293663" visible="true" version="2" changeset="81313996" timestamp="2020-02-21T10:56:17Z" user="Weisshorn" uid="10278885" lat="-12.2023809" lon="-38.9655970"/>
 <node id="6686293664" visible="true" version="2" changeset="81313996" timestamp="2020-02-21T10:56:17Z" user="Weisshorn" uid="10278885" lat="-12.2029144" lon="-38.9655970"/>
 <node id="6686293665" visible="true" version="2" changeset="81313996" timestamp="2020-02-21T10:56:17Z" user="Weisshorn" uid="10278885" lat="-12.2033457" lon="-38.9655983"/>
 <node id="6686293667" visible="true" version="3" changeset="153865195" timestamp="2024-07-12T17:17:25Z" user="ProjetoMapeia" uid="11455881" lat="-12.2047213" lon="-38.9655380">
  <tag k="maxspeed" v="60"/>
  <tag k="traffic_sign" v="maxspeed"/>
 </node>
 <node id="6686293669" visible="true" version="3" changeset="138169001" timestamp="2023-07-06T02:52:11Z" user="LaurentianPlateau" uid="15994207" lat="-12.2006900" lon="-38.9653972"/>
 <node id="6686293671" visible="true" version="4" changeset="138169001" timestamp="2023-07-06T02:52:11Z" user="LaurentianPlateau" uid="15994207" lat="-12.2015800" lon="-38.9653972"/>
 <node id="6686293676" visible="true" version="2" changeset="81402617" timestamp="2020-02-24T11:15:10Z" user="Escambron" uid="10653123" lat="-12.2011461" lon="-38.9621624"/>
 <node id="6686293677" visible="true" version="2" changeset="81402617" timestamp="2020-02-24T11:15:10Z" user="Escambron" uid="10653123" lat="-12.2011697" lon="-38.9618500"/>
 <node id="6686293678" visible="true" version="2" changeset="81402617" timestamp="2020-02-24T11:15:10Z" user="Escambron" uid="10653123" lat="-12.2012064" lon="-38.9617306"/>
 <node id="6686293679" visible="true" version="2" changeset="81402617" timestamp="2020-02-24T11:15:10Z" user="Escambron" uid="10653123" lat="-12.2012890" lon="-38.9616206"/>
 <node id="6686293680" visible="true" version="2" changeset="81402617" timestamp="2020-02-24T11:15:10Z" user="Escambron" uid="10653123" lat="-12.2013132" lon="-38.9613879"/>
 <node id="6686323087" visible="true" version="4" changeset="81411056" timestamp="2020-02-24T14:37:33Z" user="Escambron" uid="10653123" lat="-12.2066331" lon="-38.9592583"/>
 <node id="6686323089" visible="true" version="4" changeset="81411056" timestamp="2020-02-24T14:37:33Z" user="Escambron" uid="10653123" lat="-12.2061760" lon="-38.9596198"/>
 <node id="6686323091" visible="true" version="3" changeset="137274041" timestamp="2023-06-13T08:04:06Z" user="Solheimajokull" uid="10334725" lat="-12.2002510" lon="-38.9601901"/>
 <node id="6686323092" visible="true" version="4" changeset="138412432" timestamp="2023-07-12T08:52:15Z" user="LaurentianPlateau" uid="15994207" lat="-12.2064301" lon="-38.9583821"/>
 <node id="6686323094" visible="true" version="4" changeset="81403245" timestamp="2020-02-24T11:31:16Z" user="Escambron" uid="10653123" lat="-12.2015580" lon="-38.9597767"/>
 <node id="6686323095" visible="true" version="3" changeset="81402617" timestamp="2020-02-24T11:15:10Z" user="Escambron" uid="10653123" lat="-12.2008935" lon="-38.9599878"/>
 <node id="6686323096" visible="true" version="3" changeset="81402617" timestamp="2020-02-24T11:15:10Z" user="Escambron" uid="10653123" lat="-12.2021744" lon="-38.9595916"/>
 <node id="6686323140" visible="true" version="4" changeset="138169001" timestamp="2023-07-06T02:52:11Z" user="LaurentianPlateau" uid="15994207" lat="-12.1952710" lon="-38.9652041"/>
 <node id="6686792976" visible="true" version="2" changeset="80987263" timestamp="2020-02-14T05:08:02Z" user="LavenderBay" uid="10409666" lat="-12.2277110" lon="-38.9666161"/>
 <node id="6686792979" visible="true" version="2" changeset="80989022" timestamp="2020-02-14T05:55:25Z" user="LavenderBay" uid="10409666" lat="-12.2255441" lon="-38.9671597"/>
 <node id="6686792981" visible="true" version="2" changeset="80998495" timestamp="2020-02-14T09:06:25Z" user="LavenderBay" uid="10409666" lat="-12.2239075" lon="-38.9672804"/>
 <node id="6694006294" visible="true" version="3" changeset="167916481" timestamp="2025-06-21T14:30:53Z" user="DoloresReis" uid="16805459" lat="-12.2082113" lon="-38.9706623"/>
 <node id="6694006295" visible="true" version="3" changeset="167916481" timestamp="2025-06-21T14:30:53Z" user="DoloresReis" uid="16805459" lat="-12.2080278" lon="-38.9706798"/>
 <node id="6694006296" visible="true" version="2" changeset="81317318" timestamp="2020-02-21T12:31:35Z" user="Weisshorn" uid="10278885" lat="-12.2071456" lon="-38.9708126"/>
 <node id="6694006297" visible="true" version="1" changeset="73135691" timestamp="2019-08-08T05:08:10Z" user="patodiez" uid="1856060" lat="-12.2075550" lon="-38.9709209"/>
 <node id="6694006298" visible="true" version="2" changeset="81315561" timestamp="2020-02-21T11:39:03Z" user="Weisshorn" uid="10278885" lat="-12.2077538" lon="-38.9714094"/>
 <node id="6694006299" visible="true" version="2" changeset="81315561" timestamp="2020-02-21T11:39:03Z" user="Weisshorn" uid="10278885" lat="-12.2082074" lon="-38.9720598"/>
 <node id="6694006300" visible="true" version="1" changeset="73135691" timestamp="2019-08-08T05:08:10Z" user="patodiez" uid="1856060" lat="-12.2079394" lon="-38.9724687"/>
 <node id="6694006301" visible="true" version="2" changeset="81315561" timestamp="2020-02-21T11:39:03Z" user="Weisshorn" uid="10278885" lat="-12.2079216" lon="-38.9727370"/>
 <node id="6694006302" visible="true" version="2" changeset="81320488" timestamp="2020-02-21T13:56:21Z" user="Weisshorn" uid="10278885" lat="-12.2092376" lon="-38.9766276"/>
 <node id="6694006303" visible="true" version="2" changeset="81320488" timestamp="2020-02-21T13:56:21Z" user="Weisshorn" uid="10278885" lat="-12.2084699" lon="-38.9770950"/>
 <node id="6694006304" visible="true" version="1" changeset="73135691" timestamp="2019-08-08T05:08:10Z" user="patodiez" uid="1856060" lat="-12.2057068" lon="-38.9748714"/>
 <node id="6694006305" visible="true" version="2" changeset="81317318" timestamp="2020-02-21T12:31:35Z" user="Weisshorn" uid="10278885" lat="-12.2055452" lon="-38.9692656"/>
 <node id="6694006306" visible="true" version="2" changeset="81317318" timestamp="2020-02-21T12:31:35Z" user="Weisshorn" uid="10278885" lat="-12.2049016" lon="-38.9677347"/>
 <node id="6694006307" visible="true" version="2" changeset="81317318" timestamp="2020-02-21T12:31:35Z" user="Weisshorn" uid="10278885" lat="-12.2047718" lon="-38.9675362"/>
 <node id="6722018808" visible="true" version="1" changeset="73476594" timestamp="2019-08-19T01:35:18Z" user="teixeirista" uid="10061199" lat="-12.2017398" lon="-38.9684996"/>
 <node id="6722018809" visible="true" version="1" changeset="73476594" timestamp="2019-08-19T01:35:18Z" user="teixeirista" uid="10061199" lat="-12.2022433" lon="-38.9687565"/>
 <node id="6722018810" visible="true" version="1" changeset="73476594" timestamp="2019-08-19T01:35:18Z" user="teixeirista" uid="10061199" lat="-12.2023297" lon="-38.9685792"/>
 <node id="6722018811" visible="true" version="1" changeset="73476594" timestamp="2019-08-19T01:35:18Z" user="teixeirista" uid="10061199" lat="-12.2018262" lon="-38.9683224"/>
 <node id="6722018812" visible="true" version="1" changeset="73476594" timestamp="2019-08-19T01:35:18Z" user="teixeirista" uid="10061199" lat="-12.2020833" lon="-38.9684322"/>
 <node id="6722018813" visible="true" version="1" changeset="73476594" timestamp="2019-08-19T01:35:18Z" user="teixeirista" uid="10061199" lat="-12.2019437" lon="-38.9683599"/>
 <node id="6722018814" visible="true" version="1" changeset="73476594" timestamp="2019-08-19T01:35:18Z" user="teixeirista" uid="10061199" lat="-12.2021241" lon="-38.9679955"/>
 <node id="6722018815" visible="true" version="1" changeset="73476594" timestamp="2019-08-19T01:35:18Z" user="teixeirista" uid="10061199" lat="-12.2022637" lon="-38.9680679"/>
 <node id="6722018816" visible="true" version="1" changeset="73476594" timestamp="2019-08-19T01:35:18Z" user="teixeirista" uid="10061199" lat="-12.2022213" lon="-38.9693761"/>
 <node id="6722018817" visible="true" version="1" changeset="73476594" timestamp="2019-08-19T01:35:18Z" user="teixeirista" uid="10061199" lat="-12.2020447" lon="-38.9692831"/>
 <node id="6722018818" visible="true" version="1" changeset="73476594" timestamp="2019-08-19T01:35:18Z" user="teixeirista" uid="10061199" lat="-12.2022023" lon="-38.9689701"/>
 <node id="6722018819" visible="true" version="1" changeset="73476594" timestamp="2019-08-19T01:35:18Z" user="teixeirista" uid="10061199" lat="-12.2023788" lon="-38.9690631"/>
 <node id="6722018820" visible="true" version="1" changeset="73476594" timestamp="2019-08-19T01:35:18Z" user="teixeirista" uid="10061199" lat="-12.2022227" lon="-38.9689381"/>
 <node id="6722018821" visible="true" version="1" changeset="73476594" timestamp="2019-08-19T01:35:18Z" user="teixeirista" uid="10061199" lat="-12.2025317" lon="-38.9690989"/>
 <node id="6722018822" visible="true" version="1" changeset="73476594" timestamp="2019-08-19T01:35:18Z" user="teixeirista" uid="10061199" lat="-12.2026200" lon="-38.9689213"/>
 <node id="6722018823" visible="true" version="1" changeset="73476594" timestamp="2019-08-19T01:35:18Z" user="teixeirista" uid="10061199" lat="-12.2023110" lon="-38.9687604"/>
 <node id="6722018824" visible="true" version="3" changeset="81324116" timestamp="2020-02-21T15:46:56Z" user="Weisshorn" uid="10278885" lat="-12.1998589" lon="-38.9676945"/>
 <node id="6722018825" visible="true" version="2" changeset="81326180" timestamp="2020-02-21T16:53:09Z" user="Weisshorn" uid="10278885" lat="-12.2000608" lon="-38.9676824"/>
 <node id="6722018826" visible="true" version="2" changeset="81326180" timestamp="2020-02-21T16:53:09Z" user="Weisshorn" uid="10278885" lat="-12.2002731" lon="-38.9676918"/>
 <node id="6722018827" visible="true" version="1" changeset="73476594" timestamp="2019-08-19T01:35:18Z" user="teixeirista" uid="10061199" lat="-12.2004743" lon="-38.9677206"/>
 <node id="6722018828" visible="true" version="2" changeset="81326180" timestamp="2020-02-21T16:53:09Z" user="Weisshorn" uid="10278885" lat="-12.2006559" lon="-38.9677481"/>
 <node id="6722018829" visible="true" version="1" changeset="73476594" timestamp="2019-08-19T01:35:18Z" user="teixeirista" uid="10061199" lat="-12.2006811" lon="-38.9660059"/>
 <node id="6722018830" visible="true" version="2" changeset="81326180" timestamp="2020-02-21T16:53:09Z" user="Weisshorn" uid="10278885" lat="-12.2006834" lon="-38.9665183"/>
 <node id="6722018831" visible="true" version="2" changeset="81326180" timestamp="2020-02-21T16:53:09Z" user="Weisshorn" uid="10278885" lat="-12.2006886" lon="-38.9670897"/>
 <node id="6722018832" visible="true" version="2" changeset="81326180" timestamp="2020-02-21T16:53:09Z" user="Weisshorn" uid="10278885" lat="-12.2007817" lon="-38.9682511"/>
 <node id="6722018833" visible="true" version="3" changeset="123204561" timestamp="2022-07-04T19:13:15Z" user="AjBelnuovo" uid="1799626" lat="-12.2025862" lon="-38.9676464"/>
 <node id="6722018840" visible="true" version="2" changeset="81326180" timestamp="2020-02-21T16:53:09Z" user="Weisshorn" uid="10278885" lat="-12.2008997" lon="-38.9680660"/>
 <node id="6722018841" visible="true" version="2" changeset="81326180" timestamp="2020-02-21T16:53:09Z" user="Weisshorn" uid="10278885" lat="-12.2009816" lon="-38.9678936"/>
 <node id="6722018842" visible="true" version="2" changeset="81326180" timestamp="2020-02-21T16:53:09Z" user="Weisshorn" uid="10278885" lat="-12.2011134" lon="-38.9676677"/>
 <node id="6722018843" visible="true" version="2" changeset="81326180" timestamp="2020-02-21T16:53:09Z" user="Weisshorn" uid="10278885" lat="-12.2012326" lon="-38.9674678"/>
 <node id="6722018844" visible="true" version="2" changeset="81326180" timestamp="2020-02-21T16:53:09Z" user="Weisshorn" uid="10278885" lat="-12.2014607" lon="-38.9671004"/>
 <node id="6722018845" visible="true" version="1" changeset="73476594" timestamp="2019-08-19T01:35:18Z" user="teixeirista" uid="10061199" lat="-12.2016362" lon="-38.9667782"/>
 <node id="6722018846" visible="true" version="2" changeset="81326180" timestamp="2020-02-21T16:53:09Z" user="Weisshorn" uid="10278885" lat="-12.2016134" lon="-38.9666779"/>
 <node id="6722018847" visible="true" version="1" changeset="73476594" timestamp="2019-08-19T01:35:18Z" user="teixeirista" uid="10061199" lat="-12.2012500" lon="-38.9668242"/>
 <node id="6722018848" visible="true" version="2" changeset="81326180" timestamp="2020-02-21T16:53:09Z" user="Weisshorn" uid="10278885" lat="-12.2013323" lon="-38.9673056"/>
 <node id="6854361278" visible="true" version="1" changeset="75328816" timestamp="2019-10-05T21:57:45Z" user="teixeirista" uid="10061199" lat="-12.2027272" lon="-38.9762905"/>
 <node id="6854361279" visible="true" version="1" changeset="75328816" timestamp="2019-10-05T21:57:45Z" user="teixeirista" uid="10061199" lat="-12.2030778" lon="-38.9761823"/>
 <node id="6854361280" visible="true" version="1" changeset="75328816" timestamp="2019-10-05T21:57:45Z" user="teixeirista" uid="10061199" lat="-12.2035794" lon="-38.9760895"/>
 <node id="6854361281" visible="true" version="1" changeset="75328816" timestamp="2019-10-05T21:57:45Z" user="teixeirista" uid="10061199" lat="-12.2041778" lon="-38.9759535"/>
 <node id="6854361282" visible="true" version="1" changeset="75328816" timestamp="2019-10-05T21:57:45Z" user="teixeirista" uid="10061199" lat="-12.2046975" lon="-38.9757927"/>
 <node id="6854361283" visible="true" version="1" changeset="75328816" timestamp="2019-10-05T21:57:45Z" user="teixeirista" uid="10061199" lat="-12.2049574" lon="-38.9756721"/>
 <node id="6854361284" visible="true" version="1" changeset="75328816" timestamp="2019-10-05T21:57:45Z" user="teixeirista" uid="10061199" lat="-12.2051266" lon="-38.9755639"/>
 <node id="6854367485" visible="true" version="1" changeset="75328816" timestamp="2019-10-05T21:57:45Z" user="teixeirista" uid="10061199" lat="-12.2051871" lon="-38.9754866"/>
 <node id="6854367486" visible="true" version="1" changeset="75328816" timestamp="2019-10-05T21:57:45Z" user="teixeirista" uid="10061199" lat="-12.2052022" lon="-38.9753784"/>
 <node id="6854367487" visible="true" version="1" changeset="75328816" timestamp="2019-10-05T21:57:45Z" user="teixeirista" uid="10061199" lat="-12.2051327" lon="-38.9750971"/>
 <node id="6854367488" visible="true" version="1" changeset="75328816" timestamp="2019-10-05T21:57:45Z" user="teixeirista" uid="10061199" lat="-12.2049362" lon="-38.9744664"/>
 <node id="6854367489" visible="true" version="1" changeset="75328816" timestamp="2019-10-05T21:57:45Z" user="teixeirista" uid="10061199" lat="-12.2045071" lon="-38.9731060"/>
 <node id="6854367490" visible="true" version="1" changeset="75328816" timestamp="2019-10-05T21:57:45Z" user="teixeirista" uid="10061199" lat="-12.2041234" lon="-38.9718631"/>
 <node id="6854367491" visible="true" version="1" changeset="75328816" timestamp="2019-10-05T21:57:45Z" user="teixeirista" uid="10061199" lat="-12.2039360" lon="-38.9712138"/>
 <node id="6854367492" visible="true" version="1" changeset="75328816" timestamp="2019-10-05T21:57:45Z" user="teixeirista" uid="10061199" lat="-12.2037094" lon="-38.9705275"/>
 <node id="6854367493" visible="true" version="1" changeset="75328816" timestamp="2019-10-05T21:57:45Z" user="teixeirista" uid="10061199" lat="-12.2034374" lon="-38.9705213"/>
 <node id="6854367494" visible="true" version="1" changeset="75328816" timestamp="2019-10-05T21:57:45Z" user="teixeirista" uid="10061199" lat="-12.2031956" lon="-38.9705182"/>
 <node id="6854367495" visible="true" version="1" changeset="75328816" timestamp="2019-10-05T21:57:45Z" user="teixeirista" uid="10061199" lat="-12.2030929" lon="-38.9705615"/>
 <node id="6854367496" visible="true" version="1" changeset="75328816" timestamp="2019-10-05T21:57:45Z" user="teixeirista" uid="10061199" lat="-12.2029388" lon="-38.9706295"/>
 <node id="6854367497" visible="true" version="1" changeset="75328816" timestamp="2019-10-05T21:57:45Z" user="teixeirista" uid="10061199" lat="-12.2027968" lon="-38.9707563"/>
 <node id="6854367498" visible="true" version="1" changeset="75328816" timestamp="2019-10-05T21:57:45Z" user="teixeirista" uid="10061199" lat="-12.2027393" lon="-38.9709325"/>
 <node id="6854367499" visible="true" version="1" changeset="75328816" timestamp="2019-10-05T21:57:45Z" user="teixeirista" uid="10061199" lat="-12.2027303" lon="-38.9713777"/>
 <node id="6854367500" visible="true" version="1" changeset="75328816" timestamp="2019-10-05T21:57:45Z" user="teixeirista" uid="10061199" lat="-12.2025157" lon="-38.9714117"/>
 <node id="6854367501" visible="true" version="1" changeset="75328816" timestamp="2019-10-05T21:57:45Z" user="teixeirista" uid="10061199" lat="-12.2024009" lon="-38.9714581"/>
 <node id="6854367502" visible="true" version="1" changeset="75328816" timestamp="2019-10-05T21:57:45Z" user="teixeirista" uid="10061199" lat="-12.2023344" lon="-38.9715447"/>
 <node id="6854367503" visible="true" version="1" changeset="75328816" timestamp="2019-10-05T21:57:45Z" user="teixeirista" uid="10061199" lat="-12.2023072" lon="-38.9716034"/>
 <node id="6854367504" visible="true" version="1" changeset="75328816" timestamp="2019-10-05T21:57:45Z" user="teixeirista" uid="10061199" lat="-12.2024311" lon="-38.9716343"/>
 <node id="6854367505" visible="true" version="1" changeset="75328816" timestamp="2019-10-05T21:57:45Z" user="teixeirista" uid="10061199" lat="-12.2025097" lon="-38.9716467"/>
 <node id="6854367506" visible="true" version="1" changeset="75328816" timestamp="2019-10-05T21:57:45Z" user="teixeirista" uid="10061199" lat="-12.2025822" lon="-38.9716374"/>
 <node id="6854367507" visible="true" version="1" changeset="75328816" timestamp="2019-10-05T21:57:45Z" user="teixeirista" uid="10061199" lat="-12.2026215" lon="-38.9716900"/>
 <node id="6854367508" visible="true" version="1" changeset="75328816" timestamp="2019-10-05T21:57:45Z" user="teixeirista" uid="10061199" lat="-12.2026759" lon="-38.9717703"/>
 <node id="6854367509" visible="true" version="1" changeset="75328816" timestamp="2019-10-05T21:57:45Z" user="teixeirista" uid="10061199" lat="-12.2027393" lon="-38.9719064"/>
 <node id="6854367510" visible="true" version="1" changeset="75328816" timestamp="2019-10-05T21:57:45Z" user="teixeirista" uid="10061199" lat="-12.2028028" lon="-38.9720672"/>
 <node id="6854367511" visible="true" version="1" changeset="75328816" timestamp="2019-10-05T21:57:45Z" user="teixeirista" uid="10061199" lat="-12.2028995" lon="-38.9720548"/>
 <node id="6854367512" visible="true" version="1" changeset="75328816" timestamp="2019-10-05T21:57:45Z" user="teixeirista" uid="10061199" lat="-12.2029237" lon="-38.9721352"/>
 <node id="6854367513" visible="true" version="1" changeset="75328816" timestamp="2019-10-05T21:57:45Z" user="teixeirista" uid="10061199" lat="-12.2029267" lon="-38.9722929"/>
 <node id="6854367514" visible="true" version="1" changeset="75328816" timestamp="2019-10-05T21:57:45Z" user="teixeirista" uid="10061199" lat="-12.2030264" lon="-38.9727597"/>
 <node id="6854367515" visible="true" version="1" changeset="75328816" timestamp="2019-10-05T21:57:45Z" user="teixeirista" uid="10061199" lat="-12.2030506" lon="-38.9730720"/>
 <node id="6854367516" visible="true" version="1" changeset="75328816" timestamp="2019-10-05T21:57:45Z" user="teixeirista" uid="10061199" lat="-12.2031050" lon="-38.9733842"/>
 <node id="6854367517" visible="true" version="1" changeset="75328816" timestamp="2019-10-05T21:57:45Z" user="teixeirista" uid="10061199" lat="-12.2030989" lon="-38.9734492"/>
 <node id="6854367518" visible="true" version="1" changeset="75328816" timestamp="2019-10-05T21:57:45Z" user="teixeirista" uid="10061199" lat="-12.2029690" lon="-38.9735172"/>
 <node id="6854367519" visible="true" version="1" changeset="75328816" timestamp="2019-10-05T21:57:45Z" user="teixeirista" uid="10061199" lat="-12.2029055" lon="-38.9734832"/>
 <node id="6854367520" visible="true" version="1" changeset="75328816" timestamp="2019-10-05T21:57:45Z" user="teixeirista" uid="10061199" lat="-12.2028542" lon="-38.9734708"/>
 <node id="6854367521" visible="true" version="1" changeset="75328816" timestamp="2019-10-05T21:57:45Z" user="teixeirista" uid="10061199" lat="-12.2028270" lon="-38.9734832"/>
 <node id="6854367522" visible="true" version="1" changeset="75328816" timestamp="2019-10-05T21:57:45Z" user="teixeirista" uid="10061199" lat="-12.2028179" lon="-38.9735234"/>
 <node id="6854367523" visible="true" version="1" changeset="75328816" timestamp="2019-10-05T21:57:45Z" user="teixeirista" uid="10061199" lat="-12.2028481" lon="-38.9736934"/>
 <node id="6854367524" visible="true" version="1" changeset="75328816" timestamp="2019-10-05T21:57:45Z" user="teixeirista" uid="10061199" lat="-12.2028209" lon="-38.9737614"/>
 <node id="6854367525" visible="true" version="1" changeset="75328816" timestamp="2019-10-05T21:57:45Z" user="teixeirista" uid="10061199" lat="-12.2028360" lon="-38.9738635"/>
 <node id="6854367526" visible="true" version="1" changeset="75328816" timestamp="2019-10-05T21:57:45Z" user="teixeirista" uid="10061199" lat="-12.2028602" lon="-38.9740304"/>
 <node id="6854367527" visible="true" version="1" changeset="75328816" timestamp="2019-10-05T21:57:45Z" user="teixeirista" uid="10061199" lat="-12.2028904" lon="-38.9742066"/>
 <node id="6854367528" visible="true" version="1" changeset="75328816" timestamp="2019-10-05T21:57:45Z" user="teixeirista" uid="10061199" lat="-12.2029086" lon="-38.9744354"/>
 <node id="6854367529" visible="true" version="1" changeset="75328816" timestamp="2019-10-05T21:57:45Z" user="teixeirista" uid="10061199" lat="-12.2027363" lon="-38.9747044"/>
 <node id="6854367530" visible="true" version="1" changeset="75328816" timestamp="2019-10-05T21:57:45Z" user="teixeirista" uid="10061199" lat="-12.2027484" lon="-38.9748466"/>
 <node id="6854367531" visible="true" version="1" changeset="75328816" timestamp="2019-10-05T21:57:45Z" user="teixeirista" uid="10061199" lat="-12.2030929" lon="-38.9754310"/>
 <node id="6854367532" visible="true" version="1" changeset="75328816" timestamp="2019-10-05T21:57:45Z" user="teixeirista" uid="10061199" lat="-12.2030294" lon="-38.9755670"/>
 <node id="6854367533" visible="true" version="1" changeset="75328816" timestamp="2019-10-05T21:57:45Z" user="teixeirista" uid="10061199" lat="-12.2028965" lon="-38.9756474"/>
 <node id="6854367534" visible="true" version="1" changeset="75328816" timestamp="2019-10-05T21:57:45Z" user="teixeirista" uid="10061199" lat="-12.2028391" lon="-38.9757958"/>
 <node id="6854367535" visible="true" version="1" changeset="75328816" timestamp="2019-10-05T21:57:45Z" user="teixeirista" uid="10061199" lat="-12.2026638" lon="-38.9759349"/>
 <node id="6854367536" visible="true" version="1" changeset="75328816" timestamp="2019-10-05T21:57:45Z" user="teixeirista" uid="10061199" lat="-12.2026880" lon="-38.9761946"/>
 <node id="6858649252" visible="true" version="1" changeset="75389501" timestamp="2019-10-07T18:17:28Z" user="teixeirista" uid="10061199" lat="-12.2005416" lon="-38.9740576"/>
 <node id="6858649253" visible="true" version="1" changeset="75389501" timestamp="2019-10-07T18:17:28Z" user="teixeirista" uid="10061199" lat="-12.2003480" lon="-38.9741308"/>
 <node id="6858669634" visible="true" version="1" changeset="75389501" timestamp="2019-10-07T18:17:28Z" user="teixeirista" uid="10061199" lat="-12.2023760" lon="-38.9702387"/>
 <node id="6858669635" visible="true" version="1" changeset="75389501" timestamp="2019-10-07T18:17:28Z" user="teixeirista" uid="10061199" lat="-12.2022691" lon="-38.9699019"/>
 <node id="6858669636" visible="true" version="1" changeset="75389501" timestamp="2019-10-07T18:17:28Z" user="teixeirista" uid="10061199" lat="-12.2025638" lon="-38.9698039"/>
 <node id="6858669637" visible="true" version="1" changeset="75389501" timestamp="2019-10-07T18:17:28Z" user="teixeirista" uid="10061199" lat="-12.2026708" lon="-38.9701407"/>
 <node id="6858669638" visible="true" version="1" changeset="75389501" timestamp="2019-10-07T18:17:28Z" user="teixeirista" uid="10061199" lat="-12.2027781" lon="-38.9701099"/>
 <node id="6858669639" visible="true" version="1" changeset="75389501" timestamp="2019-10-07T18:17:28Z" user="teixeirista" uid="10061199" lat="-12.2029299" lon="-38.9700588"/>
 <node id="6858669640" visible="true" version="1" changeset="75389501" timestamp="2019-10-07T18:17:28Z" user="teixeirista" uid="10061199" lat="-12.2028207" lon="-38.9697194"/>
 <node id="6858669641" visible="true" version="1" changeset="75389501" timestamp="2019-10-07T18:17:28Z" user="teixeirista" uid="10061199" lat="-12.2026689" lon="-38.9697705"/>
 <node id="6858669642" visible="true" version="2" changeset="88399232" timestamp="2020-07-23T11:01:01Z" user="Metuje" uid="10888604" lat="-12.2027529" lon="-38.9678437"/>
 <node id="6858669643" visible="true" version="2" changeset="88399232" timestamp="2020-07-23T11:01:01Z" user="Metuje" uid="10888604" lat="-12.2029049" lon="-38.9677956"/>
 <node id="6858669644" visible="true" version="2" changeset="88399232" timestamp="2020-07-23T11:01:01Z" user="Metuje" uid="10888604" lat="-12.2028570" lon="-38.9676372"/>
 <node id="6858669645" visible="true" version="2" changeset="88399232" timestamp="2020-07-23T11:01:01Z" user="Metuje" uid="10888604" lat="-12.2027050" lon="-38.9676853"/>
 <node id="7033562469" visible="true" version="2" changeset="81322467" timestamp="2020-02-21T14:51:41Z" user="Weisshorn" uid="10278885" lat="-12.2018350" lon="-38.9723937"/>
 <node id="7033562470" visible="true" version="1" changeset="77949218" timestamp="2019-12-04T15:36:59Z" user="peoMoreira" uid="10524392" lat="-12.2017256" lon="-38.9719273"/>
 <node id="7033562471" visible="true" version="1" changeset="77949218" timestamp="2019-12-04T15:36:59Z" user="peoMoreira" uid="10524392" lat="-12.2009253" lon="-38.9688638"/>
 <node id="7033562472" visible="true" version="1" changeset="77949218" timestamp="2019-12-04T15:36:59Z" user="peoMoreira" uid="10524392" lat="-12.2012294" lon="-38.9687833"/>
 <node id="7033562473" visible="true" version="1" changeset="77949218" timestamp="2019-12-04T15:36:59Z" user="peoMoreira" uid="10524392" lat="-12.2010354" lon="-38.9682093"/>
 <node id="7033562474" visible="true" version="1" changeset="77949218" timestamp="2019-12-04T15:36:59Z" user="peoMoreira" uid="10524392" lat="-12.2007575" lon="-38.9682951"/>
 <node id="7033562475" visible="true" version="1" changeset="77949218" timestamp="2019-12-04T15:36:59Z" user="peoMoreira" uid="10524392" lat="-12.2008362" lon="-38.9685687"/>
 <node id="7033587188" visible="true" version="1" changeset="77949218" timestamp="2019-12-04T15:36:59Z" user="peoMoreira" uid="10524392" lat="-12.2007497" lon="-38.9659563"/>
 <node id="7033587189" visible="true" version="1" changeset="77949218" timestamp="2019-12-04T15:36:59Z" user="peoMoreira" uid="10524392" lat="-12.2011848" lon="-38.9659616"/>
 <node id="7033587190" visible="true" version="1" changeset="77949218" timestamp="2019-12-04T15:36:59Z" user="peoMoreira" uid="10524392" lat="-12.2012056" lon="-38.9657467"/>
 <node id="7033587191" visible="true" version="1" changeset="77949218" timestamp="2019-12-04T15:36:59Z" user="peoMoreira" uid="10524392" lat="-12.2007448" lon="-38.9657358"/>
 <node id="7210820840" visible="true" version="1" changeset="80989022" timestamp="2020-02-14T05:55:25Z" user="LavenderBay" uid="10409666" lat="-12.2288814" lon="-38.9664231"/>
 <node id="7210837491" visible="true" version="1" changeset="80989022" timestamp="2020-02-14T05:55:25Z" user="LavenderBay" uid="10409666" lat="-12.2253531" lon="-38.9671741"/>
 <node id="7210972910" visible="true" version="1" changeset="80993829" timestamp="2020-02-14T07:37:41Z" user="LavenderBay" uid="10409666" lat="-12.2146537" lon="-38.9656681"/>
 <node id="7222504262" visible="true" version="2" changeset="104529492" timestamp="2021-05-11T18:27:35Z" user="user_10280027" uid="10280027" lat="-12.1927031" lon="-38.9767308"/>
 <node id="7222504263" visible="true" version="2" changeset="104529492" timestamp="2021-05-11T18:27:35Z" user="user_10280027" uid="10280027" lat="-12.1927581" lon="-38.9767228"/>
 <node id="7222504264" visible="true" version="2" changeset="104529492" timestamp="2021-05-11T18:27:35Z" user="user_10280027" uid="10280027" lat="-12.1923609" lon="-38.9767617"/>
 <node id="7222504265" visible="true" version="2" changeset="104529492" timestamp="2021-05-11T18:27:35Z" user="user_10280027" uid="10280027" lat="-12.1932589" lon="-38.9765994"/>
 <node id="7222504266" visible="true" version="2" changeset="104529492" timestamp="2021-05-11T18:27:35Z" user="user_10280027" uid="10280027" lat="-12.1930137" lon="-38.9766611"/>
 <node id="7222504267" visible="true" version="2" changeset="104529492" timestamp="2021-05-11T18:27:35Z" user="user_10280027" uid="10280027" lat="-12.1928695" lon="-38.9766959"/>
 <node id="7222504268" visible="true" version="2" changeset="104529492" timestamp="2021-05-11T18:27:35Z" user="user_10280027" uid="10280027" lat="-12.1926598" lon="-38.9767335"/>
 <node id="7222504269" visible="true" version="2" changeset="104529492" timestamp="2021-05-11T18:27:35Z" user="user_10280027" uid="10280027" lat="-12.1924409" lon="-38.9767482"/>
 <node id="7232510465" visible="true" version="2" changeset="81324116" timestamp="2020-02-21T15:46:56Z" user="Weisshorn" uid="10278885" lat="-12.2020377" lon="-38.9747018"/>
 <node id="7232510466" visible="true" version="2" changeset="81324116" timestamp="2020-02-21T15:46:56Z" user="Weisshorn" uid="10278885" lat="-12.2021272" lon="-38.9747708"/>
 <node id="7232510467" visible="true" version="2" changeset="81324116" timestamp="2020-02-21T15:46:56Z" user="Weisshorn" uid="10278885" lat="-12.2022341" lon="-38.9748701"/>
 <node id="7232510468" visible="true" version="2" changeset="81324116" timestamp="2020-02-21T15:46:56Z" user="Weisshorn" uid="10278885" lat="-12.2024989" lon="-38.9749458"/>
 <node id="7232510469" visible="true" version="2" changeset="81324116" timestamp="2020-02-21T15:46:56Z" user="Weisshorn" uid="10278885" lat="-12.2025415" lon="-38.9749988"/>
 <node id="7232510470" visible="true" version="2" changeset="81324116" timestamp="2020-02-21T15:46:56Z" user="Weisshorn" uid="10278885" lat="-12.2025644" lon="-38.9752027"/>
 <node id="7232510471" visible="true" version="2" changeset="81324116" timestamp="2020-02-21T15:46:56Z" user="Weisshorn" uid="10278885" lat="-12.2020562" lon="-38.9747943"/>
 <node id="7232510472" visible="true" version="3" changeset="81325245" timestamp="2020-02-21T16:23:13Z" user="Weisshorn" uid="10278885" lat="-12.2002863" lon="-38.9657284"/>
 <node id="7232510473" visible="true" version="2" changeset="81324116" timestamp="2020-02-21T15:46:56Z" user="Weisshorn" uid="10278885" lat="-12.1999323" lon="-38.9659671"/>
 <node id="7232510480" visible="true" version="1" changeset="81313996" timestamp="2020-02-21T10:56:17Z" user="Weisshorn" uid="10278885" lat="-12.2040876" lon="-38.9655963"/>
 <node id="7232510481" visible="true" version="2" changeset="153865195" timestamp="2024-07-12T17:17:25Z" user="ProjetoMapeia" uid="11455881" lat="-12.2043576" lon="-38.9655983"/>
 <node id="7232510482" visible="true" version="2" changeset="120906965" timestamp="2022-05-12T21:31:08Z" user="WhereIsNorth" uid="13771537" lat="-12.2065220" lon="-38.9654003"/>
 <node id="7232510484" visible="true" version="3" changeset="138169001" timestamp="2023-07-06T02:52:11Z" user="LaurentianPlateau" uid="15994207" lat="-12.2010727" lon="-38.9654012"/>
 <node id="7232545385" visible="true" version="3" changeset="138169001" timestamp="2023-07-06T02:52:11Z" user="LaurentianPlateau" uid="15994207" lat="-12.2013139" lon="-38.9653999"/>
 <node id="7232545386" visible="true" version="1" changeset="81313996" timestamp="2020-02-21T10:56:17Z" user="Weisshorn" uid="10278885" lat="-12.2112733" lon="-38.9656238"/>
 <node id="7232545387" visible="true" version="3" changeset="153865195" timestamp="2024-07-12T17:17:25Z" user="ProjetoMapeia" uid="11455881" lat="-12.2013090" lon="-38.9654995"/>
 <node id="7232545388" visible="true" version="1" changeset="81313996" timestamp="2020-02-21T10:56:17Z" user="Weisshorn" uid="10278885" lat="-12.2067183" lon="-38.9655621"/>
 <node id="7232545389" visible="true" version="1" changeset="81313996" timestamp="2020-02-21T10:56:17Z" user="Weisshorn" uid="10278885" lat="-12.2060288" lon="-38.9655581"/>
 <node id="7232545390" visible="true" version="1" changeset="81313996" timestamp="2020-02-21T10:56:17Z" user="Weisshorn" uid="10278885" lat="-12.2036144" lon="-38.9655273"/>
 <node id="7232545391" visible="true" version="3" changeset="153865195" timestamp="2024-07-12T17:17:25Z" user="ProjetoMapeia" uid="11455881" lat="-12.2011238" lon="-38.9654952"/>
 <node id="7232635604" visible="true" version="1" changeset="81315561" timestamp="2020-02-21T11:39:03Z" user="Weisshorn" uid="10278885" lat="-12.2062910" lon="-38.9710446"/>
 <node id="7232635605" visible="true" version="1" changeset="81315561" timestamp="2020-02-21T11:39:03Z" user="Weisshorn" uid="10278885" lat="-12.2061999" lon="-38.9712853"/>
 <node id="7232635606" visible="true" version="1" changeset="81315561" timestamp="2020-02-21T11:39:03Z" user="Weisshorn" uid="10278885" lat="-12.2061298" lon="-38.9714013"/>
 <node id="7232635607" visible="true" version="1" changeset="81315561" timestamp="2020-02-21T11:39:03Z" user="Weisshorn" uid="10278885" lat="-12.2082238" lon="-38.9705168"/>
 <node id="7232635611" visible="true" version="1" changeset="81315561" timestamp="2020-02-21T11:39:03Z" user="Weisshorn" uid="10278885" lat="-12.2078377" lon="-38.9726217"/>
 <node id="7232635612" visible="true" version="1" changeset="81315561" timestamp="2020-02-21T11:39:03Z" user="Weisshorn" uid="10278885" lat="-12.2080173" lon="-38.9708313"/>
 <node id="7232635613" visible="true" version="1" changeset="81315561" timestamp="2020-02-21T11:39:03Z" user="Weisshorn" uid="10278885" lat="-12.2078548" lon="-38.9712752"/>
 <node id="7232635614" visible="true" version="1" changeset="81315561" timestamp="2020-02-21T11:39:03Z" user="Weisshorn" uid="10278885" lat="-12.2062949" lon="-38.9747889"/>
 <node id="7232635615" visible="true" version="2" changeset="81325602" timestamp="2020-02-21T16:34:52Z" user="Weisshorn" uid="10278885" lat="-12.2075375" lon="-38.9731113"/>
 <node id="7232635616" visible="true" version="1" changeset="81315561" timestamp="2020-02-21T11:39:03Z" user="Weisshorn" uid="10278885" lat="-12.2082847" lon="-38.9723964"/>
 <node id="7232635617" visible="true" version="1" changeset="81315561" timestamp="2020-02-21T11:39:03Z" user="Weisshorn" uid="10278885" lat="-12.2141176" lon="-38.9698523"/>
 <node id="7232635650" visible="true" version="2" changeset="104529492" timestamp="2021-05-11T18:27:35Z" user="user_10280027" uid="10280027" lat="-12.1971822" lon="-38.9763902"/>
 <node id="7232635651" visible="true" version="2" changeset="104529492" timestamp="2021-05-11T18:27:35Z" user="user_10280027" uid="10280027" lat="-12.1994984" lon="-38.9766410"/>
 <node id="7232635652" visible="true" version="2" changeset="104529492" timestamp="2021-05-11T18:27:35Z" user="user_10280027" uid="10280027" lat="-12.2008040" lon="-38.9767201"/>
 <node id="7232635653" visible="true" version="2" changeset="104529492" timestamp="2021-05-11T18:27:35Z" user="user_10280027" uid="10280027" lat="-12.2033444" lon="-38.9763191"/>
 <node id="7232635654" visible="true" version="2" changeset="104529492" timestamp="2021-05-11T18:27:35Z" user="user_10280027" uid="10280027" lat="-12.2022918" lon="-38.9765726"/>
 <node id="7232635655" visible="true" version="3" changeset="132874336" timestamp="2023-02-22T11:17:08Z" user="LaurentianPlateau" uid="15994207" lat="-12.2052266" lon="-38.9757223"/>
 <node id="7232635656" visible="true" version="2" changeset="104529492" timestamp="2021-05-11T18:27:35Z" user="user_10280027" uid="10280027" lat="-12.2046250" lon="-38.9759624"/>
 <node id="7232635657" visible="true" version="3" changeset="132874336" timestamp="2023-02-22T11:17:08Z" user="LaurentianPlateau" uid="15994207" lat="-12.2051061" lon="-38.9757935"/>
 <node id="7232717253" visible="true" version="1" changeset="81317318" timestamp="2020-02-21T12:31:35Z" user="Weisshorn" uid="10278885" lat="-12.2026195" lon="-38.9658890"/>
 <node id="7232717254" visible="true" version="1" changeset="81317318" timestamp="2020-02-21T12:31:35Z" user="Weisshorn" uid="10278885" lat="-12.2026021" lon="-38.9659014"/>
 <node id="7232717255" visible="true" version="1" changeset="81317318" timestamp="2020-02-21T12:31:35Z" user="Weisshorn" uid="10278885" lat="-12.2025946" lon="-38.9659239"/>
 <node id="7232717256" visible="true" version="1" changeset="81317318" timestamp="2020-02-21T12:31:35Z" user="Weisshorn" uid="10278885" lat="-12.2028646" lon="-38.9658773"/>
 <node id="7232717257" visible="true" version="1" changeset="81317318" timestamp="2020-02-21T12:31:35Z" user="Weisshorn" uid="10278885" lat="-12.2029000" lon="-38.9658847"/>
 <node id="7232717258" visible="true" version="1" changeset="81317318" timestamp="2020-02-21T12:31:35Z" user="Weisshorn" uid="10278885" lat="-12.2029255" lon="-38.9659055"/>
 <node id="7232717259" visible="true" version="1" changeset="81317318" timestamp="2020-02-21T12:31:35Z" user="Weisshorn" uid="10278885" lat="-12.2028072" lon="-38.9666582"/>
 <node id="7232717260" visible="true" version="1" changeset="81317318" timestamp="2020-02-21T12:31:35Z" user="Weisshorn" uid="10278885" lat="-12.2028253" lon="-38.9666645"/>
 <node id="7232717274" visible="true" version="1" changeset="81317318" timestamp="2020-02-21T12:31:35Z" user="Weisshorn" uid="10278885" lat="-12.2046101" lon="-38.9730716"/>
 <node id="7232717275" visible="true" version="1" changeset="81317318" timestamp="2020-02-21T12:31:35Z" user="Weisshorn" uid="10278885" lat="-12.2050078" lon="-38.9743794"/>
 <node id="7232717276" visible="true" version="1" changeset="81317318" timestamp="2020-02-21T12:31:35Z" user="Weisshorn" uid="10278885" lat="-12.2055334" lon="-38.9752583"/>
 <node id="7232717277" visible="true" version="1" changeset="81317318" timestamp="2020-02-21T12:31:35Z" user="Weisshorn" uid="10278885" lat="-12.2057569" lon="-38.9735880"/>
 <node id="7232717278" visible="true" version="1" changeset="81317318" timestamp="2020-02-21T12:31:35Z" user="Weisshorn" uid="10278885" lat="-12.2071961" lon="-38.9706637"/>
 <node id="7232717279" visible="true" version="1" changeset="81317318" timestamp="2020-02-21T12:31:35Z" user="Weisshorn" uid="10278885" lat="-12.2074209" lon="-38.9711411"/>
 <node id="7232717280" visible="true" version="1" changeset="81317318" timestamp="2020-02-21T12:31:35Z" user="Weisshorn" uid="10278885" lat="-12.2080212" lon="-38.9681786"/>
 <node id="7232717281" visible="true" version="1" changeset="81317318" timestamp="2020-02-21T12:31:35Z" user="Weisshorn" uid="10278885" lat="-12.2080081" lon="-38.9681485"/>
 <node id="7232717282" visible="true" version="1" changeset="81317318" timestamp="2020-02-21T12:31:35Z" user="Weisshorn" uid="10278885" lat="-12.2079878" lon="-38.9681283"/>
 <node id="7232717283" visible="true" version="1" changeset="81317318" timestamp="2020-02-21T12:31:35Z" user="Weisshorn" uid="10278885" lat="-12.2047089" lon="-38.9673056"/>
 <node id="7232717284" visible="true" version="1" changeset="81317318" timestamp="2020-02-21T12:31:35Z" user="Weisshorn" uid="10278885" lat="-12.2048504" lon="-38.9676918"/>
 <node id="7232718185" visible="true" version="1" changeset="81317318" timestamp="2020-02-21T12:31:35Z" user="Weisshorn" uid="10278885" lat="-12.2043328" lon="-38.9695781"/>
 <node id="7232718186" visible="true" version="1" changeset="81317318" timestamp="2020-02-21T12:31:35Z" user="Weisshorn" uid="10278885" lat="-12.2055347" lon="-38.9706791"/>
 <node id="7232718187" visible="true" version="1" changeset="81317318" timestamp="2020-02-21T12:31:35Z" user="Weisshorn" uid="10278885" lat="-12.2055098" lon="-38.9707965"/>
 <node id="7232718188" visible="true" version="1" changeset="81317318" timestamp="2020-02-21T12:31:35Z" user="Weisshorn" uid="10278885" lat="-12.2054678" lon="-38.9709145"/>
 <node id="7232875910" visible="true" version="1" changeset="81320488" timestamp="2020-02-21T13:56:21Z" user="Weisshorn" uid="10278885" lat="-12.2082886" lon="-38.9750035"/>
 <node id="7232875911" visible="true" version="1" changeset="81320488" timestamp="2020-02-21T13:56:21Z" user="Weisshorn" uid="10278885" lat="-12.2086465" lon="-38.9755856"/>
 <node id="7232875912" visible="true" version="1" changeset="81320488" timestamp="2020-02-21T13:56:21Z" user="Weisshorn" uid="10278885" lat="-12.2087159" lon="-38.9745422"/>
 <node id="7232875913" visible="true" version="1" changeset="81320488" timestamp="2020-02-21T13:56:21Z" user="Weisshorn" uid="10278885" lat="-12.2059296" lon="-38.9745435"/>
 <node id="7232875914" visible="true" version="1" changeset="81320488" timestamp="2020-02-21T13:56:21Z" user="Weisshorn" uid="10278885" lat="-12.2059348" lon="-38.9745563"/>
 <node id="7232875915" visible="true" version="1" changeset="81320488" timestamp="2020-02-21T13:56:21Z" user="Weisshorn" uid="10278885" lat="-12.2067996" lon="-38.9651263"/>
 <node id="7232875916" visible="true" version="1" changeset="81320488" timestamp="2020-02-21T13:56:21Z" user="Weisshorn" uid="10278885" lat="-12.2067662" lon="-38.9652785"/>
 <node id="7232875917" visible="true" version="1" changeset="81320488" timestamp="2020-02-21T13:56:21Z" user="Weisshorn" uid="10278885" lat="-12.2068383" lon="-38.9651102"/>
 <node id="7232875918" visible="true" version="1" changeset="81320488" timestamp="2020-02-21T13:56:21Z" user="Weisshorn" uid="10278885" lat="-12.2077125" lon="-38.9651122"/>
 <node id="7232875919" visible="true" version="1" changeset="81320488" timestamp="2020-02-21T13:56:21Z" user="Weisshorn" uid="10278885" lat="-12.2084427" lon="-38.9638931"/>
 <node id="7232875920" visible="true" version="1" changeset="81320488" timestamp="2020-02-21T13:56:21Z" user="Weisshorn" uid="10278885" lat="-12.2084158" lon="-38.9639079"/>
 <node id="7232875921" visible="true" version="1" changeset="81320488" timestamp="2020-02-21T13:56:21Z" user="Weisshorn" uid="10278885" lat="-12.2084040" lon="-38.9639300"/>
 <node id="7232875924" visible="true" version="1" changeset="81320488" timestamp="2020-02-21T13:56:21Z" user="Weisshorn" uid="10278885" lat="-12.2096564" lon="-38.9650083"/>
 <node id="7232875925" visible="true" version="1" changeset="81320488" timestamp="2020-02-21T13:56:21Z" user="Weisshorn" uid="10278885" lat="-12.2096702" lon="-38.9650284"/>
 <node id="7232875926" visible="true" version="1" changeset="81320488" timestamp="2020-02-21T13:56:21Z" user="Weisshorn" uid="10278885" lat="-12.2096918" lon="-38.9650371"/>
 <node id="7232875936" visible="true" version="1" changeset="81320488" timestamp="2020-02-21T13:56:21Z" user="Weisshorn" uid="10278885" lat="-12.2110032" lon="-38.9653556"/>
 <node id="7232875938" visible="true" version="1" changeset="81320488" timestamp="2020-02-21T13:56:21Z" user="Weisshorn" uid="10278885" lat="-12.2110354" lon="-38.9655337"/>
 <node id="7232875949" visible="true" version="1" changeset="81320488" timestamp="2020-02-21T13:56:21Z" user="Weisshorn" uid="10278885" lat="-12.2084656" lon="-38.9668000"/>
 <node id="7232875950" visible="true" version="1" changeset="81320488" timestamp="2020-02-21T13:56:21Z" user="Weisshorn" uid="10278885" lat="-12.2084079" lon="-38.9668288"/>
 <node id="7232875951" visible="true" version="1" changeset="81320488" timestamp="2020-02-21T13:56:21Z" user="Weisshorn" uid="10278885" lat="-12.2083620" lon="-38.9668697"/>
 <node id="7232875952" visible="true" version="1" changeset="81320488" timestamp="2020-02-21T13:56:21Z" user="Weisshorn" uid="10278885" lat="-12.2083299" lon="-38.9669220"/>
 <node id="7232875953" visible="true" version="1" changeset="81320488" timestamp="2020-02-21T13:56:21Z" user="Weisshorn" uid="10278885" lat="-12.2113388" lon="-38.9673512"/>
 <node id="7232875954" visible="true" version="1" changeset="81320488" timestamp="2020-02-21T13:56:21Z" user="Weisshorn" uid="10278885" lat="-12.2112798" lon="-38.9676006"/>
 <node id="7232995209" visible="true" version="1" changeset="81322467" timestamp="2020-02-21T14:51:41Z" user="Weisshorn" uid="10278885" lat="-12.1995246" lon="-38.9719766"/>
 <node id="7232995212" visible="true" version="1" changeset="81322467" timestamp="2020-02-21T14:51:41Z" user="Weisshorn" uid="10278885" lat="-12.2001748" lon="-38.9740218"/>
 <node id="7232995217" visible="true" version="1" changeset="81322467" timestamp="2020-02-21T14:51:41Z" user="Weisshorn" uid="10278885" lat="-12.2001295" lon="-38.9685305"/>
 <node id="7232995218" visible="true" version="1" changeset="81322467" timestamp="2020-02-21T14:51:41Z" user="Weisshorn" uid="10278885" lat="-12.2001617" lon="-38.9686252"/>
 <node id="7232995219" visible="true" version="1" changeset="81322467" timestamp="2020-02-21T14:51:41Z" user="Weisshorn" uid="10278885" lat="-12.2023580" lon="-38.9741271"/>
 <node id="7232995220" visible="true" version="1" changeset="81322467" timestamp="2020-02-21T14:51:41Z" user="Weisshorn" uid="10278885" lat="-12.2023114" lon="-38.9742927"/>
 <node id="7232995221" visible="true" version="1" changeset="81322467" timestamp="2020-02-21T14:51:41Z" user="Weisshorn" uid="10278885" lat="-12.2007588" lon="-38.9758799"/>
 <node id="7232995228" visible="true" version="1" changeset="81322467" timestamp="2020-02-21T14:51:41Z" user="Weisshorn" uid="10278885" lat="-12.2005418" lon="-38.9752047"/>
 <node id="7232995229" visible="true" version="1" changeset="81322467" timestamp="2020-02-21T14:51:41Z" user="Weisshorn" uid="10278885" lat="-12.1988872" lon="-38.9700496"/>
 <node id="7233456257" visible="true" version="1" changeset="81324116" timestamp="2020-02-21T15:46:56Z" user="Weisshorn" uid="10278885" lat="-12.2004317" lon="-38.9656708"/>
 <node id="7233456263" visible="true" version="1" changeset="81324116" timestamp="2020-02-21T15:46:56Z" user="Weisshorn" uid="10278885" lat="-12.1986693" lon="-38.9693575"/>
 <node id="7233456264" visible="true" version="1" changeset="81324116" timestamp="2020-02-21T15:46:56Z" user="Weisshorn" uid="10278885" lat="-12.1985895" lon="-38.9691110"/>
 <node id="7233456266" visible="true" version="1" changeset="81324116" timestamp="2020-02-21T15:46:56Z" user="Weisshorn" uid="10278885" lat="-12.2019983" lon="-38.9745239"/>
 <node id="7233501249" visible="true" version="1" changeset="81325602" timestamp="2020-02-21T16:34:52Z" user="Weisshorn" uid="10278885" lat="-12.2076582" lon="-38.9728872"/>
 <node id="7233520748" visible="true" version="1" changeset="81325330" timestamp="2020-02-21T16:26:16Z" user="Weisshorn" uid="10278885" lat="-12.2027597" lon="-38.9658823"/>
 <node id="7233520749" visible="true" version="1" changeset="81325330" timestamp="2020-02-21T16:26:16Z" user="Weisshorn" uid="10278885" lat="-12.2029746" lon="-38.9666670"/>
 <node id="7233554338" visible="true" version="1" changeset="81326180" timestamp="2020-02-21T16:53:09Z" user="Weisshorn" uid="10278885" lat="-12.2015656" lon="-38.9666786"/>
 <node id="7233554339" visible="true" version="1" changeset="81326180" timestamp="2020-02-21T16:53:09Z" user="Weisshorn" uid="10278885" lat="-12.2015905" lon="-38.9666726"/>
 <node id="7233554340" visible="true" version="1" changeset="81326180" timestamp="2020-02-21T16:53:09Z" user="Weisshorn" uid="10278885" lat="-12.2016301" lon="-38.9666917"/>
 <node id="7233554341" visible="true" version="1" changeset="81326180" timestamp="2020-02-21T16:53:09Z" user="Weisshorn" uid="10278885" lat="-12.2016406" lon="-38.9667162"/>
 <node id="7233554342" visible="true" version="1" changeset="81326180" timestamp="2020-02-21T16:53:09Z" user="Weisshorn" uid="10278885" lat="-12.2016426" lon="-38.9667500"/>
 <node id="7233554343" visible="true" version="1" changeset="81326180" timestamp="2020-02-21T16:53:09Z" user="Weisshorn" uid="10278885" lat="-12.2008333" lon="-38.9682337"/>
 <node id="7233554344" visible="true" version="1" changeset="81326180" timestamp="2020-02-21T16:53:09Z" user="Weisshorn" uid="10278885" lat="-12.2014411" lon="-38.9676999"/>
 <node id="7233554345" visible="true" version="1" changeset="81326180" timestamp="2020-02-21T16:53:09Z" user="Weisshorn" uid="10278885" lat="-12.2015138" lon="-38.9680048"/>
 <node id="7233554352" visible="true" version="1" changeset="81326180" timestamp="2020-02-21T16:53:09Z" user="Weisshorn" uid="10278885" lat="-12.2025369" lon="-38.9708997"/>
 <node id="7233554353" visible="true" version="1" changeset="81326180" timestamp="2020-02-21T16:53:09Z" user="Weisshorn" uid="10278885" lat="-12.2025461" lon="-38.9710030"/>
 <node id="7233554354" visible="true" version="1" changeset="81326180" timestamp="2020-02-21T16:53:09Z" user="Weisshorn" uid="10278885" lat="-12.2025343" lon="-38.9710861"/>
 <node id="7233554355" visible="true" version="1" changeset="81326180" timestamp="2020-02-21T16:53:09Z" user="Weisshorn" uid="10278885" lat="-12.2025133" lon="-38.9711559"/>
 <node id="7233554356" visible="true" version="1" changeset="81326180" timestamp="2020-02-21T16:53:09Z" user="Weisshorn" uid="10278885" lat="-12.2023049" lon="-38.9715622"/>
 <node id="7233554357" visible="true" version="1" changeset="81326180" timestamp="2020-02-21T16:53:09Z" user="Weisshorn" uid="10278885" lat="-12.2022773" lon="-38.9716011"/>
 <node id="7233554358" visible="true" version="1" changeset="81326180" timestamp="2020-02-21T16:53:09Z" user="Weisshorn" uid="10278885" lat="-12.2022433" lon="-38.9716320"/>
 <node id="7233554359" visible="true" version="1" changeset="81326180" timestamp="2020-02-21T16:53:09Z" user="Weisshorn" uid="10278885" lat="-12.2021895" lon="-38.9716595"/>
 <node id="7233554360" visible="true" version="1" changeset="81326180" timestamp="2020-02-21T16:53:09Z" user="Weisshorn" uid="10278885" lat="-12.2023793" lon="-38.9703263"/>
 <node id="7233554361" visible="true" version="1" changeset="81326180" timestamp="2020-02-21T16:53:09Z" user="Weisshorn" uid="10278885" lat="-12.2016979" lon="-38.9718389"/>
 <node id="7233554362" visible="true" version="1" changeset="81326180" timestamp="2020-02-21T16:53:09Z" user="Weisshorn" uid="10278885" lat="-12.2016711" lon="-38.9718482"/>
 <node id="7238610440" visible="true" version="1" changeset="81401544" timestamp="2020-02-24T10:49:30Z" user="Escambron" uid="10653123" lat="-12.2039722" lon="-38.9638469"/>
 <node id="7238613585" visible="true" version="2" changeset="137274041" timestamp="2023-06-13T08:04:06Z" user="Solheimajokull" uid="10334725" lat="-12.2004055" lon="-38.9613054"/>
 <node id="7238682203" visible="true" version="1" changeset="81402617" timestamp="2020-02-24T11:15:10Z" user="Escambron" uid="10653123" lat="-12.2013205" lon="-38.9615288"/>
 <node id="7238682204" visible="true" version="1" changeset="81402617" timestamp="2020-02-24T11:15:10Z" user="Escambron" uid="10653123" lat="-12.2011461" lon="-38.9620002"/>
 <node id="7238682205" visible="true" version="1" changeset="81402617" timestamp="2020-02-24T11:15:10Z" user="Escambron" uid="10653123" lat="-12.2027401" lon="-38.9634727"/>
 <node id="7238682206" visible="true" version="1" changeset="81402617" timestamp="2020-02-24T11:15:10Z" user="Escambron" uid="10653123" lat="-12.2027007" lon="-38.9634184"/>
 <node id="7238682207" visible="true" version="1" changeset="81402617" timestamp="2020-02-24T11:15:10Z" user="Escambron" uid="10653123" lat="-12.2026745" lon="-38.9634123"/>
 <node id="7238707497" visible="true" version="1" changeset="81403245" timestamp="2020-02-24T11:31:16Z" user="Escambron" uid="10653123" lat="-12.2038570" lon="-38.9630112"/>
 <node id="7238707498" visible="true" version="1" changeset="81403245" timestamp="2020-02-24T11:31:16Z" user="Escambron" uid="10653123" lat="-12.2039434" lon="-38.9629819"/>
 <node id="7238707499" visible="true" version="1" changeset="81403245" timestamp="2020-02-24T11:31:16Z" user="Escambron" uid="10653123" lat="-12.2038416" lon="-38.9630253"/>
 <node id="7239217428" visible="true" version="1" changeset="81410943" timestamp="2020-02-24T14:34:20Z" user="Escambron" uid="10653123" lat="-12.2067564" lon="-38.9596474"/>
 <node id="7667947868" visible="true" version="1" changeset="87315498" timestamp="2020-06-29T22:18:25Z" user="Alice Sperduti Machado" uid="11418380" lat="-12.2038655" lon="-38.9655288"/>
 <node id="7667947869" visible="true" version="2" changeset="120906965" timestamp="2022-05-12T21:31:08Z" user="WhereIsNorth" uid="13771537" lat="-12.2041122" lon="-38.9654104"/>
 <node id="7740211379" visible="true" version="2" changeset="89631779" timestamp="2020-08-19T11:43:55Z" user="Metuje" uid="10888604" lat="-12.2037179" lon="-38.9761193"/>
 <node id="7740211380" visible="true" version="2" changeset="89631779" timestamp="2020-08-19T11:43:55Z" user="Metuje" uid="10888604" lat="-12.2026037" lon="-38.9667383"/>
 <node id="7740211381" visible="true" version="2" changeset="89631779" timestamp="2020-08-19T11:43:55Z" user="Metuje" uid="10888604" lat="-12.2029472" lon="-38.9678474"/>
 <node id="7740211382" visible="true" version="2" changeset="89631779" timestamp="2020-08-19T11:43:55Z" user="Metuje" uid="10888604" lat="-12.2020047" lon="-38.9765123"/>
 <node id="7740211383" visible="true" version="1" changeset="88398692" timestamp="2020-07-23T10:51:42Z" user="Metuje" uid="10888604" lat="-12.2053210" lon="-38.9755735"/>
 <node id="7740211384" visible="true" version="1" changeset="88398692" timestamp="2020-07-23T10:51:42Z" user="Metuje" uid="10888604" lat="-12.2050104" lon="-38.9745368"/>
 <node id="7740219285" visible="true" version="1" changeset="88398692" timestamp="2020-07-23T10:51:42Z" user="Metuje" uid="10888604" lat="-12.2023665" lon="-38.9658625"/>
 <node id="7740219286" visible="true" version="2" changeset="89631779" timestamp="2020-08-19T11:43:55Z" user="Metuje" uid="10888604" lat="-12.1946182" lon="-38.9761515"/>
 <node id="7740219287" visible="true" version="1" changeset="88398692" timestamp="2020-07-23T10:51:42Z" user="Metuje" uid="10888604" lat="-12.1985048" lon="-38.9764640"/>
 <node id="7740219288" visible="true" version="2" changeset="89631779" timestamp="2020-08-19T11:43:55Z" user="Metuje" uid="10888604" lat="-12.2003780" lon="-38.9766061"/>
 <node id="7740219289" visible="true" version="2" changeset="89631779" timestamp="2020-08-19T11:43:55Z" user="Metuje" uid="10888604" lat="-12.2052017" lon="-38.9756271"/>
 <node id="7740219290" visible="true" version="2" changeset="89631779" timestamp="2020-08-19T11:43:55Z" user="Metuje" uid="10888604" lat="-12.2035698" lon="-38.9698604"/>
 <node id="7740219291" visible="true" version="2" changeset="89631779" timestamp="2020-08-19T11:43:55Z" user="Metuje" uid="10888604" lat="-12.2011789" lon="-38.9766008"/>
 <node id="7740219292" visible="true" version="1" changeset="88398692" timestamp="2020-07-23T10:51:42Z" user="Metuje" uid="10888604" lat="-12.2051677" lon="-38.9750491"/>
 <node id="7740219293" visible="true" version="1" changeset="88398692" timestamp="2020-07-23T10:51:42Z" user="Metuje" uid="10888604" lat="-12.1999572" lon="-38.9766008"/>
 <node id="7740219294" visible="true" version="1" changeset="88398692" timestamp="2020-07-23T10:51:42Z" user="Metuje" uid="10888604" lat="-12.2032408" lon="-38.9762521"/>
 <node id="7740219295" visible="true" version="1" changeset="88398692" timestamp="2020-07-23T10:51:42Z" user="Metuje" uid="10888604" lat="-12.1978442" lon="-38.9763996"/>
 <node id="7740219296" visible="true" version="2" changeset="89631779" timestamp="2020-08-19T11:43:55Z" user="Metuje" uid="10888604" lat="-12.2007725" lon="-38.9766316"/>
 <node id="7740219297" visible="true" version="2" changeset="89631779" timestamp="2020-08-19T11:43:55Z" user="Metuje" uid="10888604" lat="-12.1964626" lon="-38.9761797"/>
 <node id="7740219298" visible="true" version="1" changeset="88398692" timestamp="2020-07-23T10:51:42Z" user="Metuje" uid="10888604" lat="-12.1994958" lon="-38.9765579"/>
 <node id="7740219299" visible="true" version="1" changeset="88398692" timestamp="2020-07-23T10:51:42Z" user="Metuje" uid="10888604" lat="-12.2032657" lon="-38.9689015"/>
 <node id="7740219300" visible="true" version="2" changeset="89631779" timestamp="2020-08-19T11:43:55Z" user="Metuje" uid="10888604" lat="-12.1958845" lon="-38.9761555"/>
 <node id="7740219301" visible="true" version="1" changeset="88398692" timestamp="2020-07-23T10:51:42Z" user="Metuje" uid="10888604" lat="-12.1972255" lon="-38.9763004"/>
 <node id="7740219302" visible="true" version="2" changeset="89631779" timestamp="2020-08-19T11:43:55Z" user="Metuje" uid="10888604" lat="-12.2037939" lon="-38.9705564"/>
 <node id="7740219303" visible="true" version="1" changeset="88398692" timestamp="2020-07-23T10:51:42Z" user="Metuje" uid="10888604" lat="-12.1996589" lon="-38.9665742"/>
 <node id="7740219304" visible="true" version="1" changeset="88398692" timestamp="2020-07-23T10:51:42Z" user="Metuje" uid="10888604" lat="-12.1994315" lon="-38.9665784"/>
 <node id="7740219305" visible="true" version="2" changeset="89631779" timestamp="2020-08-19T11:43:55Z" user="Metuje" uid="10888604" lat="-12.2050562" lon="-38.9756821"/>
 <node id="7740219306" visible="true" version="2" changeset="89631779" timestamp="2020-08-19T11:43:55Z" user="Metuje" uid="10888604" lat="-12.2049186" lon="-38.9757358"/>
 <node id="7740219307" visible="true" version="2" changeset="89631779" timestamp="2020-08-19T11:43:55Z" user="Metuje" uid="10888604" lat="-12.2045372" lon="-38.9758860"/>
 <node id="7740219308" visible="true" version="2" changeset="89631779" timestamp="2020-08-19T11:43:55Z" user="Metuje" uid="10888604" lat="-12.2045712" lon="-38.9731126"/>
 <node id="7740219309" visible="true" version="2" changeset="89631779" timestamp="2020-08-19T11:43:55Z" user="Metuje" uid="10888604" lat="-12.2012221" lon="-38.9657164"/>
 <node id="7740219310" visible="true" version="1" changeset="88398692" timestamp="2020-07-23T10:51:42Z" user="Metuje" uid="10888604" lat="-12.2034728" lon="-38.9695171"/>
 <node id="7740219311" visible="true" version="1" changeset="88398692" timestamp="2020-07-23T10:51:42Z" user="Metuje" uid="10888604" lat="-12.2007398" lon="-38.9657231"/>
 <node id="7740219312" visible="true" version="2" changeset="89631779" timestamp="2020-08-19T11:43:55Z" user="Metuje" uid="10888604" lat="-12.2042842" lon="-38.9721563"/>
 <node id="7740219313" visible="true" version="2" changeset="89631779" timestamp="2020-08-19T11:43:55Z" user="Metuje" uid="10888604" lat="-12.1949420" lon="-38.9761515"/>
 <node id="7740219314" visible="true" version="2" changeset="89631779" timestamp="2020-08-19T11:43:55Z" user="Metuje" uid="10888604" lat="-12.2045214" lon="-38.9729664"/>
 <node id="7740219315" visible="true" version="1" changeset="88398692" timestamp="2020-07-23T10:51:42Z" user="Metuje" uid="10888604" lat="-12.2049435" lon="-38.9743209"/>
 <node id="7825911180" visible="true" version="2" changeset="119923933" timestamp="2022-04-19T20:09:28Z" user="ProjetoMapeia" uid="11455881" lat="-12.1966566" lon="-38.9656909"/>
 <node id="7825911181" visible="true" version="2" changeset="119923933" timestamp="2022-04-19T20:09:28Z" user="ProjetoMapeia" uid="11455881" lat="-12.1954755" lon="-38.9656641"/>
 <node id="7825911182" visible="true" version="2" changeset="119923933" timestamp="2022-04-19T20:09:28Z" user="ProjetoMapeia" uid="11455881" lat="-12.1953883" lon="-38.9657258"/>
 <node id="7825911183" visible="true" version="2" changeset="119923933" timestamp="2022-04-19T20:09:28Z" user="ProjetoMapeia" uid="11455881" lat="-12.1953641" lon="-38.9658063"/>
 <node id="7825911184" visible="true" version="2" changeset="123204388" timestamp="2022-07-04T19:06:35Z" user="AjBelnuovo" uid="1799626" lat="-12.1957411" lon="-38.9697766"/>
 <node id="7825921385" visible="true" version="2" changeset="123204388" timestamp="2022-07-04T19:06:35Z" user="AjBelnuovo" uid="1799626" lat="-12.1956513" lon="-38.9700880"/>
 <node id="7825921386" visible="true" version="2" changeset="123204388" timestamp="2022-07-04T19:06:35Z" user="AjBelnuovo" uid="1799626" lat="-12.1956415" lon="-38.9705976"/>
 <node id="7825921387" visible="true" version="1" changeset="89631779" timestamp="2020-08-19T11:43:55Z" user="Metuje" uid="10888604" lat="-12.1960244" lon="-38.9710442"/>
 <node id="7825921388" visible="true" version="1" changeset="89631779" timestamp="2020-08-19T11:43:55Z" user="Metuje" uid="10888604" lat="-12.1960169" lon="-38.9710224"/>
 <node id="7825921389" visible="true" version="1" changeset="89631779" timestamp="2020-08-19T11:43:55Z" user="Metuje" uid="10888604" lat="-12.1946169" lon="-38.9758725"/>
 <node id="7825921390" visible="true" version="1" changeset="89631779" timestamp="2020-08-19T11:43:55Z" user="Metuje" uid="10888604" lat="-12.1991393" lon="-38.9765216"/>
 <node id="7825921391" visible="true" version="1" changeset="89631779" timestamp="2020-08-19T11:43:55Z" user="Metuje" uid="10888604" lat="-12.2016272" lon="-38.9765592"/>
 <node id="7825921392" visible="true" version="1" changeset="89631779" timestamp="2020-08-19T11:43:55Z" user="Metuje" uid="10888604" lat="-12.2024137" lon="-38.9764452"/>
 <node id="7825921393" visible="true" version="1" changeset="89631779" timestamp="2020-08-19T11:43:55Z" user="Metuje" uid="10888604" lat="-12.2029092" lon="-38.9763379"/>
 <node id="7825921394" visible="true" version="1" changeset="89631779" timestamp="2020-08-19T11:43:55Z" user="Metuje" uid="10888604" lat="-12.2040522" lon="-38.9760335"/>
 <node id="7825921395" visible="true" version="1" changeset="89631779" timestamp="2020-08-19T11:43:55Z" user="Metuje" uid="10888604" lat="-12.2044205" lon="-38.9759289"/>
 <node id="7825921396" visible="true" version="1" changeset="89631779" timestamp="2020-08-19T11:43:55Z" user="Metuje" uid="10888604" lat="-12.2047521" lon="-38.9758015"/>
 <node id="7825921397" visible="true" version="1" changeset="89631779" timestamp="2020-08-19T11:43:55Z" user="Metuje" uid="10888604" lat="-12.2041505" lon="-38.9717205"/>
 <node id="7825921398" visible="true" version="1" changeset="89631779" timestamp="2020-08-19T11:43:55Z" user="Metuje" uid="10888604" lat="-12.2040089" lon="-38.9712645"/>
 <node id="7825921399" visible="true" version="1" changeset="89631779" timestamp="2020-08-19T11:43:55Z" user="Metuje" uid="10888604" lat="-12.2034086" lon="-38.9693078"/>
 <node id="7825921400" visible="true" version="1" changeset="89631779" timestamp="2020-08-19T11:43:55Z" user="Metuje" uid="10888604" lat="-12.2022446" lon="-38.9656828"/>
 <node id="7825921401" visible="true" version="1" changeset="89631779" timestamp="2020-08-19T11:43:55Z" user="Metuje" uid="10888604" lat="-12.2021646" lon="-38.9656761"/>
 <node id="7964974548" visible="true" version="1" changeset="91846660" timestamp="2020-10-01T21:16:37Z" user="DressyPear4" uid="3984659" lat="-12.2065044" lon="-38.9743897">
  <tag k="communication:mobile_phone" v="yes"/>
  <tag k="man_made" v="tower"/>
  <tag k="tower:type" v="communication"/>
 </node>
 <node id="7965012758" visible="true" version="1" changeset="91846660" timestamp="2020-10-01T21:21:02Z" user="DressyPear4" uid="3984659" lat="-12.2020595" lon="-38.9694671">
  <tag k="communication:mobile_phone" v="yes"/>
  <tag k="man_made" v="tower"/>
  <tag k="tower:type" v="communication"/>
 </node>
 <node id="8357663344" visible="true" version="1" changeset="98063548" timestamp="2021-01-24T16:11:55Z" user="erickdeoliveiraleal" uid="463504" lat="-12.2083516" lon="-38.9679265"/>
 <node id="8362650667" visible="true" version="1" changeset="98145448" timestamp="2021-01-25T21:40:46Z" user="erickdeoliveiraleal" uid="463504" lat="-12.2082514" lon="-38.9603856"/>
 <node id="8362650668" visible="true" version="1" changeset="98145448" timestamp="2021-01-25T21:40:46Z" user="erickdeoliveiraleal" uid="463504" lat="-12.2071069" lon="-38.9607520"/>
 <node id="8592420470" visible="true" version="1" changeset="102271975" timestamp="2021-04-04T13:42:54Z" user="dolidze404" uid="10050915" lat="-12.2007654" lon="-38.9690066"/>
 <node id="8592420471" visible="true" version="1" changeset="102271975" timestamp="2021-04-04T13:42:54Z" user="dolidze404" uid="10050915" lat="-12.2012174" lon="-38.9688310"/>
 <node id="8592420472" visible="true" version="1" changeset="102271975" timestamp="2021-04-04T13:42:54Z" user="dolidze404" uid="10050915" lat="-12.2015529" lon="-38.9686324"/>
 <node id="8592420473" visible="true" version="1" changeset="102271975" timestamp="2021-04-04T13:42:54Z" user="dolidze404" uid="10050915" lat="-12.2017521" lon="-38.9686109"/>
 <node id="8592420474" visible="true" version="1" changeset="102271975" timestamp="2021-04-04T13:42:54Z" user="dolidze404" uid="10050915" lat="-12.2020853" lon="-38.9687713"/>
 <node id="8592420475" visible="true" version="1" changeset="102271975" timestamp="2021-04-04T13:42:54Z" user="dolidze404" uid="10050915" lat="-12.2020384" lon="-38.9688283"/>
 <node id="8592420476" visible="true" version="1" changeset="102271975" timestamp="2021-04-04T13:42:54Z" user="dolidze404" uid="10050915" lat="-12.2016718" lon="-38.9688270"/>
 <node id="8592420477" visible="true" version="1" changeset="102271975" timestamp="2021-04-04T13:42:54Z" user="dolidze404" uid="10050915" lat="-12.2015249" lon="-38.9687395"/>
 <node id="8592420478" visible="true" version="1" changeset="102271975" timestamp="2021-04-04T13:42:54Z" user="dolidze404" uid="10050915" lat="-12.2013138" lon="-38.9688305"/>
 <node id="8592420479" visible="true" version="1" changeset="102271975" timestamp="2021-04-04T13:42:54Z" user="dolidze404" uid="10050915" lat="-12.2013589" lon="-38.9689703"/>
 <node id="8592420480" visible="true" version="1" changeset="102271975" timestamp="2021-04-04T13:42:54Z" user="dolidze404" uid="10050915" lat="-12.2008184" lon="-38.9691725"/>
 <node id="8592420481" visible="true" version="1" changeset="102271975" timestamp="2021-04-04T13:42:54Z" user="dolidze404" uid="10050915" lat="-12.2013912" lon="-38.9686793"/>
 <node id="8592420482" visible="true" version="1" changeset="102271975" timestamp="2021-04-04T13:42:54Z" user="dolidze404" uid="10050915" lat="-12.2013953" lon="-38.9687403"/>
 <node id="8722614392" visible="true" version="1" changeset="104529492" timestamp="2021-05-11T18:27:35Z" user="user_10280027" uid="10280027" lat="-12.1947425" lon="-38.9762784"/>
 <node id="8722614415" visible="true" version="1" changeset="104529492" timestamp="2021-05-11T18:27:35Z" user="user_10280027" uid="10280027" lat="-12.1989728" lon="-38.9765927"/>
 <node id="8722614416" visible="true" version="1" changeset="104529492" timestamp="2021-05-11T18:27:35Z" user="user_10280027" uid="10280027" lat="-12.1968112" lon="-38.9763232"/>
 <node id="8722622718" visible="true" version="1" changeset="104529492" timestamp="2021-05-11T18:27:35Z" user="user_10280027" uid="10280027" lat="-12.1926049" lon="-38.9767354"/>
 <node id="8722622732" visible="true" version="1" changeset="104529492" timestamp="2021-05-11T18:27:35Z" user="user_10280027" uid="10280027" lat="-12.1935092" lon="-38.9764948"/>
 <node id="8722967443" visible="true" version="1" changeset="104534649" timestamp="2021-05-11T20:41:10Z" user="user_10280027" uid="10280027" lat="-12.1998814" lon="-38.9766627"/>
 <node id="9735915884" visible="true" version="2" changeset="138169001" timestamp="2023-07-06T02:52:11Z" user="LaurentianPlateau" uid="15994207" lat="-12.2033470" lon="-38.9654314"/>
 <node id="9735980250" visible="true" version="2" changeset="138169001" timestamp="2023-07-06T02:52:11Z" user="LaurentianPlateau" uid="15994207" lat="-12.1948201" lon="-38.9652825"/>
 <node id="9742261883" visible="true" version="1" changeset="121028893" timestamp="2022-05-16T00:57:27Z" user="Fidelis Assis" uid="1675654" lat="-12.2018019" lon="-38.9738692">
  <tag k="traffic_calming" v="hump"/>
 </node>
 <node id="9742261884" visible="true" version="1" changeset="121028893" timestamp="2022-05-16T00:57:27Z" user="Fidelis Assis" uid="1675654" lat="-12.2012073" lon="-38.9719656">
  <tag k="traffic_calming" v="hump"/>
 </node>
 <node id="9742261885" visible="true" version="1" changeset="121028893" timestamp="2022-05-16T00:57:27Z" user="Fidelis Assis" uid="1675654" lat="-12.2005978" lon="-38.9700142">
  <tag k="traffic_calming" v="hump"/>
 </node>
 <node id="9742261886" visible="true" version="1" changeset="121028893" timestamp="2022-05-16T00:57:27Z" user="Fidelis Assis" uid="1675654" lat="-12.2000579" lon="-38.9683115">
  <tag k="traffic_calming" v="hump"/>
 </node>
 <node id="9742261898" visible="true" version="1" changeset="121028893" timestamp="2022-05-16T00:57:27Z" user="Fidelis Assis" uid="1675654" lat="-12.2294287" lon="-38.9644226"/>
 <node id="9742261899" visible="true" version="1" changeset="121028893" timestamp="2022-05-16T00:57:27Z" user="Fidelis Assis" uid="1675654" lat="-12.2293088" lon="-38.9643536"/>
 <node id="9742261900" visible="true" version="1" changeset="121028893" timestamp="2022-05-16T00:57:27Z" user="Fidelis Assis" uid="1675654" lat="-12.2289484" lon="-38.9641462"/>
 <node id="9866602993" visible="true" version="1" changeset="123204776" timestamp="2022-07-04T19:21:07Z" user="AjBelnuovo" uid="1799626" lat="-12.2053576" lon="-38.9683716">
  <tag k="name" v="Novo Horizonte"/>
  <tag k="place" v="suburb"/>
 </node>
 <node id="9866609480" visible="true" version="1" changeset="123204388" timestamp="2022-07-04T19:06:35Z" user="AjBelnuovo" uid="1799626" lat="-12.1996693" lon="-38.9766507"/>
 <node id="9866609512" visible="true" version="2" changeset="138169001" timestamp="2023-07-06T02:52:11Z" user="LaurentianPlateau" uid="15994207" lat="-12.1959146" lon="-38.9651182"/>
 <node id="9866609876" visible="true" version="1" changeset="123204528" timestamp="2022-07-04T19:11:48Z" user="AjBelnuovo" uid="1799626" lat="-12.2040269" lon="-38.9686703"/>
 <node id="9866609877" visible="true" version="1" changeset="123204528" timestamp="2022-07-04T19:11:48Z" user="AjBelnuovo" uid="1799626" lat="-12.2040983" lon="-38.9686970"/>
 <node id="9866609878" visible="true" version="1" changeset="123204528" timestamp="2022-07-04T19:11:48Z" user="AjBelnuovo" uid="1799626" lat="-12.2046597" lon="-38.9685631"/>
 <node id="9866609879" visible="true" version="1" changeset="123204528" timestamp="2022-07-04T19:11:48Z" user="AjBelnuovo" uid="1799626" lat="-12.2047430" lon="-38.9685072"/>
 <node id="9866609880" visible="true" version="1" changeset="123204528" timestamp="2022-07-04T19:11:48Z" user="AjBelnuovo" uid="1799626" lat="-12.2047739" lon="-38.9684536"/>
 <node id="9866609881" visible="true" version="1" changeset="123204528" timestamp="2022-07-04T19:11:48Z" user="AjBelnuovo" uid="1799626" lat="-12.2047858" lon="-38.9683879"/>
 <node id="9866609882" visible="true" version="1" changeset="123204528" timestamp="2022-07-04T19:11:48Z" user="AjBelnuovo" uid="1799626" lat="-12.2047787" lon="-38.9683173"/>
 <node id="9866609883" visible="true" version="1" changeset="123204528" timestamp="2022-07-04T19:11:48Z" user="AjBelnuovo" uid="1799626" lat="-12.2047597" lon="-38.9682199"/>
 <node id="9866609884" visible="true" version="1" changeset="123204528" timestamp="2022-07-04T19:11:48Z" user="AjBelnuovo" uid="1799626" lat="-12.2047406" lon="-38.9681396"/>
 <node id="9866609885" visible="true" version="1" changeset="123204528" timestamp="2022-07-04T19:11:48Z" user="AjBelnuovo" uid="1799626" lat="-12.2047097" lon="-38.9680495"/>
 <node id="9866609886" visible="true" version="1" changeset="123204528" timestamp="2022-07-04T19:11:48Z" user="AjBelnuovo" uid="1799626" lat="-12.2046788" lon="-38.9680130"/>
 <node id="9866609887" visible="true" version="1" changeset="123204528" timestamp="2022-07-04T19:11:48Z" user="AjBelnuovo" uid="1799626" lat="-12.2046217" lon="-38.9680009"/>
 <node id="9866609888" visible="true" version="1" changeset="123204528" timestamp="2022-07-04T19:11:48Z" user="AjBelnuovo" uid="1799626" lat="-12.2039674" lon="-38.9681859"/>
 <node id="9866609889" visible="true" version="1" changeset="123204528" timestamp="2022-07-04T19:11:48Z" user="AjBelnuovo" uid="1799626" lat="-12.2039365" lon="-38.9682272"/>
 <node id="9866609890" visible="true" version="1" changeset="123204528" timestamp="2022-07-04T19:11:48Z" user="AjBelnuovo" uid="1799626" lat="-12.2039079" lon="-38.9683124"/>
 <node id="9866609891" visible="true" version="1" changeset="123204528" timestamp="2022-07-04T19:11:48Z" user="AjBelnuovo" uid="1799626" lat="-12.2039032" lon="-38.9683952"/>
 <node id="9866609892" visible="true" version="1" changeset="123204528" timestamp="2022-07-04T19:11:48Z" user="AjBelnuovo" uid="1799626" lat="-12.2039008" lon="-38.9684512"/>
 <node id="9866609893" visible="true" version="1" changeset="123204528" timestamp="2022-07-04T19:11:48Z" user="AjBelnuovo" uid="1799626" lat="-12.2039293" lon="-38.9685339"/>
 <node id="9866609894" visible="true" version="1" changeset="123204528" timestamp="2022-07-04T19:11:48Z" user="AjBelnuovo" uid="1799626" lat="-12.2039508" lon="-38.9685826"/>
 <node id="9866609895" visible="true" version="1" changeset="123204528" timestamp="2022-07-04T19:11:48Z" user="AjBelnuovo" uid="1799626" lat="-12.2034566" lon="-38.9683821"/>
 <node id="9866609896" visible="true" version="1" changeset="123204528" timestamp="2022-07-04T19:11:48Z" user="AjBelnuovo" uid="1799626" lat="-12.2034215" lon="-38.9682799"/>
 <node id="9866609897" visible="true" version="1" changeset="123204528" timestamp="2022-07-04T19:11:48Z" user="AjBelnuovo" uid="1799626" lat="-12.2036297" lon="-38.9682051"/>
 <node id="9866609898" visible="true" version="1" changeset="123204528" timestamp="2022-07-04T19:11:48Z" user="AjBelnuovo" uid="1799626" lat="-12.2036647" lon="-38.9683072"/>
 <node id="9866609899" visible="true" version="1" changeset="123204528" timestamp="2022-07-04T19:11:48Z" user="AjBelnuovo" uid="1799626" lat="-12.2035430" lon="-38.9670866"/>
 <node id="9866609900" visible="true" version="1" changeset="123204528" timestamp="2022-07-04T19:11:48Z" user="AjBelnuovo" uid="1799626" lat="-12.2036584" lon="-38.9670884"/>
 <node id="9866609901" visible="true" version="1" changeset="123204528" timestamp="2022-07-04T19:11:48Z" user="AjBelnuovo" uid="1799626" lat="-12.2036602" lon="-38.9669643"/>
 <node id="9866609902" visible="true" version="1" changeset="123204528" timestamp="2022-07-04T19:11:48Z" user="AjBelnuovo" uid="1799626" lat="-12.2035448" lon="-38.9669625"/>
 <node id="9866609903" visible="true" version="1" changeset="123204528" timestamp="2022-07-04T19:11:48Z" user="AjBelnuovo" uid="1799626" lat="-12.2041422" lon="-38.9667695"/>
 <node id="9866609904" visible="true" version="1" changeset="123204528" timestamp="2022-07-04T19:11:48Z" user="AjBelnuovo" uid="1799626" lat="-12.2042563" lon="-38.9667703"/>
 <node id="9866609905" visible="true" version="1" changeset="123204528" timestamp="2022-07-04T19:11:48Z" user="AjBelnuovo" uid="1799626" lat="-12.2042591" lon="-38.9663505"/>
 <node id="9866609906" visible="true" version="1" changeset="123204528" timestamp="2022-07-04T19:11:48Z" user="AjBelnuovo" uid="1799626" lat="-12.2041450" lon="-38.9663497"/>
 <node id="9866609907" visible="true" version="1" changeset="123204528" timestamp="2022-07-04T19:11:48Z" user="AjBelnuovo" uid="1799626" lat="-12.2043207" lon="-38.9674584"/>
 <node id="9866609908" visible="true" version="1" changeset="123204528" timestamp="2022-07-04T19:11:48Z" user="AjBelnuovo" uid="1799626" lat="-12.2044347" lon="-38.9674592"/>
 <node id="9866609909" visible="true" version="1" changeset="123204528" timestamp="2022-07-04T19:11:48Z" user="AjBelnuovo" uid="1799626" lat="-12.2044375" lon="-38.9670394"/>
 <node id="9866609910" visible="true" version="1" changeset="123204528" timestamp="2022-07-04T19:11:48Z" user="AjBelnuovo" uid="1799626" lat="-12.2043234" lon="-38.9670386"/>
 <node id="9866609911" visible="true" version="1" changeset="123204528" timestamp="2022-07-04T19:11:48Z" user="AjBelnuovo" uid="1799626" lat="-12.2033762" lon="-38.9678989"/>
 <node id="9866609912" visible="true" version="1" changeset="123204528" timestamp="2022-07-04T19:11:48Z" user="AjBelnuovo" uid="1799626" lat="-12.2034854" lon="-38.9679070"/>
 <node id="9866609913" visible="true" version="1" changeset="123204528" timestamp="2022-07-04T19:11:48Z" user="AjBelnuovo" uid="1799626" lat="-12.2034883" lon="-38.9674434"/>
 <node id="9866609914" visible="true" version="1" changeset="123204528" timestamp="2022-07-04T19:11:48Z" user="AjBelnuovo" uid="1799626" lat="-12.2033741" lon="-38.9674426"/>
 <node id="9866609915" visible="true" version="1" changeset="123204528" timestamp="2022-07-04T19:11:48Z" user="AjBelnuovo" uid="1799626" lat="-12.2036498" lon="-38.9679014"/>
 <node id="9866609916" visible="true" version="1" changeset="123204528" timestamp="2022-07-04T19:11:48Z" user="AjBelnuovo" uid="1799626" lat="-12.2037590" lon="-38.9679095"/>
 <node id="9866622617" visible="true" version="1" changeset="123204528" timestamp="2022-07-04T19:11:48Z" user="AjBelnuovo" uid="1799626" lat="-12.2037619" lon="-38.9674459"/>
 <node id="9866622618" visible="true" version="1" changeset="123204528" timestamp="2022-07-04T19:11:48Z" user="AjBelnuovo" uid="1799626" lat="-12.2036478" lon="-38.9674451"/>
 <node id="9866622619" visible="true" version="1" changeset="123204528" timestamp="2022-07-04T19:11:48Z" user="AjBelnuovo" uid="1799626" lat="-12.2039019" lon="-38.9679111"/>
 <node id="9866622620" visible="true" version="1" changeset="123204528" timestamp="2022-07-04T19:11:48Z" user="AjBelnuovo" uid="1799626" lat="-12.2040112" lon="-38.9679192"/>
 <node id="9866622621" visible="true" version="1" changeset="123204528" timestamp="2022-07-04T19:11:48Z" user="AjBelnuovo" uid="1799626" lat="-12.2040141" lon="-38.9674556"/>
 <node id="9866622622" visible="true" version="1" changeset="123204528" timestamp="2022-07-04T19:11:48Z" user="AjBelnuovo" uid="1799626" lat="-12.2038999" lon="-38.9674548"/>
 <node id="9866622623" visible="true" version="1" changeset="123204528" timestamp="2022-07-04T19:11:48Z" user="AjBelnuovo" uid="1799626" lat="-12.2042203" lon="-38.9675224"/>
 <node id="9866622624" visible="true" version="1" changeset="123204528" timestamp="2022-07-04T19:11:48Z" user="AjBelnuovo" uid="1799626" lat="-12.2042966" lon="-38.9676002"/>
 <node id="9866622625" visible="true" version="1" changeset="123204528" timestamp="2022-07-04T19:11:48Z" user="AjBelnuovo" uid="1799626" lat="-12.2042429" lon="-38.9675772"/>
 <node id="9866622626" visible="true" version="1" changeset="123204528" timestamp="2022-07-04T19:11:48Z" user="AjBelnuovo" uid="1799626" lat="-12.2044941" lon="-38.9675998"/>
 <node id="9866622627" visible="true" version="1" changeset="123204528" timestamp="2022-07-04T19:11:48Z" user="AjBelnuovo" uid="1799626" lat="-12.2044939" lon="-38.9674859"/>
 <node id="9866622628" visible="true" version="1" changeset="123204528" timestamp="2022-07-04T19:11:48Z" user="AjBelnuovo" uid="1799626" lat="-12.2033268" lon="-38.9670707"/>
 <node id="9866622629" visible="true" version="1" changeset="123204528" timestamp="2022-07-04T19:11:48Z" user="AjBelnuovo" uid="1799626" lat="-12.2033379" lon="-38.9669592"/>
 <node id="9866622630" visible="true" version="1" changeset="123204528" timestamp="2022-07-04T19:11:48Z" user="AjBelnuovo" uid="1799626" lat="-12.2028850" lon="-38.9669429"/>
 <node id="9866622631" visible="true" version="1" changeset="123204528" timestamp="2022-07-04T19:11:48Z" user="AjBelnuovo" uid="1799626" lat="-12.2028810" lon="-38.9670596"/>
 <node id="10677208928" visible="true" version="1" changeset="132732736" timestamp="2023-02-19T00:14:12Z" user="Fidelis Assis" uid="1675654" lat="-12.2115618" lon="-38.9655385">
  <tag k="highway" v="traffic_signals"/>
  <tag k="traffic_signals" v="signal"/>
 </node>
 <node id="10677208929" visible="true" version="1" changeset="132732736" timestamp="2023-02-19T00:14:12Z" user="Fidelis Assis" uid="1675654" lat="-12.2115632" lon="-38.9656289">
  <tag k="highway" v="traffic_signals"/>
  <tag k="traffic_signals" v="signal"/>
 </node>
 <node id="10677208930" visible="true" version="1" changeset="132732736" timestamp="2023-02-19T00:14:12Z" user="Fidelis Assis" uid="1675654" lat="-12.2116294" lon="-38.9655394"/>
 <node id="10677208931" visible="true" version="1" changeset="132732736" timestamp="2023-02-19T00:14:12Z" user="Fidelis Assis" uid="1675654" lat="-12.2114885" lon="-38.9656276"/>
 <node id="10685529278" visible="true" version="1" changeset="132874336" timestamp="2023-02-22T11:17:08Z" user="LaurentianPlateau" uid="15994207" lat="-12.2057316" lon="-38.9748642"/>
 <node id="10685529279" visible="true" version="1" changeset="132874336" timestamp="2023-02-22T11:17:08Z" user="LaurentianPlateau" uid="15994207" lat="-12.2057169" lon="-38.9748711"/>
 <node id="10929109951" visible="true" version="1" changeset="136587901" timestamp="2023-05-26T13:21:14Z" user="eusoudecristo" uid="19392575" lat="-12.2050884" lon="-38.9708631"/>
 <node id="10929109952" visible="true" version="1" changeset="136587901" timestamp="2023-05-26T13:21:14Z" user="eusoudecristo" uid="19392575" lat="-12.2048219" lon="-38.9698050"/>
 <node id="10929109953" visible="true" version="1" changeset="136587901" timestamp="2023-05-26T13:21:14Z" user="eusoudecristo" uid="19392575" lat="-12.2049030" lon="-38.9698085"/>
 <node id="10929109954" visible="true" version="1" changeset="136587901" timestamp="2023-05-26T13:21:14Z" user="eusoudecristo" uid="19392575" lat="-12.2049047" lon="-38.9696894"/>
 <node id="10929109955" visible="true" version="1" changeset="136587901" timestamp="2023-05-26T13:21:14Z" user="eusoudecristo" uid="19392575" lat="-12.2048214" lon="-38.9696900"/>
 <node id="10929109956" visible="true" version="1" changeset="136587901" timestamp="2023-05-26T13:21:14Z" user="eusoudecristo" uid="19392575" lat="-12.2049035" lon="-38.9696749"/>
 <node id="10929109957" visible="true" version="1" changeset="136587901" timestamp="2023-05-26T13:21:14Z" user="eusoudecristo" uid="19392575" lat="-12.2048214" lon="-38.9696725"/>
 <node id="10929109958" visible="true" version="1" changeset="136587901" timestamp="2023-05-26T13:21:14Z" user="eusoudecristo" uid="19392575" lat="-12.2048642" lon="-38.9696725"/>
 <node id="10929109959" visible="true" version="1" changeset="136587901" timestamp="2023-05-26T13:21:14Z" user="eusoudecristo" uid="19392575" lat="-12.2048630" lon="-38.9697096"/>
 <node id="10973317563" visible="true" version="1" changeset="137274041" timestamp="2023-06-13T08:04:06Z" user="Solheimajokull" uid="10334725" lat="-12.2001355" lon="-38.9601803"/>
 <node id="10973317564" visible="true" version="1" changeset="137274041" timestamp="2023-06-13T08:04:06Z" user="Solheimajokull" uid="10334725" lat="-12.2004859" lon="-38.9617557"/>
 <node id="10973317565" visible="true" version="1" changeset="137274041" timestamp="2023-06-13T08:04:06Z" user="Solheimajokull" uid="10334725" lat="-12.2003782" lon="-38.9624011"/>
 <node id="10973317566" visible="true" version="1" changeset="137274041" timestamp="2023-06-13T08:04:06Z" user="Solheimajokull" uid="10334725" lat="-12.2002535" lon="-38.9630892"/>
 <node id="10973317567" visible="true" version="1" changeset="137274041" timestamp="2023-06-13T08:04:06Z" user="Solheimajokull" uid="10334725" lat="-12.2001808" lon="-38.9635207"/>
 <node id="10973317568" visible="true" version="1" changeset="137274041" timestamp="2023-06-13T08:04:06Z" user="Solheimajokull" uid="10334725" lat="-12.2001290" lon="-38.9637848"/>
 <node id="10973317569" visible="true" version="1" changeset="137274041" timestamp="2023-06-13T08:04:06Z" user="Solheimajokull" uid="10334725" lat="-12.2005162" lon="-38.9614550"/>
 <node id="10973317571" visible="true" version="1" changeset="137274041" timestamp="2023-06-13T08:04:06Z" user="Solheimajokull" uid="10334725" lat="-12.2002215" lon="-38.9602261"/>
 <node id="10973317572" visible="true" version="1" changeset="137274041" timestamp="2023-06-13T08:04:06Z" user="Solheimajokull" uid="10334725" lat="-12.2002241" lon="-38.9602750"/>
 <node id="10973317573" visible="true" version="1" changeset="137274041" timestamp="2023-06-13T08:04:06Z" user="Solheimajokull" uid="10334725" lat="-12.2003841" lon="-38.9607858"/>
 <node id="10973317574" visible="true" version="1" changeset="137274041" timestamp="2023-06-13T08:04:06Z" user="Solheimajokull" uid="10334725" lat="-12.2004428" lon="-38.9610099"/>
 <node id="10973317575" visible="true" version="1" changeset="137274041" timestamp="2023-06-13T08:04:06Z" user="Solheimajokull" uid="10334725" lat="-12.2004783" lon="-38.9611510"/>
 <node id="10973317576" visible="true" version="1" changeset="137274041" timestamp="2023-06-13T08:04:06Z" user="Solheimajokull" uid="10334725" lat="-12.2005213" lon="-38.9612982"/>
 <node id="10973317577" visible="true" version="1" changeset="137274041" timestamp="2023-06-13T08:04:06Z" user="Solheimajokull" uid="10334725" lat="-12.2001226" lon="-38.9602263"/>
 <node id="11028906201" visible="true" version="1" changeset="138169001" timestamp="2023-07-06T02:52:11Z" user="LaurentianPlateau" uid="15994207" lat="-12.2030959" lon="-38.9653341"/>
 <node id="11028912708" visible="true" version="2" changeset="153865195" timestamp="2024-07-12T17:17:25Z" user="ProjetoMapeia" uid="11455881" lat="-12.2003524" lon="-38.9654944"/>
 <node id="11028912709" visible="true" version="2" changeset="153865195" timestamp="2024-07-12T17:17:25Z" user="ProjetoMapeia" uid="11455881" lat="-12.2008361" lon="-38.9654931"/>
 <node id="11028912710" visible="true" version="1" changeset="138169001" timestamp="2023-07-06T02:52:11Z" user="LaurentianPlateau" uid="15994207" lat="-12.1955738" lon="-38.9651585"/>
 <node id="11028912711" visible="true" version="1" changeset="138169001" timestamp="2023-07-06T02:52:11Z" user="LaurentianPlateau" uid="15994207" lat="-12.1964521" lon="-38.9651155"/>
 <node id="11028912712" visible="true" version="1" changeset="138169001" timestamp="2023-07-06T02:52:11Z" user="LaurentianPlateau" uid="15994207" lat="-12.1976803" lon="-38.9651330"/>
 <node id="11028912713" visible="true" version="1" changeset="138169001" timestamp="2023-07-06T02:52:11Z" user="LaurentianPlateau" uid="15994207" lat="-12.1983528" lon="-38.9651451"/>
 <node id="11028912714" visible="true" version="1" changeset="138169001" timestamp="2023-07-06T02:52:11Z" user="LaurentianPlateau" uid="15994207" lat="-12.1986818" lon="-38.9651531"/>
 <node id="11028912715" visible="true" version="1" changeset="138169001" timestamp="2023-07-06T02:52:11Z" user="LaurentianPlateau" uid="15994207" lat="-12.1989662" lon="-38.9651504"/>
 <node id="11028912716" visible="true" version="1" changeset="138169001" timestamp="2023-07-06T02:52:11Z" user="LaurentianPlateau" uid="15994207" lat="-12.1995895" lon="-38.9651638"/>
 <node id="11028912717" visible="true" version="1" changeset="138169001" timestamp="2023-07-06T02:52:11Z" user="LaurentianPlateau" uid="15994207" lat="-12.1999939" lon="-38.9651779"/>
 <node id="11028912718" visible="true" version="1" changeset="138169001" timestamp="2023-07-06T02:52:11Z" user="LaurentianPlateau" uid="15994207" lat="-12.2001027" lon="-38.9651793"/>
 <node id="11028912719" visible="true" version="1" changeset="138169001" timestamp="2023-07-06T02:52:11Z" user="LaurentianPlateau" uid="15994207" lat="-12.2017733" lon="-38.9651960"/>
 <node id="11028912720" visible="true" version="1" changeset="138169001" timestamp="2023-07-06T02:52:11Z" user="LaurentianPlateau" uid="15994207" lat="-12.2022675" lon="-38.9651974"/>
 <node id="11028912721" visible="true" version="1" changeset="138169001" timestamp="2023-07-06T02:52:11Z" user="LaurentianPlateau" uid="15994207" lat="-12.2024537" lon="-38.9652094"/>
 <node id="11028912722" visible="true" version="1" changeset="138169001" timestamp="2023-07-06T02:52:11Z" user="LaurentianPlateau" uid="15994207" lat="-12.2028731" lon="-38.9653020"/>
 <node id="11028912723" visible="true" version="1" changeset="138169001" timestamp="2023-07-06T02:52:11Z" user="LaurentianPlateau" uid="15994207" lat="-12.2031628" lon="-38.9653697"/>
 <node id="11028912725" visible="true" version="1" changeset="138169001" timestamp="2023-07-06T02:52:11Z" user="LaurentianPlateau" uid="15994207" lat="-12.2015741" lon="-38.9651940"/>
 <node id="11028912726" visible="true" version="1" changeset="138169001" timestamp="2023-07-06T02:52:11Z" user="LaurentianPlateau" uid="15994207" lat="-12.2030284" lon="-38.9654227"/>
 <node id="11028912727" visible="true" version="1" changeset="138169001" timestamp="2023-07-06T02:52:11Z" user="LaurentianPlateau" uid="15994207" lat="-12.2030471" lon="-38.9653368"/>
 <node id="11041901692" visible="true" version="1" changeset="138412432" timestamp="2023-07-12T08:52:15Z" user="LaurentianPlateau" uid="15994207" lat="-12.2064434" lon="-38.9584295"/>
 <node id="11347456796" visible="true" version="1" changeset="143990292" timestamp="2023-11-13T23:50:30Z" user="Bruno Manoel Lôbo Soares" uid="14154920" lat="-12.2077074" lon="-38.9667903"/>
 <node id="11347456797" visible="true" version="1" changeset="143990292" timestamp="2023-11-13T23:50:30Z" user="Bruno Manoel Lôbo Soares" uid="14154920" lat="-12.2077286" lon="-38.9660870"/>
 <node id="11347456798" visible="true" version="1" changeset="143990292" timestamp="2023-11-13T23:50:30Z" user="Bruno Manoel Lôbo Soares" uid="14154920" lat="-12.2080788" lon="-38.9660980"/>
 <node id="11347456799" visible="true" version="1" changeset="143990292" timestamp="2023-11-13T23:50:30Z" user="Bruno Manoel Lôbo Soares" uid="14154920" lat="-12.2080578" lon="-38.9668013"/>
 <node id="11792767623" visible="true" version="1" changeset="149613790" timestamp="2024-04-05T12:54:25Z" user="AzuisRiver" uid="16547666" lat="-12.2040666" lon="-38.9650458">
  <tag k="access" v="permissive"/>
  <tag k="barrier" v="gate"/>
 </node>
 <node id="11792767624" visible="true" version="1" changeset="149613790" timestamp="2024-04-05T12:54:25Z" user="AzuisRiver" uid="16547666" lat="-12.2038608" lon="-38.9641607"/>
 <node id="11792767625" visible="true" version="1" changeset="149613790" timestamp="2024-04-05T12:54:25Z" user="AzuisRiver" uid="16547666" lat="-12.2040971" lon="-38.9651847"/>
 <node id="12134124980" visible="true" version="1" changeset="155704981" timestamp="2024-08-24T16:29:25Z" user="Pedro Souza Costa" uid="21298810" lat="-12.2031300" lon="-38.9655977"/>
 <node id="12620341501" visible="true" version="1" changeset="162966243" timestamp="2025-02-26T10:49:08Z" user="Rural01" uid="22556759" lat="-12.2019097" lon="-38.9738734">
  <tag k="highway" v="bus_stop"/>
 </node>
 <node id="12620342301" visible="true" version="1" changeset="162966287" timestamp="2025-02-26T10:50:20Z" user="Rural01" uid="22556759" lat="-12.2010458" lon="-38.9711095">
  <tag k="highway" v="bus_stop"/>
 </node>
 <node id="12620343401" visible="true" version="1" changeset="162966329" timestamp="2025-02-26T10:51:43Z" user="Rural01" uid="22556759" lat="-12.2005495" lon="-38.9695292">
  <tag k="highway" v="bus_stop"/>
 </node>
 <node id="12652541627" visible="true" version="1" changeset="163491865" timestamp="2025-03-11T16:07:59Z" user="MountMeru" uid="21827399" lat="-12.1992323" lon="-38.9710841"/>
 <node id="12871629120" visible="true" version="1" changeset="166888175" timestamp="2025-05-28T18:12:22Z" user="MaroniRiver" uid="22048881" lat="-12.2155116" lon="-38.9656889"/>
 <node id="13017823909" visible="true" version="1" changeset="169309431" timestamp="2025-07-22T18:56:08Z" user="davi325_" uid="23119990" lat="-12.2301936" lon="-38.9664412"/>
 <node id="13167211089" visible="true" version="1" changeset="172381187" timestamp="2025-09-24T08:33:30Z" user="KawarthaLake" uid="22435626" lat="-12.2016377" lon="-38.9727049"/>
 <node id="13167211090" visible="true" version="1" changeset="172381187" timestamp="2025-09-24T08:33:30Z" user="KawarthaLake" uid="22435626" lat="-12.2014271" lon="-38.9723426"/>
 <node id="13167211091" visible="true" version="1" changeset="172381187" timestamp="2025-09-24T08:33:30Z" user="KawarthaLake" uid="22435626" lat="-12.2016272" lon="-38.9728712"/>
 <node id="13167211092" visible="true" version="1" changeset="172381187" timestamp="2025-09-24T08:33:30Z" user="KawarthaLake" uid="22435626" lat="-12.2016390" lon="-38.9728349"/>
 <node id="13167211093" visible="true" version="1" changeset="172381187" timestamp="2025-09-24T08:33:30Z" user="KawarthaLake" uid="22435626" lat="-12.2016442" lon="-38.9727652"/>
 <node id="13167211094" visible="true" version="1" changeset="172381187" timestamp="2025-09-24T08:33:30Z" user="KawarthaLake" uid="22435626" lat="-12.2016482" lon="-38.9726324"/>
 <node id="13167211095" visible="true" version="1" changeset="172381187" timestamp="2025-09-24T08:33:30Z" user="KawarthaLake" uid="22435626" lat="-12.2017465" lon="-38.9723790"/>
 <node id="13167211096" visible="true" version="1" changeset="172381187" timestamp="2025-09-24T08:33:30Z" user="KawarthaLake" uid="22435626" lat="-12.2017006" lon="-38.9725191"/>
 <node id="13167211100" visible="true" version="1" changeset="172381187" timestamp="2025-09-24T08:33:30Z" user="KawarthaLake" uid="22435626" lat="-12.1991714" lon="-38.9708948"/>
 <node id="13167211378" visible="true" version="1" changeset="172381450" timestamp="2025-09-24T08:40:04Z" user="KawarthaLake" uid="22435626" lat="-12.2011081" lon="-38.9692140"/>
 <node id="13167211379" visible="true" version="1" changeset="172381450" timestamp="2025-09-24T08:40:04Z" user="KawarthaLake" uid="22435626" lat="-12.2008639" lon="-38.9693151"/>
 <node id="13167211380" visible="true" version="1" changeset="172381450" timestamp="2025-09-24T08:40:04Z" user="KawarthaLake" uid="22435626" lat="-12.2011920" lon="-38.9695895"/>
 <node id="13167211381" visible="true" version="1" changeset="172381450" timestamp="2025-09-24T08:40:04Z" user="KawarthaLake" uid="22435626" lat="-12.2009746" lon="-38.9696613"/>
 <node id="13167211382" visible="true" version="1" changeset="172381450" timestamp="2025-09-24T08:40:04Z" user="KawarthaLake" uid="22435626" lat="-12.2016292" lon="-38.9701172"/>
 <node id="13167211383" visible="true" version="1" changeset="172381450" timestamp="2025-09-24T08:40:04Z" user="KawarthaLake" uid="22435626" lat="-12.2015872" lon="-38.9699184"/>
 <node id="13167211384" visible="true" version="1" changeset="172381450" timestamp="2025-09-24T08:40:04Z" user="KawarthaLake" uid="22435626" lat="-12.2011075" lon="-38.9700774"/>
 <node id="13167211385" visible="true" version="1" changeset="172381450" timestamp="2025-09-24T08:40:04Z" user="KawarthaLake" uid="22435626" lat="-12.2010434" lon="-38.9698766"/>
 <node id="13167211386" visible="true" version="1" changeset="172381450" timestamp="2025-09-24T08:40:04Z" user="KawarthaLake" uid="22435626" lat="-12.2014922" lon="-38.9697437"/>
 <node id="13167211387" visible="true" version="1" changeset="172381450" timestamp="2025-09-24T08:40:04Z" user="KawarthaLake" uid="22435626" lat="-12.2015197" lon="-38.9697464"/>
 <node id="13167211388" visible="true" version="1" changeset="172381450" timestamp="2025-09-24T08:40:04Z" user="KawarthaLake" uid="22435626" lat="-12.2015420" lon="-38.9697665"/>
 <node id="13167211389" visible="true" version="1" changeset="172381450" timestamp="2025-09-24T08:40:04Z" user="KawarthaLake" uid="22435626" lat="-12.2016390" lon="-38.9700924"/>
 <node id="13167211390" visible="true" version="1" changeset="172381450" timestamp="2025-09-24T08:40:04Z" user="KawarthaLake" uid="22435626" lat="-12.2016088" lon="-38.9701366"/>
 <node id="13167211391" visible="true" version="1" changeset="172381450" timestamp="2025-09-24T08:40:04Z" user="KawarthaLake" uid="22435626" lat="-12.2011777" lon="-38.9702970"/>
 <node id="13167211392" visible="true" version="1" changeset="172381450" timestamp="2025-09-24T08:40:04Z" user="KawarthaLake" uid="22435626" lat="-12.2012305" lon="-38.9704623"/>
 <node id="13167211393" visible="true" version="1" changeset="172381450" timestamp="2025-09-24T08:40:04Z" user="KawarthaLake" uid="22435626" lat="-12.2014476" lon="-38.9703847"/>
 <node id="13167211394" visible="true" version="1" changeset="172381450" timestamp="2025-09-24T08:40:04Z" user="KawarthaLake" uid="22435626" lat="-12.2015721" lon="-38.9703378"/>
 <node id="13167211395" visible="true" version="1" changeset="172381450" timestamp="2025-09-24T08:40:04Z" user="KawarthaLake" uid="22435626" lat="-12.2016390" lon="-38.9703284"/>
 <node id="13167211396" visible="true" version="1" changeset="172381450" timestamp="2025-09-24T08:40:04Z" user="KawarthaLake" uid="22435626" lat="-12.2017045" lon="-38.9703499"/>
 <node id="13167211397" visible="true" version="1" changeset="172381450" timestamp="2025-09-24T08:40:04Z" user="KawarthaLake" uid="22435626" lat="-12.2017412" lon="-38.9703955"/>
 <node id="13167211398" visible="true" version="1" changeset="172381450" timestamp="2025-09-24T08:40:04Z" user="KawarthaLake" uid="22435626" lat="-12.2017609" lon="-38.9704545"/>
 <node id="13167211399" visible="true" version="1" changeset="172381450" timestamp="2025-09-24T08:40:04Z" user="KawarthaLake" uid="22435626" lat="-12.2017363" lon="-38.9705413"/>
 <node id="13167211400" visible="true" version="1" changeset="172381450" timestamp="2025-09-24T08:40:04Z" user="KawarthaLake" uid="22435626" lat="-12.2021089" lon="-38.9716889"/>
 <node id="13167211801" visible="true" version="1" changeset="172381187" timestamp="2025-09-24T08:33:30Z" user="KawarthaLake" uid="22435626" lat="-12.1997403" lon="-38.9698476"/>
 <node id="13167211802" visible="true" version="1" changeset="172381187" timestamp="2025-09-24T08:33:30Z" user="KawarthaLake" uid="22435626" lat="-12.2003528" lon="-38.9696357"/>
 <node id="13167211804" visible="true" version="1" changeset="172381187" timestamp="2025-09-24T08:33:30Z" user="KawarthaLake" uid="22435626" lat="-12.2004168" lon="-38.9698426"/>
 <node id="13167211805" visible="true" version="1" changeset="172381187" timestamp="2025-09-24T08:33:30Z" user="KawarthaLake" uid="22435626" lat="-12.2001578" lon="-38.9697437"/>
 <node id="13167211806" visible="true" version="1" changeset="172381187" timestamp="2025-09-24T08:33:30Z" user="KawarthaLake" uid="22435626" lat="-12.2000988" lon="-38.9697598"/>
 <node id="13167211807" visible="true" version="1" changeset="172381187" timestamp="2025-09-24T08:33:30Z" user="KawarthaLake" uid="22435626" lat="-12.2000385" lon="-38.9697638"/>
 <node id="13167211808" visible="true" version="1" changeset="172381187" timestamp="2025-09-24T08:33:30Z" user="KawarthaLake" uid="22435626" lat="-12.1999900" lon="-38.9697745"/>
 <node id="13167211809" visible="true" version="1" changeset="172381187" timestamp="2025-09-24T08:33:30Z" user="KawarthaLake" uid="22435626" lat="-12.1999389" lon="-38.9697799"/>
 <node id="13167211810" visible="true" version="1" changeset="172381187" timestamp="2025-09-24T08:33:30Z" user="KawarthaLake" uid="22435626" lat="-12.1998851" lon="-38.9697947"/>
 <node id="13167211811" visible="true" version="1" changeset="172381187" timestamp="2025-09-24T08:33:30Z" user="KawarthaLake" uid="22435626" lat="-12.1998257" lon="-38.9698174"/>
 <node id="13167211812" visible="true" version="1" changeset="172381187" timestamp="2025-09-24T08:33:30Z" user="KawarthaLake" uid="22435626" lat="-12.1998052" lon="-38.9698235"/>
 <node id="13167211813" visible="true" version="1" changeset="172381187" timestamp="2025-09-24T08:33:30Z" user="KawarthaLake" uid="22435626" lat="-12.1997730" lon="-38.9698382"/>
 <node id="13167211814" visible="true" version="1" changeset="172381187" timestamp="2025-09-24T08:33:30Z" user="KawarthaLake" uid="22435626" lat="-12.1997029" lon="-38.9698637"/>
 <node id="13167211815" visible="true" version="1" changeset="172381187" timestamp="2025-09-24T08:33:30Z" user="KawarthaLake" uid="22435626" lat="-12.1996151" lon="-38.9698912"/>
 <node id="13167211816" visible="true" version="1" changeset="172381187" timestamp="2025-09-24T08:33:30Z" user="KawarthaLake" uid="22435626" lat="-12.1991982" lon="-38.9700119"/>
 <node id="13167211817" visible="true" version="1" changeset="172381187" timestamp="2025-09-24T08:33:30Z" user="KawarthaLake" uid="22435626" lat="-12.1991203" lon="-38.9700294"/>
 <node id="13167211818" visible="true" version="1" changeset="172381187" timestamp="2025-09-24T08:33:30Z" user="KawarthaLake" uid="22435626" lat="-12.1990619" lon="-38.9700361"/>
 <node id="13167211819" visible="true" version="1" changeset="172381187" timestamp="2025-09-24T08:33:30Z" user="KawarthaLake" uid="22435626" lat="-12.1990170" lon="-38.9700397"/>
 <node id="13167211820" visible="true" version="1" changeset="172381187" timestamp="2025-09-24T08:33:30Z" user="KawarthaLake" uid="22435626" lat="-12.1989767" lon="-38.9700481"/>
 <node id="13167211821" visible="true" version="1" changeset="172381187" timestamp="2025-09-24T08:33:30Z" user="KawarthaLake" uid="22435626" lat="-12.1989420" lon="-38.9700555"/>
 <node id="13167211822" visible="true" version="1" changeset="172381187" timestamp="2025-09-24T08:33:30Z" user="KawarthaLake" uid="22435626" lat="-12.1988953" lon="-38.9700714"/>
 <node id="13167211823" visible="true" version="1" changeset="172381187" timestamp="2025-09-24T08:33:30Z" user="KawarthaLake" uid="22435626" lat="-12.2010858" lon="-38.9722060"/>
 <node id="13167211824" visible="true" version="1" changeset="172381187" timestamp="2025-09-24T08:33:30Z" user="KawarthaLake" uid="22435626" lat="-12.2010190" lon="-38.9723508"/>
 <node id="13167211825" visible="true" version="1" changeset="172381187" timestamp="2025-09-24T08:33:30Z" user="KawarthaLake" uid="22435626" lat="-12.2009508" lon="-38.9724943"/>
 <node id="13167211826" visible="true" version="1" changeset="172381187" timestamp="2025-09-24T08:33:30Z" user="KawarthaLake" uid="22435626" lat="-12.2008813" lon="-38.9726123"/>
 <node id="13167211827" visible="true" version="1" changeset="172381187" timestamp="2025-09-24T08:33:30Z" user="KawarthaLake" uid="22435626" lat="-12.2008263" lon="-38.9726794"/>
 <node id="13167211828" visible="true" version="1" changeset="172381187" timestamp="2025-09-24T08:33:30Z" user="KawarthaLake" uid="22435626" lat="-12.2007363" lon="-38.9727433"/>
 <node id="13167211829" visible="true" version="1" changeset="172381187" timestamp="2025-09-24T08:33:30Z" user="KawarthaLake" uid="22435626" lat="-12.2006926" lon="-38.9727572"/>
 <node id="13167211830" visible="true" version="1" changeset="172381187" timestamp="2025-09-24T08:33:30Z" user="KawarthaLake" uid="22435626" lat="-12.2006192" lon="-38.9727612"/>
 <node id="13167211831" visible="true" version="1" changeset="172381187" timestamp="2025-09-24T08:33:30Z" user="KawarthaLake" uid="22435626" lat="-12.2004514" lon="-38.9728222"/>
 <node id="13167211832" visible="true" version="1" changeset="172381187" timestamp="2025-09-24T08:33:30Z" user="KawarthaLake" uid="22435626" lat="-12.2002010" lon="-38.9729261"/>
 <node id="13167211833" visible="true" version="1" changeset="172381187" timestamp="2025-09-24T08:33:30Z" user="KawarthaLake" uid="22435626" lat="-12.2000391" lon="-38.9729778"/>
 <node id="13167211834" visible="true" version="1" changeset="172381187" timestamp="2025-09-24T08:33:30Z" user="KawarthaLake" uid="22435626" lat="-12.1999972" lon="-38.9729925"/>
 <node id="13167211835" visible="true" version="1" changeset="172381187" timestamp="2025-09-24T08:33:30Z" user="KawarthaLake" uid="22435626" lat="-12.1999559" lon="-38.9729979"/>
 <node id="13167211836" visible="true" version="1" changeset="172381187" timestamp="2025-09-24T08:33:30Z" user="KawarthaLake" uid="22435626" lat="-12.1999179" lon="-38.9730059"/>
 <node id="13167211837" visible="true" version="1" changeset="172381187" timestamp="2025-09-24T08:33:30Z" user="KawarthaLake" uid="22435626" lat="-12.1998413" lon="-38.9730144"/>
 <node id="13167211838" visible="true" version="1" changeset="172381187" timestamp="2025-09-24T08:33:30Z" user="KawarthaLake" uid="22435626" lat="-12.2014270" lon="-38.9730499"/>
 <node id="13167211839" visible="true" version="1" changeset="172381187" timestamp="2025-09-24T08:33:30Z" user="KawarthaLake" uid="22435626" lat="-12.2013650" lon="-38.9731970"/>
 <node id="13167211840" visible="true" version="1" changeset="172381187" timestamp="2025-09-24T08:33:30Z" user="KawarthaLake" uid="22435626" lat="-12.2013244" lon="-38.9732453"/>
 <node id="13167211841" visible="true" version="1" changeset="172381187" timestamp="2025-09-24T08:33:30Z" user="KawarthaLake" uid="22435626" lat="-12.2012615" lon="-38.9732802"/>
 <node id="13167211842" visible="true" version="1" changeset="172381187" timestamp="2025-09-24T08:33:30Z" user="KawarthaLake" uid="22435626" lat="-12.2012156" lon="-38.9733110"/>
 <node id="13167211843" visible="true" version="1" changeset="172381187" timestamp="2025-09-24T08:33:30Z" user="KawarthaLake" uid="22435626" lat="-12.2010989" lon="-38.9735149"/>
 <node id="13167211844" visible="true" version="1" changeset="172381187" timestamp="2025-09-24T08:33:30Z" user="KawarthaLake" uid="22435626" lat="-12.2010075" lon="-38.9736128"/>
 <node id="13167211845" visible="true" version="1" changeset="172381187" timestamp="2025-09-24T08:33:30Z" user="KawarthaLake" uid="22435626" lat="-12.2009639" lon="-38.9736731"/>
 <node id="13167211846" visible="true" version="1" changeset="172381187" timestamp="2025-09-24T08:33:30Z" user="KawarthaLake" uid="22435626" lat="-12.2009089" lon="-38.9737375"/>
 <node id="13167211847" visible="true" version="1" changeset="172381187" timestamp="2025-09-24T08:33:30Z" user="KawarthaLake" uid="22435626" lat="-12.2007621" lon="-38.9738287"/>
 <node id="13167211848" visible="true" version="1" changeset="172381187" timestamp="2025-09-24T08:33:30Z" user="KawarthaLake" uid="22435626" lat="-12.2005615" lon="-38.9739212"/>
 <node id="13167211849" visible="true" version="1" changeset="172381187" timestamp="2025-09-24T08:33:30Z" user="KawarthaLake" uid="22435626" lat="-12.2005235" lon="-38.9739387"/>
 <node id="13167211850" visible="true" version="1" changeset="172381187" timestamp="2025-09-24T08:33:30Z" user="KawarthaLake" uid="22435626" lat="-12.2005025" lon="-38.9739373"/>
 <node id="13167211851" visible="true" version="1" changeset="172381187" timestamp="2025-09-24T08:33:30Z" user="KawarthaLake" uid="22435626" lat="-12.2004501" lon="-38.9739119"/>
 <node id="13167211852" visible="true" version="1" changeset="172381187" timestamp="2025-09-24T08:33:30Z" user="KawarthaLake" uid="22435626" lat="-12.2002613" lon="-38.9738394"/>
 <node id="13167211853" visible="true" version="1" changeset="172381187" timestamp="2025-09-24T08:33:30Z" user="KawarthaLake" uid="22435626" lat="-12.2001840" lon="-38.9738099"/>
 <node id="13167211854" visible="true" version="1" changeset="172381187" timestamp="2025-09-24T08:33:30Z" user="KawarthaLake" uid="22435626" lat="-12.2001013" lon="-38.9737988"/>
 <node id="13167217501" visible="true" version="1" changeset="172381450" timestamp="2025-09-24T08:40:04Z" user="KawarthaLake" uid="22435626" lat="-12.2020139" lon="-38.9713678"/>
 <node id="13167217502" visible="true" version="1" changeset="172381450" timestamp="2025-09-24T08:40:04Z" user="KawarthaLake" uid="22435626" lat="-12.2019015" lon="-38.9717646"/>
 <node id="13167217503" visible="true" version="1" changeset="172381450" timestamp="2025-09-24T08:40:04Z" user="KawarthaLake" uid="22435626" lat="-12.2018094" lon="-38.9714898"/>
 <node id="13167217504" visible="true" version="1" changeset="172381450" timestamp="2025-09-24T08:40:04Z" user="KawarthaLake" uid="22435626" lat="-12.2015295" lon="-38.9706105"/>
 <node id="13167217506" visible="true" version="1" changeset="172381450" timestamp="2025-09-24T08:40:04Z" user="KawarthaLake" uid="22435626" lat="-12.2017040" lon="-38.9705521"/>
 <node id="13167217507" visible="true" version="1" changeset="172381450" timestamp="2025-09-24T08:40:04Z" user="KawarthaLake" uid="22435626" lat="-12.2017832" lon="-38.9707991"/>
 <node id="13168573533" visible="true" version="1" changeset="172417069" timestamp="2025-09-25T01:10:48Z" user="KawarthaLake" uid="22435626" lat="-12.2016226" lon="-38.9708736"/>
 <node id="13168573534" visible="true" version="1" changeset="172417069" timestamp="2025-09-25T01:10:48Z" user="KawarthaLake" uid="22435626" lat="-12.2014004" lon="-38.9702164"/>
 <node id="13351138517" visible="true" version="1" changeset="175443548" timestamp="2025-12-03T12:00:03Z" user="Rosineia" uid="23573751" lat="-12.2011746" lon="-38.9753267">
  <tag k="leisure" v="park"/>
  <tag k="name" v="LEG"/>
 </node>
 <node id="13351138518" visible="true" version="1" changeset="175443548" timestamp="2025-12-03T12:00:03Z" user="Rosineia" uid="23573751" lat="-12.2011879" lon="-38.9753687">
  <tag k="leisure" v="park"/>
  <tag k="name" v="GEOMOV"/>
 </node>
 <node id="13351138519" visible="true" version="1" changeset="175443548" timestamp="2025-12-03T12:00:03Z" user="Rosineia" uid="23573751" lat="-12.2012023" lon="-38.9753110">
  <tag k="leisure" v="park"/>
  <tag k="name" v="LACART"/>
 </node>
 <node id="13351147241" visible="true" version="1" changeset="175443329" timestamp="2025-12-03T11:53:56Z" user="Ana@FSA" uid="13853003" lat="-12.2011911" lon="-38.9752832">
  <tag k="name" v="LACART"/>
  <tag k="office" v="research"/>
 </node>
 <node id="13351148092" visible="true" version="1" changeset="175443364" timestamp="2025-12-03T11:54:44Z" user="2alice" uid="23573791" lat="-12.2011785" lon="-38.9752803">
  <tag k="name" v="Lacart"/>
  <tag k="office" v="research"/>
 </node>
 <node id="13351151048" visible="true" version="1" changeset="175443348" timestamp="2025-12-03T11:54:22Z" user="Anderson bonfim gomes" uid="23573813" lat="-12.2012407" lon="-38.9753014">
  <tag k="name" v="Lacart"/>
  <tag k="office" v="research"/>
 </node>
 <node id="13351155460" visible="true" version="1" changeset="175443482" timestamp="2025-12-03T11:58:02Z" user="Wanessa karen discente" uid="23573796" lat="-12.2012079" lon="-38.9752807">
  <tag k="name" v="LACART"/>
  <tag k="office" v="research"/>
 </node>
 <node id="13351156545" visible="true" version="1" changeset="175443332" timestamp="2025-12-03T11:53:58Z" user="Jaiane Rios" uid="23573781" lat="-12.2012154" lon="-38.9753660">
  <tag k="name" v="LACART"/>
  <tag k="office" v="research"/>
 </node>
 <node id="13351157435" visible="true" version="1" changeset="175443356" timestamp="2025-12-03T11:54:33Z" user="Laiane Rabelo" uid="23573797" lat="-12.2011906" lon="-38.9752677">
  <tag k="name" v="LACART"/>
  <tag k="office" v="research"/>
 </node>
 <node id="13351158110" visible="true" version="1" changeset="175443382" timestamp="2025-12-03T11:55:04Z" user="Gabrielle Santos Sampaio" uid="23573757" lat="-12.2012185" lon="-38.9753887">
  <tag k="name" v="LACART"/>
  <tag k="office" v="research"/>
 </node>
 <node id="13351159353" visible="true" version="1" changeset="175443346" timestamp="2025-12-03T11:54:19Z" user="marcossilva2025" uid="23573790" lat="-12.2011230" lon="-38.9751987"/>
 <node id="13351159354" visible="true" version="1" changeset="175443346" timestamp="2025-12-03T11:54:19Z" user="marcossilva2025" uid="23573790" lat="-12.2011734" lon="-38.9752112">
  <tag k="name" v="Lacart"/>
  <tag k="office" v="research"/>
 </node>
 <node id="13351164649" visible="true" version="1" changeset="175443433" timestamp="2025-12-03T11:56:20Z" user="Antônio Francisco Ferreira de Almeida" uid="23573764" lat="-12.2011704" lon="-38.9752530">
  <tag k="name" v="LACART"/>
  <tag k="office" v="research"/>
 </node>
 <node id="13351172906" visible="true" version="1" changeset="175443599" timestamp="2025-12-03T12:01:27Z" user="Laiane Rabelo" uid="23573797" lat="-12.2004709" lon="-38.9749696"/>
 <node id="13351172907" visible="true" version="1" changeset="175443599" timestamp="2025-12-03T12:01:27Z" user="Laiane Rabelo" uid="23573797" lat="-12.2008007" lon="-38.9748299"/>
 <node id="13351172908" visible="true" version="1" changeset="175443599" timestamp="2025-12-03T12:01:27Z" user="Laiane Rabelo" uid="23573797" lat="-12.2009040" lon="-38.9748157"/>
 <node id="13351172909" visible="true" version="1" changeset="175443599" timestamp="2025-12-03T12:01:27Z" user="Laiane Rabelo" uid="23573797" lat="-12.2010113" lon="-38.9748421"/>
 <node id="13351172910" visible="true" version="1" changeset="175443599" timestamp="2025-12-03T12:01:27Z" user="Laiane Rabelo" uid="23573797" lat="-12.2011095" lon="-38.9749790"/>
 <way id="29199436" visible="true" version="13" changeset="156818612" timestamp="2024-09-19T12:42:02Z" user="WahibaSands" uid="18561412">
  <nd ref="321184098"/>
  <nd ref="321184099"/>
  <nd ref="7232510473"/>
  <nd ref="321184100"/>
  <nd ref="321184101"/>
  <nd ref="7232510472"/>
  <nd ref="7233456257"/>
  <nd ref="321184079"/>
  <tag k="highway" v="tertiary_link"/>
  <tag k="oneway" v="yes"/>
 </way>
 <way id="29199438" visible="true" version="17" changeset="91887933" timestamp="2020-10-03T00:55:53Z" user="kaartense" uid="10292935">
  <nd ref="2517911566"/>
  <nd ref="6532819020"/>
  <nd ref="7232510466"/>
  <nd ref="4046308389"/>
  <nd ref="7232510467"/>
  <nd ref="4046308288"/>
  <nd ref="4046308287"/>
  <nd ref="7232510468"/>
  <nd ref="7232510469"/>
  <nd ref="4046308286"/>
  <nd ref="4046308285"/>
  <nd ref="7232510470"/>
  <nd ref="4046308284"/>
  <nd ref="4046308283"/>
  <nd ref="4046308282"/>
  <nd ref="4046308281"/>
  <tag k="highway" v="tertiary"/>
  <tag k="lanes" v="4"/>
  <tag k="name" v="Avenida Transnordestina"/>
  <tag k="oneway" v="no"/>
  <tag k="surface" v="asphalt"/>
 </way>
 <way id="29199446" visible="true" version="37" changeset="179154988" timestamp="2026-02-28T01:23:21Z" user="Pedro Souza Costa" uid="21298810">
  <nd ref="6686293667"/>
  <nd ref="7232545389"/>
  <nd ref="7232545388"/>
  <nd ref="411824831"/>
  <nd ref="411819993"/>
  <nd ref="7232545386"/>
  <nd ref="10677208931"/>
  <nd ref="10677208929"/>
  <nd ref="6686064786"/>
  <nd ref="7210972910"/>
  <nd ref="411819997"/>
  <nd ref="6686064779"/>
  <nd ref="12871629120"/>
  <nd ref="6686064781"/>
  <tag k="alt_name" v="Rodovia Santos Dumont"/>
  <tag k="highway" v="trunk"/>
  <tag k="maxspeed" v="80"/>
  <tag k="name" v="Avenida Transnordestina"/>
  <tag k="oneway" v="yes"/>
  <tag k="ref" v="BR-116"/>
  <tag k="surface" v="paved"/>
  <tag k="wikipedia" v="pt:BR-116"/>
 </way>
 <way id="35045302" visible="true" version="2" changeset="66920945" timestamp="2019-02-05T03:22:44Z" user="BobGod" uid="9415349">
  <nd ref="411042244"/>
  <nd ref="411042246"/>
  <nd ref="411042262"/>
  <nd ref="411042245"/>
  <tag k="highway" v="residential"/>
  <tag k="name" v="Rua Araguara"/>
  <tag k="source" v="Yahoo"/>
 </way>
 <way id="35045303" visible="true" version="2" changeset="66920945" timestamp="2019-02-05T03:22:45Z" user="BobGod" uid="9415349">
  <nd ref="411042263"/>
  <nd ref="411042268"/>
  <nd ref="411042265"/>
  <nd ref="411042262"/>
  <nd ref="411042260"/>
  <nd ref="411042228"/>
  <nd ref="411042248"/>
  <tag k="highway" v="residential"/>
  <tag k="name" v="Rua Aracai"/>
  <tag k="source" v="Yahoo"/>
 </way>
 <way id="35045307" visible="true" version="2" changeset="79538856" timestamp="2020-01-14T02:00:29Z" user="Szekha" uid="10236925">
  <nd ref="411042264"/>
  <nd ref="411042265"/>
  <nd ref="411042266"/>
  <tag k="highway" v="residential"/>
  <tag k="name" v="Rua Anajatuba"/>
  <tag k="source" v="Yahoo"/>
 </way>
 <way id="35045308" visible="true" version="2" changeset="79538659" timestamp="2020-01-14T01:49:29Z" user="Szekha" uid="10236925">
  <nd ref="411042267"/>
  <nd ref="411042268"/>
  <nd ref="411042269"/>
  <tag k="highway" v="residential"/>
  <tag k="name" v="Rua Anajas"/>
  <tag k="source" v="Yahoo"/>
 </way>
 <way id="35045309" visible="true" version="7" changeset="161685319" timestamp="2025-01-23T18:39:01Z" user="ElblagCanal" uid="20681024">
  <nd ref="4046412707"/>
  <nd ref="6686064806"/>
  <nd ref="411042270"/>
  <nd ref="7232875936"/>
  <nd ref="411042276"/>
  <nd ref="411042283"/>
  <nd ref="411042250"/>
  <nd ref="6686064808"/>
  <nd ref="411042288"/>
  <nd ref="6686293631"/>
  <nd ref="411042303"/>
  <nd ref="411042271"/>
  <nd ref="411042292"/>
  <nd ref="6686293636"/>
  <nd ref="4046461439"/>
  <nd ref="11792767625"/>
  <nd ref="6686293654"/>
  <nd ref="6686293646"/>
  <nd ref="6686293647"/>
  <nd ref="6686293656"/>
  <nd ref="411042273"/>
  <nd ref="411042274"/>
  <nd ref="6686293648"/>
  <nd ref="411042305"/>
  <nd ref="411042275"/>
  <tag k="highway" v="residential"/>
  <tag k="source" v="Yahoo"/>
 </way>
 <way id="35045311" visible="true" version="3" changeset="81320488" timestamp="2020-02-21T13:56:21Z" user="Weisshorn" uid="10278885">
  <nd ref="411042279"/>
  <nd ref="411042280"/>
  <nd ref="7232875926"/>
  <nd ref="7232875925"/>
  <nd ref="7232875924"/>
  <nd ref="411042282"/>
  <nd ref="4953907072"/>
  <nd ref="4953907074"/>
  <nd ref="4953907071"/>
  <tag k="highway" v="residential"/>
  <tag k="source" v="Yahoo"/>
 </way>
 <way id="35045312" visible="true" version="1" changeset="1319454" timestamp="2009-05-25T19:39:43Z" user="5EE" uid="31138">
  <nd ref="411042281"/>
  <nd ref="411042282"/>
  <tag k="highway" v="residential"/>
  <tag k="source" v="Yahoo"/>
 </way>
 <way id="35045313" visible="true" version="2" changeset="81320488" timestamp="2020-02-21T13:56:21Z" user="Weisshorn" uid="10278885">
  <nd ref="411042283"/>
  <nd ref="411042286"/>
  <nd ref="411042284"/>
  <nd ref="7232875921"/>
  <nd ref="7232875920"/>
  <nd ref="7232875919"/>
  <nd ref="411042285"/>
  <tag k="highway" v="residential"/>
  <tag k="source" v="Yahoo"/>
 </way>
 <way id="35045314" visible="true" version="1" changeset="1319454" timestamp="2009-05-25T19:39:43Z" user="5EE" uid="31138">
  <nd ref="411042286"/>
  <nd ref="411042287"/>
  <tag k="highway" v="residential"/>
  <tag k="source" v="Yahoo"/>
 </way>
 <way id="35045315" visible="true" version="5" changeset="81320488" timestamp="2020-02-21T13:56:21Z" user="Weisshorn" uid="10278885">
  <nd ref="6686064809"/>
  <nd ref="411042288"/>
  <nd ref="6686064810"/>
  <nd ref="7232875918"/>
  <nd ref="411042302"/>
  <nd ref="411042300"/>
  <nd ref="411042294"/>
  <nd ref="4046458098"/>
  <nd ref="411042289"/>
  <tag k="highway" v="residential"/>
  <tag k="name" v="Rua Araguaia"/>
  <tag k="source" v="Yahoo"/>
 </way>
 <way id="35045316" visible="true" version="2" changeset="17655433" timestamp="2013-09-03T14:51:39Z" user="wille" uid="360183">
  <nd ref="411042290"/>
  <nd ref="411042289"/>
  <nd ref="411042297"/>
  <nd ref="411042293"/>
  <nd ref="411042291"/>
  <tag k="highway" v="residential"/>
  <tag k="source" v="Yahoo"/>
 </way>
 <way id="35045317" visible="true" version="2" changeset="66921672" timestamp="2019-02-05T04:14:03Z" user="BobGod" uid="9415349">
  <nd ref="411042271"/>
  <nd ref="411042301"/>
  <nd ref="411042295"/>
  <nd ref="411042299"/>
  <nd ref="411042293"/>
  <tag k="highway" v="residential"/>
  <tag k="name" v="Rua Araguacema"/>
  <tag k="source" v="Yahoo"/>
 </way>
 <way id="35045318" visible="true" version="2" changeset="66921672" timestamp="2019-02-05T04:14:03Z" user="BobGod" uid="9415349">
  <nd ref="411042294"/>
  <nd ref="411042296"/>
  <nd ref="411042295"/>
  <tag k="highway" v="residential"/>
  <tag k="name" v="Rua Andira"/>
  <tag k="source" v="Yahoo"/>
 </way>
 <way id="35045319" visible="true" version="2" changeset="66920945" timestamp="2019-02-05T03:22:45Z" user="BobGod" uid="9415349">
  <nd ref="411042296"/>
  <nd ref="411042298"/>
  <nd ref="411042297"/>
  <tag k="highway" v="residential"/>
  <tag k="name" v="Rua Apucarana"/>
  <tag k="source" v="Yahoo"/>
 </way>
 <way id="35045320" visible="true" version="2" changeset="66921672" timestamp="2019-02-05T04:14:03Z" user="BobGod" uid="9415349">
  <nd ref="411042298"/>
  <nd ref="411042299"/>
  <tag k="highway" v="residential"/>
  <tag k="name" v="Travessa Apucarana"/>
  <tag k="source" v="Yahoo"/>
 </way>
 <way id="35045321" visible="true" version="2" changeset="79538659" timestamp="2020-01-14T01:49:29Z" user="Szekha" uid="10236925">
  <nd ref="411042300"/>
  <nd ref="411042301"/>
  <tag k="highway" v="residential"/>
  <tag k="name" v="Rua Arapoti"/>
  <tag k="source" v="Yahoo"/>
 </way>
 <way id="35045322" visible="true" version="5" changeset="81320488" timestamp="2020-02-21T13:56:21Z" user="Weisshorn" uid="10278885">
  <nd ref="411042302"/>
  <nd ref="7232875917"/>
  <nd ref="7232875915"/>
  <nd ref="6686293629"/>
  <nd ref="411042303"/>
  <tag k="highway" v="residential"/>
  <tag k="name" v="Rua Arapongas"/>
  <tag k="source" v="Yahoo"/>
 </way>
 <way id="35045323" visible="true" version="5" changeset="170787979" timestamp="2025-08-21T15:59:58Z" user="PumpkinPieAficionado" uid="15653016">
  <nd ref="6686293649"/>
  <nd ref="7238682205"/>
  <nd ref="411042304"/>
  <nd ref="411042274"/>
  <tag k="highway" v="residential"/>
  <tag k="name" v="Rua Moisés"/>
 </way>
 <way id="35045324" visible="true" version="3" changeset="79538659" timestamp="2020-01-14T01:49:29Z" user="Szekha" uid="10236925">
  <nd ref="411042305"/>
  <nd ref="411042306"/>
  <nd ref="4046461445"/>
  <tag k="alt_name" v="Rua 2"/>
  <tag k="highway" v="residential"/>
  <tag k="name" v="Rua Dois"/>
  <tag k="source" v="Yahoo"/>
 </way>
 <way id="35045325" visible="true" version="8" changeset="138169001" timestamp="2023-07-06T02:52:11Z" user="LaurentianPlateau" uid="15994207">
  <nd ref="11028912725"/>
  <nd ref="411042275"/>
  <nd ref="411042307"/>
  <nd ref="4046461444"/>
  <nd ref="411042309"/>
  <nd ref="411042310"/>
  <nd ref="6686293676"/>
  <nd ref="7238682204"/>
  <nd ref="6686293677"/>
  <nd ref="6686293678"/>
  <nd ref="6686293679"/>
  <nd ref="7238682203"/>
  <nd ref="411042311"/>
  <nd ref="6686293680"/>
  <nd ref="411042316"/>
  <nd ref="6686323095"/>
  <nd ref="411042317"/>
  <tag k="highway" v="residential"/>
  <tag k="name" v="Rua Estrela da Bela Vista"/>
  <tag k="source" v="Yahoo"/>
 </way>
 <way id="35080738" visible="true" version="30" changeset="169309431" timestamp="2025-07-22T18:56:08Z" user="davi325_" uid="23119990">
  <nd ref="4045346155"/>
  <nd ref="13017823909"/>
  <nd ref="4045346151"/>
  <nd ref="2826909819"/>
  <nd ref="7210820840"/>
  <nd ref="2826909808"/>
  <nd ref="411547124"/>
  <nd ref="6686792976"/>
  <nd ref="411547122"/>
  <nd ref="411547074"/>
  <nd ref="2826909799"/>
  <nd ref="411547075"/>
  <nd ref="6686792979"/>
  <nd ref="7210837491"/>
  <nd ref="411547076"/>
  <nd ref="411547110"/>
  <nd ref="411547072"/>
  <nd ref="6686792981"/>
  <nd ref="411547065"/>
  <nd ref="4045346165"/>
  <nd ref="411819923"/>
  <nd ref="4045346161"/>
  <nd ref="6259043418"/>
  <nd ref="411547077"/>
  <nd ref="411819915"/>
  <nd ref="411819908"/>
  <nd ref="411819906"/>
  <nd ref="411547078"/>
  <nd ref="411819968"/>
  <nd ref="411819971"/>
  <nd ref="411547079"/>
  <nd ref="411819984"/>
  <nd ref="411820256"/>
  <nd ref="411547080"/>
  <nd ref="411547081"/>
  <nd ref="411820383"/>
  <nd ref="7232635617"/>
  <nd ref="411547082"/>
  <nd ref="411820305"/>
  <nd ref="411547083"/>
  <nd ref="411820313"/>
  <nd ref="411820318"/>
  <nd ref="411820414"/>
  <nd ref="411547084"/>
  <nd ref="411820335"/>
  <nd ref="411547085"/>
  <nd ref="411547086"/>
  <nd ref="4046198079"/>
  <nd ref="411547087"/>
  <nd ref="411547088"/>
  <nd ref="411824894"/>
  <nd ref="411547089"/>
  <nd ref="4953165413"/>
  <nd ref="7232635616"/>
  <nd ref="4953165408"/>
  <nd ref="6694006301"/>
  <nd ref="411547090"/>
  <nd ref="4953165406"/>
  <nd ref="7232635615"/>
  <nd ref="411547091"/>
  <nd ref="4953165416"/>
  <nd ref="411824889"/>
  <nd ref="411547092"/>
  <nd ref="7232635614"/>
  <nd ref="411824890"/>
  <nd ref="4953165414"/>
  <nd ref="6535776171"/>
  <tag k="highway" v="residential"/>
  <tag k="lanes" v="2"/>
  <tag k="lit" v="yes"/>
  <tag k="name" v="Rua Monsenhor Moisés Gonçalves do Couto"/>
  <tag k="sidewalk" v="both"/>
  <tag k="source" v="Yahoo"/>
  <tag k="surface" v="asphalt"/>
 </way>
 <way id="35103261" visible="true" version="4" changeset="66922447" timestamp="2019-02-05T05:00:24Z" user="BobGod" uid="9415349">
  <nd ref="411820378"/>
  <nd ref="411820394"/>
  <nd ref="411820375"/>
  <nd ref="4046198078"/>
  <nd ref="411820419"/>
  <nd ref="411820413"/>
  <nd ref="411820380"/>
  <tag k="highway" v="residential"/>
  <tag k="name" v="Rua Tiguarucu"/>
  <tag k="source" v="Yahoo"/>
 </way>
 <way id="35103262" visible="true" version="2" changeset="66922447" timestamp="2019-02-05T05:00:24Z" user="BobGod" uid="9415349">
  <nd ref="411820386"/>
  <nd ref="411820411"/>
  <nd ref="411820418"/>
  <nd ref="411820390"/>
  <nd ref="411820392"/>
  <tag k="highway" v="residential"/>
  <tag k="name" v="Rua Ipuacu"/>
  <tag k="source" v="Yahoo"/>
 </way>
 <way id="35103263" visible="true" version="2" changeset="67602836" timestamp="2019-02-27T02:39:55Z" user="Senzubeandealer" uid="9477005">
  <nd ref="411820394"/>
  <nd ref="411820392"/>
  <nd ref="411820396"/>
  <tag k="highway" v="residential"/>
  <tag k="name" v="Rua Serra Preta"/>
  <tag k="source" v="Yahoo"/>
 </way>
 <way id="35103264" visible="true" version="5" changeset="81315561" timestamp="2020-02-21T11:39:03Z" user="Weisshorn" uid="10278885">
  <nd ref="411824833"/>
  <nd ref="411824853"/>
  <nd ref="411824851"/>
  <nd ref="411824847"/>
  <nd ref="411820399"/>
  <nd ref="7232635607"/>
  <nd ref="411820401"/>
  <nd ref="411820403"/>
  <tag k="highway" v="residential"/>
  <tag k="name" v="Rua N"/>
  <tag k="source" v="Yahoo"/>
 </way>
 <way id="35103267" visible="true" version="3" changeset="79538856" timestamp="2020-01-14T02:00:29Z" user="Szekha" uid="10236925">
  <nd ref="411547086"/>
  <nd ref="411820421"/>
  <tag k="highway" v="residential"/>
  <tag k="name" v="Rua João Filho"/>
  <tag k="source" v="Yahoo"/>
 </way>
 <way id="35103268" visible="true" version="4" changeset="98063548" timestamp="2021-01-24T16:11:55Z" user="erickdeoliveiraleal" uid="463504">
  <nd ref="411820423"/>
  <nd ref="411820436"/>
  <nd ref="411820448"/>
  <nd ref="7232875953"/>
  <nd ref="411820425"/>
  <nd ref="7232875954"/>
  <nd ref="4046198075"/>
  <nd ref="411820427"/>
  <nd ref="4046198077"/>
  <nd ref="411820429"/>
  <nd ref="8357663344"/>
  <nd ref="411820446"/>
  <tag k="highway" v="service"/>
  <tag k="source" v="Yahoo"/>
 </way>
 <way id="35103270" visible="true" version="3" changeset="81320488" timestamp="2020-02-21T13:56:21Z" user="Weisshorn" uid="10278885">
  <nd ref="411820448"/>
  <nd ref="4046198076"/>
  <nd ref="411820440"/>
  <nd ref="411820443"/>
  <nd ref="7232875949"/>
  <nd ref="7232875950"/>
  <nd ref="7232875951"/>
  <nd ref="7232875952"/>
  <nd ref="411820444"/>
  <nd ref="411820446"/>
  <tag k="highway" v="service"/>
  <tag k="source" v="Yahoo"/>
 </way>
 <way id="35103909" visible="true" version="8" changeset="81317318" timestamp="2020-02-21T12:31:35Z" user="Weisshorn" uid="10278885">
  <nd ref="6535776171"/>
  <nd ref="4953165415"/>
  <nd ref="411824825"/>
  <nd ref="7232717275"/>
  <nd ref="411824837"/>
  <nd ref="7232717274"/>
  <nd ref="411824897"/>
  <nd ref="411824914"/>
  <nd ref="2522224759"/>
  <tag k="highway" v="residential"/>
  <tag k="name" v="Rua Pomperode"/>
  <tag k="source" v="Yahoo"/>
 </way>
 <way id="35103910" visible="true" version="5" changeset="158202281" timestamp="2024-10-22T09:12:44Z" user="MountBruce" uid="21272544">
  <nd ref="6686293658"/>
  <nd ref="411824828"/>
  <nd ref="6686293652"/>
  <nd ref="411824942"/>
  <nd ref="411824903"/>
  <nd ref="6686293653"/>
  <nd ref="411824832"/>
  <nd ref="411824844"/>
  <tag k="highway" v="residential"/>
  <tag k="oneway" v="yes"/>
  <tag k="source" v="Yahoo"/>
 </way>
 <way id="35103911" visible="true" version="5" changeset="81317318" timestamp="2020-02-21T12:31:35Z" user="Weisshorn" uid="10278885">
  <nd ref="411824832"/>
  <nd ref="4939496799"/>
  <nd ref="411824868"/>
  <nd ref="411824909"/>
  <nd ref="411824866"/>
  <nd ref="411824864"/>
  <nd ref="411824862"/>
  <nd ref="411824908"/>
  <nd ref="411824859"/>
  <nd ref="411824858"/>
  <nd ref="411824856"/>
  <nd ref="411824910"/>
  <nd ref="411824843"/>
  <nd ref="411824895"/>
  <nd ref="411824833"/>
  <nd ref="411824834"/>
  <nd ref="7232635604"/>
  <nd ref="411824835"/>
  <nd ref="7232635605"/>
  <nd ref="7232635606"/>
  <nd ref="411824836"/>
  <nd ref="411824921"/>
  <nd ref="411824879"/>
  <nd ref="411824919"/>
  <nd ref="411824877"/>
  <nd ref="411824917"/>
  <nd ref="411824875"/>
  <nd ref="411824915"/>
  <nd ref="411824870"/>
  <nd ref="7232717274"/>
  <tag k="highway" v="residential"/>
  <tag k="name" v="Rua A"/>
  <tag k="source" v="Yahoo"/>
 </way>
 <way id="35103912" visible="true" version="7" changeset="81317318" timestamp="2020-02-21T12:31:35Z" user="Weisshorn" uid="10278885">
  <nd ref="411820378"/>
  <nd ref="411824842"/>
  <nd ref="411820399"/>
  <nd ref="6694006295"/>
  <nd ref="7232635612"/>
  <nd ref="411824839"/>
  <nd ref="411824840"/>
  <nd ref="7232635613"/>
  <nd ref="6694006298"/>
  <nd ref="411824841"/>
  <nd ref="411824882"/>
  <nd ref="411824881"/>
  <nd ref="411824880"/>
  <nd ref="411824878"/>
  <nd ref="411824876"/>
  <nd ref="4953165417"/>
  <nd ref="411824874"/>
  <nd ref="7232717277"/>
  <nd ref="411824869"/>
  <nd ref="411824871"/>
  <nd ref="411824887"/>
  <nd ref="7232717275"/>
  <tag k="highway" v="residential"/>
  <tag k="name" v="Rua M"/>
  <tag k="source" v="Yahoo"/>
 </way>
 <way id="35103913" visible="true" version="3" changeset="73135691" timestamp="2019-08-08T05:08:10Z" user="patodiez" uid="1856060">
  <nd ref="411824842"/>
  <nd ref="411824846"/>
  <nd ref="411824845"/>
  <nd ref="411824852"/>
  <nd ref="411824854"/>
  <nd ref="411824843"/>
  <nd ref="6694006305"/>
  <tag k="highway" v="residential"/>
  <tag k="name" v="Rua E"/>
  <tag k="source" v="Yahoo"/>
  <tag k="surface" v="concrete"/>
 </way>
 <way id="35103914" visible="true" version="3" changeset="50065241" timestamp="2017-07-05T18:17:04Z" user="patodiez" uid="1856060">
  <nd ref="411824844"/>
  <nd ref="411824867"/>
  <nd ref="411824865"/>
  <nd ref="411824863"/>
  <nd ref="411824861"/>
  <nd ref="411824860"/>
  <nd ref="4953165420"/>
  <nd ref="411824857"/>
  <nd ref="411824855"/>
  <nd ref="411824845"/>
  <tag k="highway" v="residential"/>
  <tag k="name" v="Rua D"/>
  <tag k="source" v="Yahoo"/>
  <tag k="surface" v="concrete"/>
 </way>
 <way id="35103915" visible="true" version="5" changeset="81317318" timestamp="2020-02-21T12:31:35Z" user="Weisshorn" uid="10278885">
  <nd ref="411824847"/>
  <nd ref="411824848"/>
  <nd ref="6694006297"/>
  <nd ref="411824849"/>
  <nd ref="7232717279"/>
  <nd ref="411824850"/>
  <tag k="alt_name" v="Caminho Vinte e Sete"/>
  <tag k="highway" v="residential"/>
  <tag k="name" v="Caminho 27"/>
  <tag k="source" v="Yahoo"/>
 </way>
 <way id="35103916" visible="true" version="5" changeset="81317318" timestamp="2020-02-21T12:31:35Z" user="Weisshorn" uid="10278885">
  <nd ref="411824886"/>
  <nd ref="411824883"/>
  <nd ref="411824885"/>
  <nd ref="6694006296"/>
  <nd ref="411824884"/>
  <nd ref="7232717278"/>
  <nd ref="411824851"/>
  <tag k="alt_name" v="Caminho Vinte e Cinco"/>
  <tag k="highway" v="residential"/>
  <tag k="name" v="Caminho 25"/>
  <tag k="source" v="Yahoo"/>
 </way>
 <way id="35103917" visible="true" version="3" changeset="79538856" timestamp="2020-01-14T02:00:29Z" user="Szekha" uid="10236925">
  <nd ref="411824853"/>
  <nd ref="411824854"/>
  <tag k="alt_name" v="Caminho Quinze"/>
  <tag k="highway" v="residential"/>
  <tag k="name" v="Caminho 15"/>
  <tag k="source" v="Yahoo"/>
 </way>
 <way id="35103918" visible="true" version="3" changeset="79538856" timestamp="2020-01-14T02:00:29Z" user="Szekha" uid="10236925">
  <nd ref="411824855"/>
  <nd ref="411824856"/>
  <tag k="alt_name" v="Caminho Treze"/>
  <tag k="highway" v="residential"/>
  <tag k="name" v="Caminho 13"/>
  <tag k="source" v="Yahoo"/>
 </way>
 <way id="35103919" visible="true" version="2" changeset="66921672" timestamp="2019-02-05T04:14:03Z" user="BobGod" uid="9415349">
  <nd ref="411824857"/>
  <nd ref="411824858"/>
  <tag k="alt_name" v="Caminho 11"/>
  <tag k="highway" v="residential"/>
  <tag k="name" v="Caminho Onze"/>
  <tag k="source" v="Yahoo"/>
 </way>
 <way id="35103920" visible="true" version="2" changeset="66921672" timestamp="2019-02-05T04:14:03Z" user="BobGod" uid="9415349">
  <nd ref="411824859"/>
  <nd ref="411824860"/>
  <tag k="alt_name" v="Caminho 9"/>
  <tag k="highway" v="residential"/>
  <tag k="name" v="Caminho Nove"/>
  <tag k="source" v="Yahoo"/>
 </way>
 <way id="35103921" visible="true" version="3" changeset="66921672" timestamp="2019-02-05T04:14:03Z" user="BobGod" uid="9415349">
  <nd ref="411824861"/>
  <nd ref="411824862"/>
  <tag k="alt_name" v="Caminho 7"/>
  <tag k="highway" v="residential"/>
  <tag k="name" v="Caminho Sete"/>
  <tag k="source" v="Yahoo"/>
  <tag k="surface" v="concrete"/>
 </way>
 <way id="35103922" visible="true" version="2" changeset="66921672" timestamp="2019-02-05T04:14:03Z" user="BobGod" uid="9415349">
  <nd ref="411824863"/>
  <nd ref="411824864"/>
  <tag k="highway" v="residential"/>
  <tag k="name" v="Rua C"/>
  <tag k="source" v="Yahoo"/>
 </way>
 <way id="35103923" visible="true" version="3" changeset="79538856" timestamp="2020-01-14T02:00:29Z" user="Szekha" uid="10236925">
  <nd ref="411824865"/>
  <nd ref="411824866"/>
  <tag k="alt_name" v="Caminho 5; Caminho Cinco"/>
  <tag k="highway" v="residential"/>
  <tag k="name" v="Caminho 05"/>
  <tag k="source" v="Yahoo"/>
 </way>
 <way id="35103924" visible="true" version="2" changeset="66921672" timestamp="2019-02-05T04:14:03Z" user="BobGod" uid="9415349">
  <nd ref="411824867"/>
  <nd ref="411824868"/>
  <tag k="alt_name" v="Caminho 3"/>
  <tag k="highway" v="residential"/>
  <tag k="name" v="Caminho Três"/>
  <tag k="source" v="Yahoo"/>
 </way>
 <way id="35103925" visible="true" version="4" changeset="147331130" timestamp="2024-02-11T15:04:34Z" user="Raphaelkaart" uid="12468685">
  <nd ref="411824889"/>
  <nd ref="411824869"/>
  <tag k="highway" v="residential"/>
  <tag k="name" v="Rua Pirinópolis"/>
  <tag k="source" v="Yahoo"/>
 </way>
 <way id="35103926" visible="true" version="4" changeset="79538856" timestamp="2020-01-14T02:00:29Z" user="Szekha" uid="10236925">
  <nd ref="411824871"/>
  <nd ref="411824872"/>
  <nd ref="411824837"/>
  <tag k="alt_name" v="Caminho 41"/>
  <tag k="highway" v="residential"/>
  <tag k="name" v="Caminho Quarenta e Um"/>
  <tag k="source" v="Yahoo"/>
 </way>
 <way id="35103927" visible="true" version="3" changeset="79538856" timestamp="2020-01-14T02:00:29Z" user="Szekha" uid="10236925">
  <nd ref="411824874"/>
  <nd ref="411824875"/>
  <tag k="alt_name" v="Caminho 37"/>
  <tag k="highway" v="residential"/>
  <tag k="name" v="Caminho Trinta e Sete"/>
  <tag k="source" v="Yahoo"/>
 </way>
 <way id="35103928" visible="true" version="2" changeset="66922180" timestamp="2019-02-05T04:40:06Z" user="BobGod" uid="9415349">
  <nd ref="411824876"/>
  <nd ref="411824877"/>
  <tag k="highway" v="residential"/>
  <tag k="name" v="Rua L"/>
  <tag k="source" v="Yahoo"/>
 </way>
 <way id="35103929" visible="true" version="3" changeset="79538856" timestamp="2020-01-14T02:00:29Z" user="Szekha" uid="10236925">
  <nd ref="411824878"/>
  <nd ref="411824879"/>
  <tag k="alt_name" v="Caminho 35"/>
  <tag k="highway" v="residential"/>
  <tag k="name" v="Caminho Trinta e Cinco"/>
  <tag k="source" v="Yahoo"/>
 </way>
 <way id="35103930" visible="true" version="3" changeset="79538856" timestamp="2020-01-14T02:00:29Z" user="Szekha" uid="10236925">
  <nd ref="411824880"/>
  <nd ref="411824836"/>
  <tag k="alt_name" v="Caminho Trinta e Três"/>
  <tag k="highway" v="residential"/>
  <tag k="name" v="Caminho 33"/>
  <tag k="source" v="Yahoo"/>
 </way>
 <way id="35103931" visible="true" version="3" changeset="79538856" timestamp="2020-01-14T02:00:29Z" user="Szekha" uid="10236925">
  <nd ref="411824881"/>
  <nd ref="411824886"/>
  <nd ref="411824835"/>
  <tag k="alt_name" v="Caminho Trinta e Um"/>
  <tag k="highway" v="residential"/>
  <tag k="name" v="Caminho 31"/>
  <tag k="source" v="Yahoo"/>
 </way>
 <way id="35103932" visible="true" version="3" changeset="79538856" timestamp="2020-01-14T02:00:29Z" user="Szekha" uid="10236925">
  <nd ref="411824882"/>
  <nd ref="411824850"/>
  <nd ref="411824883"/>
  <tag k="alt_name" v="Caminho Vinte e Três"/>
  <tag k="highway" v="residential"/>
  <tag k="name" v="Caminho 23"/>
  <tag k="source" v="Yahoo"/>
 </way>
 <way id="35103933" visible="true" version="5" changeset="132874336" timestamp="2023-02-22T11:17:08Z" user="LaurentianPlateau" uid="15994207">
  <nd ref="411824887"/>
  <nd ref="7232875913"/>
  <nd ref="7232875914"/>
  <nd ref="411824888"/>
  <nd ref="10685529278"/>
  <nd ref="10685529279"/>
  <nd ref="6694006304"/>
  <tag k="alt_name" v="Caminho 43"/>
  <tag k="highway" v="residential"/>
  <tag k="name" v="Caminho Quarenta e Três"/>
  <tag k="source" v="Yahoo"/>
 </way>
 <way id="35103934" visible="true" version="2" changeset="67602836" timestamp="2019-02-27T02:39:56Z" user="Senzubeandealer" uid="9477005">
  <nd ref="411824891"/>
  <nd ref="411824892"/>
  <nd ref="411824893"/>
  <nd ref="411824841"/>
  <tag k="highway" v="residential"/>
  <tag k="name" v="Rua Piratinga"/>
  <tag k="source" v="Yahoo"/>
 </way>
 <way id="35103935" visible="true" version="2" changeset="67602836" timestamp="2019-02-27T02:39:56Z" user="Senzubeandealer" uid="9477005">
  <nd ref="411824894"/>
  <nd ref="411824840"/>
  <tag k="highway" v="residential"/>
  <tag k="name" v="Rua Piratua"/>
  <tag k="source" v="Yahoo"/>
 </way>
 <way id="35103936" visible="true" version="3" changeset="81317318" timestamp="2020-02-21T12:31:35Z" user="Weisshorn" uid="10278885">
  <nd ref="411824895"/>
  <nd ref="411824901"/>
  <nd ref="411824936"/>
  <nd ref="411824933"/>
  <nd ref="7232718185"/>
  <nd ref="411824930"/>
  <nd ref="411824927"/>
  <nd ref="411824896"/>
  <tag k="highway" v="residential"/>
  <tag k="name" v="Rua G"/>
  <tag k="source" v="Yahoo"/>
 </way>
 <way id="35103937" visible="true" version="4" changeset="81317318" timestamp="2020-02-21T12:31:35Z" user="Weisshorn" uid="10278885">
  <nd ref="411824897"/>
  <nd ref="411824916"/>
  <nd ref="411824918"/>
  <nd ref="411824924"/>
  <nd ref="411824920"/>
  <nd ref="411824922"/>
  <nd ref="411824898"/>
  <nd ref="411824899"/>
  <nd ref="7232718188"/>
  <nd ref="7232718187"/>
  <nd ref="7232718186"/>
  <nd ref="411824900"/>
  <nd ref="411824901"/>
  <tag k="highway" v="residential"/>
  <tag k="name" v="Rua H"/>
  <tag k="source" v="Yahoo"/>
 </way>
 <way id="35103938" visible="true" version="6" changeset="81317318" timestamp="2020-02-21T12:31:35Z" user="Weisshorn" uid="10278885">
  <nd ref="411824903"/>
  <nd ref="4939496800"/>
  <nd ref="411824904"/>
  <nd ref="7232717283"/>
  <nd ref="411824905"/>
  <nd ref="6694006307"/>
  <nd ref="7232717284"/>
  <nd ref="6694006306"/>
  <nd ref="2663443662"/>
  <nd ref="411824937"/>
  <nd ref="411824907"/>
  <nd ref="411824939"/>
  <nd ref="411824908"/>
  <tag k="highway" v="residential"/>
  <tag k="name" v="Rua B"/>
  <tag k="source" v="Yahoo"/>
 </way>
 <way id="35103939" visible="true" version="3" changeset="66921397" timestamp="2019-02-05T03:55:13Z" user="BobGod" uid="9415349">
  <nd ref="411824904"/>
  <nd ref="4953165418"/>
  <nd ref="411824902"/>
  <nd ref="6259081029"/>
  <nd ref="411824940"/>
  <nd ref="411824909"/>
  <tag k="highway" v="residential"/>
  <tag k="name" v="Rua E"/>
  <tag k="source" v="Yahoo"/>
 </way>
 <way id="35103940" visible="true" version="3" changeset="79538856" timestamp="2020-01-14T02:00:29Z" user="Szekha" uid="10236925">
  <nd ref="411824912"/>
  <nd ref="411824934"/>
  <nd ref="411824931"/>
  <nd ref="411824928"/>
  <nd ref="411824913"/>
  <tag k="alt_name" v="Caminho 28"/>
  <tag k="highway" v="residential"/>
  <tag k="name" v="Caminho Vinte e Oito"/>
  <tag k="source" v="Yahoo"/>
 </way>
 <way id="35103941" visible="true" version="3" changeset="79538856" timestamp="2020-01-14T02:00:29Z" user="Szekha" uid="10236925">
  <nd ref="411824900"/>
  <nd ref="411824935"/>
  <nd ref="411824923"/>
  <nd ref="411824932"/>
  <nd ref="411824925"/>
  <nd ref="411824929"/>
  <nd ref="411824926"/>
  <nd ref="411824914"/>
  <tag k="highway" v="residential"/>
  <tag k="name" v="Rua I"/>
  <tag k="source" v="Yahoo"/>
 </way>
 <way id="35103942" visible="true" version="3" changeset="79538856" timestamp="2020-01-14T02:00:29Z" user="Szekha" uid="10236925">
  <nd ref="411824915"/>
  <nd ref="411824916"/>
  <tag k="alt_name" v="Caminho 50"/>
  <tag k="highway" v="residential"/>
  <tag k="name" v="Caminho Cinquenta"/>
  <tag k="source" v="Yahoo"/>
 </way>
 <way id="35103943" visible="true" version="3" changeset="79538856" timestamp="2020-01-14T02:00:29Z" user="Szekha" uid="10236925">
  <nd ref="411824917"/>
  <nd ref="411824918"/>
  <tag k="alt_name" v="Caminho 48"/>
  <tag k="highway" v="residential"/>
  <tag k="name" v="Caminho Quarenta e Oito"/>
  <tag k="source" v="Yahoo"/>
 </way>
 <way id="35103944" visible="true" version="3" changeset="79538856" timestamp="2020-01-14T02:00:29Z" user="Szekha" uid="10236925">
  <nd ref="411824919"/>
  <nd ref="411824920"/>
  <tag k="alt_name" v="Caminho 46"/>
  <tag k="highway" v="residential"/>
  <tag k="name" v="Caminho Quarenta e Seis"/>
  <tag k="source" v="Yahoo"/>
 </way>
 <way id="35103945" visible="true" version="2" changeset="66922180" timestamp="2019-02-05T04:40:07Z" user="BobGod" uid="9415349">
  <nd ref="411824921"/>
  <nd ref="411824898"/>
  <tag k="highway" v="residential"/>
  <tag k="name" v="Rua J"/>
  <tag k="source" v="Yahoo"/>
 </way>
 <way id="35103946" visible="true" version="2" changeset="66922180" timestamp="2019-02-05T04:40:07Z" user="BobGod" uid="9415349">
  <nd ref="411824922"/>
  <nd ref="411824923"/>
  <tag k="highway" v="residential"/>
  <tag k="name" v="Travessa H"/>
  <tag k="source" v="Yahoo"/>
 </way>
 <way id="35103947" visible="true" version="2" changeset="79538856" timestamp="2020-01-14T02:00:29Z" user="Szekha" uid="10236925">
  <nd ref="411824924"/>
  <nd ref="411824925"/>
  <tag k="highway" v="residential"/>
  <tag k="name" v="Rua Jurema"/>
  <tag k="source" v="Yahoo"/>
 </way>
 <way id="35103948" visible="true" version="3" changeset="79538856" timestamp="2020-01-14T02:00:29Z" user="Szekha" uid="10236925">
  <nd ref="411824926"/>
  <nd ref="411824927"/>
  <tag k="alt_name" v="Caminho 44"/>
  <tag k="highway" v="residential"/>
  <tag k="name" v="Caminho Quarenta e Quatro"/>
  <tag k="source" v="Yahoo"/>
 </way>
 <way id="35103949" visible="true" version="3" changeset="79538856" timestamp="2020-01-14T02:00:29Z" user="Szekha" uid="10236925">
  <nd ref="411824929"/>
  <nd ref="411824930"/>
  <tag k="alt_name" v="Caminho 42"/>
  <tag k="highway" v="residential"/>
  <tag k="name" v="Caminho Quarenta e Dois"/>
  <tag k="source" v="Yahoo"/>
 </way>
 <way id="35103950" visible="true" version="2" changeset="66922180" timestamp="2019-02-05T04:40:08Z" user="BobGod" uid="9415349">
  <nd ref="411824932"/>
  <nd ref="411824933"/>
  <tag k="alt_name" v="Caminho 40"/>
  <tag k="highway" v="residential"/>
  <tag k="name" v="Caminho Quarenta"/>
  <tag k="source" v="Yahoo"/>
 </way>
 <way id="35103951" visible="true" version="4" changeset="79538856" timestamp="2020-01-14T02:00:29Z" user="Szekha" uid="10236925">
  <nd ref="411824935"/>
  <nd ref="411824936"/>
  <tag k="alt_name" v="Caminho Trinta e Oito"/>
  <tag k="highway" v="residential"/>
  <tag k="name" v="Caminho 38"/>
  <tag k="source" v="Yahoo"/>
 </way>
 <way id="35103952" visible="true" version="3" changeset="79538856" timestamp="2020-01-14T02:00:29Z" user="Szekha" uid="10236925">
  <nd ref="411824938"/>
  <nd ref="411824939"/>
  <tag k="alt_name" v="Caminho Dezoito"/>
  <tag k="highway" v="residential"/>
  <tag k="name" v="Caminho 18"/>
  <tag k="source" v="Yahoo"/>
 </way>
 <way id="35103955" visible="true" version="4" changeset="123204528" timestamp="2022-07-04T19:11:48Z" user="AjBelnuovo" uid="1799626">
  <nd ref="411824953"/>
  <nd ref="411824954"/>
  <nd ref="7232717255"/>
  <nd ref="7232717254"/>
  <nd ref="7232717253"/>
  <nd ref="7233520748"/>
  <nd ref="7232717256"/>
  <nd ref="7232717257"/>
  <nd ref="7232717258"/>
  <nd ref="411824955"/>
  <nd ref="411824956"/>
  <tag k="access" v="customers"/>
  <tag k="highway" v="service"/>
  <tag k="service" v="parking_aisle"/>
  <tag k="source" v="Yahoo"/>
  <tag k="surface" v="paved"/>
 </way>
 <way id="35103956" visible="true" version="1" changeset="1335757" timestamp="2009-05-27T17:44:31Z" user="5EE" uid="31138">
  <nd ref="411824957"/>
  <nd ref="411824958"/>
  <nd ref="411824959"/>
  <nd ref="411824960"/>
  <nd ref="411824957"/>
  <tag k="leisure" v="pitch"/>
  <tag k="sport" v="soccer"/>
 </way>
 <way id="35103957" visible="true" version="2" changeset="123204388" timestamp="2022-07-04T19:06:35Z" user="AjBelnuovo" uid="1799626">
  <nd ref="411824961"/>
  <nd ref="411824963"/>
  <nd ref="411824965"/>
  <nd ref="411824968"/>
  <nd ref="411824961"/>
  <tag k="leisure" v="pitch"/>
  <tag k="sport" v="soccer"/>
 </way>
 <way id="35413948" visible="true" version="5" changeset="79538659" timestamp="2020-01-14T01:49:29Z" user="Szekha" uid="10236925">
  <nd ref="415408105"/>
  <nd ref="6686323094"/>
  <tag k="highway" v="residential"/>
  <tag k="name" v="Rua José Huilton"/>
  <tag k="source" v="Yahoo"/>
 </way>
 <way id="35413949" visible="true" version="4" changeset="73047452" timestamp="2019-08-06T04:45:50Z" user="patodiez" uid="1856060">
  <nd ref="415408107"/>
  <nd ref="6686323089"/>
  <nd ref="415408115"/>
  <nd ref="415408109"/>
  <nd ref="4046494751"/>
  <nd ref="415408108"/>
  <nd ref="4046494754"/>
  <nd ref="415408105"/>
  <nd ref="411042316"/>
  <tag k="highway" v="residential"/>
  <tag k="name" v="Rua Linense"/>
  <tag k="source" v="Yahoo"/>
 </way>
 <way id="236420286" visible="true" version="4" changeset="73047452" timestamp="2019-08-06T04:45:50Z" user="patodiez" uid="1856060">
  <nd ref="411042291"/>
  <nd ref="6686293645"/>
  <nd ref="4046461438"/>
  <nd ref="411042292"/>
  <tag k="highway" v="residential"/>
  <tag k="name" v="Rua Araripe"/>
  <tag k="source" v="Yahoo"/>
 </way>
 <way id="244284389" visible="true" version="17" changeset="175443599" timestamp="2025-12-03T12:01:27Z" user="Laiane Rabelo" uid="23573797">
  <nd ref="7233456264"/>
  <nd ref="7233456263"/>
  <nd ref="6420998507"/>
  <nd ref="7232995229"/>
  <nd ref="13167211822"/>
  <nd ref="13167211100"/>
  <nd ref="6556482682"/>
  <nd ref="2517948714"/>
  <nd ref="12652541627"/>
  <nd ref="6532903555"/>
  <nd ref="7232995209"/>
  <nd ref="6556482677"/>
  <nd ref="13167211837"/>
  <nd ref="6556482680"/>
  <nd ref="13167211854"/>
  <nd ref="7232995212"/>
  <nd ref="6578861307"/>
  <nd ref="13351172906"/>
  <nd ref="7232995228"/>
  <nd ref="2516187680"/>
  <nd ref="6578861324"/>
  <nd ref="7232995221"/>
  <nd ref="6578861325"/>
  <nd ref="4046308278"/>
  <nd ref="5258662112"/>
  <nd ref="4046308281"/>
  <tag k="highway" v="service"/>
  <tag k="qualidade" v="boa"/>
  <tag k="source" v="qualidade=boa"/>
  <tag k="surface" v="asphalt"/>
 </way>
 <way id="244474127" visible="true" version="10" changeset="172381450" timestamp="2025-09-24T08:40:04Z" user="KawarthaLake" uid="22435626">
  <nd ref="6554120952"/>
  <nd ref="7233554360"/>
  <nd ref="13167211399"/>
  <nd ref="13167217506"/>
  <nd ref="13167217504"/>
  <nd ref="5258662108"/>
  <tag k="highway" v="service"/>
 </way>
 <way id="244475869" visible="true" version="3" changeset="71080243" timestamp="2019-06-09T20:13:40Z" user="teixeirista" uid="10061199">
  <nd ref="2517911546"/>
  <nd ref="2517911548"/>
  <nd ref="2517911550"/>
  <nd ref="2517911552"/>
  <nd ref="2517911546"/>
  <tag k="building" v="university"/>
  <tag k="building:levels" v="0"/>
  <tag k="name" v="Módulo Administrativo 5"/>
 </way>
 <way id="244475870" visible="true" version="4" changeset="71741665" timestamp="2019-06-29T18:42:44Z" user="teixeirista" uid="10061199">
  <nd ref="2517911554"/>
  <nd ref="6533128593"/>
  <nd ref="6535781106"/>
  <nd ref="2517911560"/>
  <nd ref="2517911554"/>
  <tag k="building" v="university"/>
  <tag k="building:levels" v="0"/>
  <tag k="name" v="Módulo Administrativo 6"/>
  <tag k="operator" v="Universidade Estadual de Feira de Santana"/>
 </way>
 <way id="244475871" visible="true" version="5" changeset="71741665" timestamp="2019-06-29T18:42:44Z" user="teixeirista" uid="10061199">
  <nd ref="2517911562"/>
  <nd ref="2517911564"/>
  <nd ref="6533128597"/>
  <nd ref="6532819019"/>
  <nd ref="2517911562"/>
  <tag k="building" v="university"/>
  <tag k="building:levels" v="0"/>
  <tag k="name" v="Módulo Administrativo 7"/>
 </way>
 <way id="260785844" visible="true" version="3" changeset="79538856" timestamp="2020-01-14T02:00:29Z" user="Szekha" uid="10236925">
  <nd ref="6694006295"/>
  <nd ref="6694006294"/>
  <nd ref="411820403"/>
  <nd ref="411820396"/>
  <nd ref="411820421"/>
  <nd ref="411820405"/>
  <nd ref="411820416"/>
  <nd ref="411820409"/>
  <nd ref="411820407"/>
  <tag k="highway" v="residential"/>
  <tag k="name" v="Rua Humildes"/>
  <tag k="source" v="Yahoo"/>
 </way>
 <way id="282904204" visible="true" version="4" changeset="71042729" timestamp="2019-06-08T04:12:20Z" user="teixeirista" uid="10061199">
  <nd ref="2868467936"/>
  <nd ref="2868467937"/>
  <nd ref="2868467938"/>
  <nd ref="2868467939"/>
  <nd ref="6532819033"/>
  <nd ref="6532819034"/>
  <nd ref="6532819035"/>
  <nd ref="6532819036"/>
  <nd ref="2868467936"/>
  <tag k="amenity" v="theatre"/>
  <tag k="building" v="university"/>
  <tag k="lit" v="yes"/>
  <tag k="name" v="Auditório Central - UEFS"/>
 </way>
 <way id="282904389" visible="true" version="5" changeset="71080243" timestamp="2019-06-09T20:13:40Z" user="teixeirista" uid="10061199">
  <nd ref="2868470406"/>
  <nd ref="6532819005"/>
  <nd ref="6532819004"/>
  <nd ref="6532819002"/>
  <nd ref="6532819003"/>
  <nd ref="2868470407"/>
  <nd ref="6532819017"/>
  <nd ref="6532819016"/>
  <nd ref="2868470408"/>
  <nd ref="6532819015"/>
  <nd ref="6532819014"/>
  <nd ref="6532819013"/>
  <nd ref="6532819012"/>
  <nd ref="6532819011"/>
  <nd ref="6532819010"/>
  <nd ref="2868470409"/>
  <nd ref="6532819009"/>
  <nd ref="6532819008"/>
  <nd ref="6533128649"/>
  <nd ref="6532819007"/>
  <nd ref="6532819006"/>
  <nd ref="2868470406"/>
  <tag k="air_conditioning" v="yes"/>
  <tag k="amenity" v="library"/>
  <tag k="building" v="yes"/>
  <tag k="internet_access" v="yes"/>
  <tag k="internet_access:fee" v="no"/>
  <tag k="name" v="Biblioteca Central Julieta Carteado"/>
  <tag k="opening_hours" v="Mo-Fr 07:30-22:45"/>
  <tag k="operator" v="Universidade Estadual de Feira de Santana"/>
 </way>
 <way id="282904390" visible="true" version="3" changeset="71055352" timestamp="2019-06-08T17:13:59Z" user="teixeirista" uid="10061199">
  <nd ref="2868470410"/>
  <nd ref="6532819029"/>
  <nd ref="6532819030"/>
  <nd ref="6534034177"/>
  <nd ref="6534034175"/>
  <nd ref="6534034176"/>
  <nd ref="6532819031"/>
  <nd ref="6534034178"/>
  <nd ref="6532819032"/>
  <nd ref="6534034179"/>
  <nd ref="6532819028"/>
  <nd ref="6532819027"/>
  <nd ref="2868470411"/>
  <nd ref="2868470412"/>
  <nd ref="6532819026"/>
  <nd ref="6532819025"/>
  <nd ref="6532819024"/>
  <nd ref="2868470413"/>
  <nd ref="6532819023"/>
  <nd ref="2868470410"/>
  <tag k="building" v="university"/>
  <tag k="building:levels" v="2"/>
  <tag k="name" v="Reitoria da UEFS"/>
 </way>
 <way id="282905304" visible="true" version="5" changeset="138384830" timestamp="2023-07-11T15:06:09Z" user="mueschel" uid="616774">
  <nd ref="2868477505"/>
  <nd ref="2868477506"/>
  <nd ref="2868477507"/>
  <nd ref="2868477508"/>
  <nd ref="2868477505"/>
  <tag k="amenity" v="restaurant"/>
  <tag k="building" v="yes"/>
  <tag k="cuisine" v="coffee_shop;brasilian"/>
  <tag k="diet:vegetarian" v="yes"/>
  <tag k="image" v="https://lh3.googleusercontent.com/p/AF1QipOXJFUBQw7ACeVr5jQIzmkZ6cAFisUCn7xnYUmS=s1360-w1360-h1020"/>
  <tag k="internet_access" v="wlan"/>
  <tag k="name" v="Restaurante Universitário"/>
  <tag k="opening_hours" v="Mo -Fr 06:30 - 09:00, 11:00 - 14:30, 17:30 - 19:00"/>
  <tag k="payment:cash" v="yes"/>
  <tag k="website" v="http://www.propaae.uefs.br/modules/conteudo/conteudo.php?conteudo=15"/>
 </way>
 <way id="402229511" visible="true" version="1" changeset="37674158" timestamp="2016-03-07T20:49:36Z" user="patodiez" uid="1856060">
  <nd ref="4046458098"/>
  <nd ref="4046458099"/>
  <tag k="highway" v="residential"/>
 </way>
 <way id="402230366" visible="true" version="3" changeset="79538659" timestamp="2020-01-14T01:49:29Z" user="Szekha" uid="10236925">
  <nd ref="4046461437"/>
  <nd ref="4046461442"/>
  <nd ref="6686293637"/>
  <nd ref="6686293636"/>
  <nd ref="411042272"/>
  <tag k="highway" v="residential"/>
  <tag k="name" v="Rua Afranio Peixoto"/>
 </way>
 <way id="402230367" visible="true" version="2" changeset="73047452" timestamp="2019-08-06T04:45:50Z" user="patodiez" uid="1856060">
  <nd ref="6686293637"/>
  <nd ref="4046461438"/>
  <tag k="highway" v="residential"/>
 </way>
 <way id="402230368" visible="true" version="4" changeset="81401544" timestamp="2020-02-24T10:49:30Z" user="Escambron" uid="10653123">
  <nd ref="4046461439"/>
  <nd ref="4046461441"/>
  <nd ref="7238610440"/>
  <nd ref="6686293650"/>
  <nd ref="4046461440"/>
  <tag k="highway" v="residential"/>
  <tag k="name" v="Rua A"/>
 </way>
 <way id="402230369" visible="true" version="2" changeset="66921397" timestamp="2019-02-05T03:55:13Z" user="BobGod" uid="9415349">
  <nd ref="4046461441"/>
  <nd ref="4046461442"/>
  <tag k="highway" v="residential"/>
  <tag k="name" v="Rua Acudina"/>
 </way>
 <way id="402230370" visible="true" version="4" changeset="81402617" timestamp="2020-02-24T11:15:10Z" user="Escambron" uid="10653123">
  <nd ref="6686293649"/>
  <nd ref="7238682206"/>
  <nd ref="7238682207"/>
  <nd ref="4046461443"/>
  <nd ref="4046461445"/>
  <nd ref="4046461444"/>
  <tag k="alt_name" v="Rua 6"/>
  <tag k="highway" v="residential"/>
  <tag k="name" v="Rua Seis"/>
 </way>
 <way id="402232805" visible="true" version="3" changeset="79538659" timestamp="2020-01-14T01:49:29Z" user="Szekha" uid="10236925">
  <nd ref="6686323096"/>
  <nd ref="4046494754"/>
  <tag k="highway" v="residential"/>
  <tag k="name" v="Rua Pirassununguense"/>
 </way>
 <way id="406447658" visible="true" version="4" changeset="121028893" timestamp="2022-05-16T00:57:27Z" user="Fidelis Assis" uid="1675654">
  <nd ref="4085145895"/>
  <nd ref="9742261898"/>
  <nd ref="9742261899"/>
  <nd ref="321183932"/>
  <nd ref="9742261900"/>
  <nd ref="4085145892"/>
  <nd ref="4085145888"/>
  <nd ref="4085145882"/>
  <nd ref="4085145879"/>
  <nd ref="4085145878"/>
  <nd ref="4085145877"/>
  <nd ref="4085145874"/>
  <nd ref="4085145870"/>
  <nd ref="4085145867"/>
  <nd ref="4085145866"/>
  <nd ref="4085145861"/>
  <nd ref="6686293657"/>
  <nd ref="4085145857"/>
  <nd ref="4085145856"/>
  <nd ref="4085145854"/>
  <nd ref="4085145853"/>
  <nd ref="4085145850"/>
  <nd ref="4085145849"/>
  <nd ref="4085145848"/>
  <nd ref="4085145843"/>
  <nd ref="4085145840"/>
  <nd ref="4085145836"/>
  <nd ref="4085145831"/>
  <nd ref="4085145827"/>
  <nd ref="4085145823"/>
  <nd ref="4085145816"/>
  <nd ref="4085145809"/>
  <nd ref="4085145803"/>
  <nd ref="4085145800"/>
  <nd ref="4085145796"/>
 </way>
 <way id="503677197" visible="true" version="5" changeset="79538856" timestamp="2020-01-14T02:00:29Z" user="Szekha" uid="10236925">
  <nd ref="4939496799"/>
  <nd ref="411824941"/>
  <nd ref="6259081028"/>
  <nd ref="4953165419"/>
  <nd ref="4939496800"/>
  <tag k="alt_name" v="Caminho 2"/>
  <tag k="highway" v="residential"/>
  <tag k="name" v="Caminho Dois"/>
 </way>
 <way id="505350389" visible="true" version="4" changeset="81320488" timestamp="2020-02-21T13:56:21Z" user="Weisshorn" uid="10278885">
  <nd ref="411547091"/>
  <nd ref="4953165410"/>
  <nd ref="7232875910"/>
  <nd ref="7232875911"/>
  <nd ref="6694006302"/>
  <nd ref="4953165405"/>
  <tag k="highway" v="residential"/>
  <tag k="name" v="Rua Matosinhos"/>
 </way>
 <way id="505350390" visible="true" version="3" changeset="81320488" timestamp="2020-02-21T13:56:21Z" user="Weisshorn" uid="10278885">
  <nd ref="4953165406"/>
  <nd ref="4953165411"/>
  <nd ref="7232875912"/>
  <nd ref="4953165407"/>
  <tag k="highway" v="residential"/>
  <tag k="name" v="Rua Mato Verde"/>
 </way>
 <way id="505350391" visible="true" version="2" changeset="66950078" timestamp="2019-02-06T02:00:56Z" user="rytheking" uid="9320937">
  <nd ref="4953165408"/>
  <nd ref="4953165412"/>
  <nd ref="4953165409"/>
  <tag k="highway" v="residential"/>
  <tag k="name" v="Rua Matinho Cardoso"/>
 </way>
 <way id="505350392" visible="true" version="1" changeset="50065241" timestamp="2017-07-05T18:16:58Z" user="patodiez" uid="1856060">
  <nd ref="4953165410"/>
  <nd ref="4953165411"/>
  <nd ref="4953165412"/>
  <tag k="highway" v="residential"/>
 </way>
 <way id="505350393" visible="true" version="3" changeset="73135691" timestamp="2019-08-08T05:08:10Z" user="patodiez" uid="1856060">
  <nd ref="4953165413"/>
  <nd ref="6694006299"/>
  <nd ref="411824893"/>
  <tag k="highway" v="residential"/>
  <tag k="name" v="Travessa Pitombeira"/>
 </way>
 <way id="505350394" visible="true" version="3" changeset="81317318" timestamp="2020-02-21T12:31:35Z" user="Weisshorn" uid="10278885">
  <nd ref="7232717276"/>
  <nd ref="4953165415"/>
  <tag k="alt_name" v="Caminho 47"/>
  <tag k="highway" v="residential"/>
  <tag k="name" v="Caminho Quarenta e Sete"/>
 </way>
 <way id="505350395" visible="true" version="1" changeset="50065241" timestamp="2017-07-05T18:16:59Z" user="patodiez" uid="1856060">
  <nd ref="4953165416"/>
  <nd ref="411824891"/>
  <nd ref="4953165417"/>
  <tag k="highway" v="residential"/>
 </way>
 <way id="505436334" visible="true" version="1" changeset="50073079" timestamp="2017-07-06T03:25:59Z" user="patodiez" uid="1856060">
  <nd ref="4953907072"/>
  <nd ref="4953907073"/>
  <tag k="highway" v="residential"/>
 </way>
 <way id="505436335" visible="true" version="1" changeset="50073079" timestamp="2017-07-06T03:25:59Z" user="patodiez" uid="1856060">
  <nd ref="4953907074"/>
  <nd ref="4953907075"/>
  <tag k="highway" v="residential"/>
 </way>
 <way id="544001395" visible="true" version="14" changeset="172381450" timestamp="2025-09-24T08:40:04Z" user="KawarthaLake" uid="22435626">
  <nd ref="7233456266"/>
  <nd ref="6379953808"/>
  <nd ref="5258662111"/>
  <nd ref="5258662110"/>
  <nd ref="7232995220"/>
  <nd ref="6532819022"/>
  <nd ref="7232995219"/>
  <nd ref="5258662109"/>
  <nd ref="7033562469"/>
  <nd ref="6533130190"/>
  <nd ref="7233554362"/>
  <nd ref="6533128677"/>
  <nd ref="6533130194"/>
  <nd ref="5258662108"/>
  <nd ref="13167211392"/>
  <nd ref="13167211391"/>
  <nd ref="13167211384"/>
  <nd ref="13167211385"/>
  <nd ref="13167211381"/>
  <nd ref="13167211379"/>
  <nd ref="8592420480"/>
  <nd ref="8592420470"/>
  <nd ref="5258662107"/>
  <nd ref="6533027913"/>
  <nd ref="5258662106"/>
  <tag k="highway" v="tertiary"/>
  <tag k="oneway" v="no"/>
  <tag k="qualidade" v="boa"/>
  <tag k="source" v="qualidade=boa"/>
  <tag k="surface" v="asphalt"/>
 </way>
 <way id="667368992" visible="true" version="9" changeset="123204388" timestamp="2022-07-04T19:06:35Z" user="AjBelnuovo" uid="1799626">
  <nd ref="6535776171"/>
  <nd ref="7232635655"/>
  <nd ref="7232635657"/>
  <nd ref="411547095"/>
  <nd ref="7232635656"/>
  <nd ref="7232635653"/>
  <nd ref="6535776172"/>
  <nd ref="7232635654"/>
  <nd ref="411547096"/>
  <nd ref="411547097"/>
  <nd ref="7232635652"/>
  <nd ref="6535776179"/>
  <nd ref="411547098"/>
  <nd ref="8722967443"/>
  <nd ref="9866609480"/>
  <nd ref="7232635651"/>
  <nd ref="8722614415"/>
  <nd ref="6535776181"/>
  <nd ref="411547099"/>
  <nd ref="7232635650"/>
  <nd ref="8722614416"/>
  <nd ref="411547100"/>
  <nd ref="411547101"/>
  <nd ref="418995194"/>
  <nd ref="8722614392"/>
  <nd ref="6379927137"/>
  <nd ref="411547102"/>
  <nd ref="411547103"/>
  <nd ref="8722622732"/>
  <nd ref="7222504265"/>
  <nd ref="7222504266"/>
  <nd ref="7222504267"/>
  <nd ref="7222504263"/>
  <nd ref="7222504262"/>
  <nd ref="7222504268"/>
  <nd ref="8722622718"/>
  <nd ref="411547104"/>
  <nd ref="7222504269"/>
  <nd ref="7222504264"/>
  <nd ref="411547105"/>
  <nd ref="411547106"/>
  <tag k="highway" v="residential"/>
  <tag k="name" v="Rua Pitombeiras"/>
  <tag k="source" v="Yahoo"/>
 </way>
 <way id="668381476" visible="true" version="10" changeset="138169001" timestamp="2023-07-06T02:52:11Z" user="LaurentianPlateau" uid="15994207">
  <nd ref="411042315"/>
  <nd ref="6260954034"/>
  <nd ref="6501091426"/>
  <nd ref="6260963946"/>
  <nd ref="411042314"/>
  <nd ref="6260963944"/>
  <nd ref="11028912717"/>
  <tag k="highway" v="residential"/>
  <tag k="name" v="Rua Josias Rodrigues Sampaio"/>
  <tag k="oneway" v="yes"/>
  <tag k="source" v="Yahoo"/>
  <tag k="surface" v="unpaved"/>
 </way>
 <way id="668383094" visible="true" version="1" changeset="66921397" timestamp="2019-02-05T03:55:12Z" user="BobGod" uid="9415349">
  <nd ref="411824911"/>
  <nd ref="411824907"/>
  <tag k="alt_name" v="Caminho 20"/>
  <tag k="highway" v="residential"/>
  <tag k="name" v="Caminho Vinte"/>
  <tag k="source" v="Yahoo"/>
 </way>
 <way id="668383095" visible="true" version="2" changeset="79538856" timestamp="2020-01-14T02:00:29Z" user="Szekha" uid="10236925">
  <nd ref="411824912"/>
  <nd ref="411824937"/>
  <tag k="alt_name" v="Caminho 22"/>
  <tag k="highway" v="residential"/>
  <tag k="name" v="Caminho Vinte e Dois"/>
  <tag k="source" v="Yahoo"/>
 </way>
 <way id="668383096" visible="true" version="2" changeset="79538856" timestamp="2020-01-14T02:00:29Z" user="Szekha" uid="10236925">
  <nd ref="411824937"/>
  <nd ref="4953165418"/>
  <tag k="alt_name" v="Caminho Dezesseis"/>
  <tag k="highway" v="residential"/>
  <tag k="name" v="Caminho 16"/>
  <tag k="source" v="Yahoo"/>
 </way>
 <way id="668383097" visible="true" version="2" changeset="79538856" timestamp="2020-01-14T02:00:29Z" user="Szekha" uid="10236925">
  <nd ref="411824907"/>
  <nd ref="411824902"/>
  <tag k="alt_name" v="Caminho Quatorze"/>
  <tag k="highway" v="residential"/>
  <tag k="name" v="Caminho 14"/>
  <tag k="source" v="Yahoo"/>
 </way>
 <way id="668383098" visible="true" version="2" changeset="79538856" timestamp="2020-01-14T02:00:29Z" user="Szekha" uid="10236925">
  <nd ref="4953165418"/>
  <nd ref="4953165419"/>
  <tag k="alt_name" v="Caminho 8"/>
  <tag k="highway" v="residential"/>
  <tag k="name" v="Caminho Oito"/>
  <tag k="source" v="Yahoo"/>
 </way>
 <way id="668383099" visible="true" version="1" changeset="66921397" timestamp="2019-02-05T03:55:12Z" user="BobGod" uid="9415349">
  <nd ref="6259081029"/>
  <nd ref="6259081028"/>
  <tag k="alt_name" v="Caminho 5"/>
  <tag k="highway" v="residential"/>
  <tag k="name" v="Caminho Cinco"/>
 </way>
 <way id="668383100" visible="true" version="1" changeset="66921397" timestamp="2019-02-05T03:55:12Z" user="BobGod" uid="9415349">
  <nd ref="411042306"/>
  <nd ref="411042307"/>
  <tag k="alt_name" v="Rua 5"/>
  <tag k="highway" v="residential"/>
  <tag k="name" v="Rua Cinco"/>
  <tag k="source" v="Yahoo"/>
 </way>
 <way id="668384352" visible="true" version="1" changeset="66921672" timestamp="2019-02-05T04:14:02Z" user="BobGod" uid="9415349">
  <nd ref="4939496798"/>
  <nd ref="4939496799"/>
  <tag k="alt_name" v="Caminho 1"/>
  <tag k="highway" v="residential"/>
  <tag k="name" v="Caminho Um"/>
 </way>
 <way id="668384356" visible="true" version="3" changeset="81317318" timestamp="2020-02-21T12:31:35Z" user="Weisshorn" uid="10278885">
  <nd ref="411824838"/>
  <nd ref="7232717282"/>
  <nd ref="7232717281"/>
  <nd ref="7232717280"/>
  <nd ref="411820378"/>
  <tag k="alt_name" v="Caminho 23"/>
  <tag k="highway" v="residential"/>
  <tag k="name" v="Caminho Vinte e Três"/>
  <tag k="source" v="Yahoo"/>
 </way>
 <way id="668384359" visible="true" version="1" changeset="66921672" timestamp="2019-02-05T04:14:02Z" user="BobGod" uid="9415349">
  <nd ref="4953165420"/>
  <nd ref="411824838"/>
  <tag k="alt_name" v="Caminho 9"/>
  <tag k="highway" v="residential"/>
  <tag k="name" v="Caminho Nove"/>
  <tag k="source" v="Yahoo"/>
 </way>
 <way id="668386341" visible="true" version="4" changeset="132874336" timestamp="2023-02-22T11:17:08Z" user="LaurentianPlateau" uid="15994207">
  <nd ref="411824825"/>
  <nd ref="6694006304"/>
  <tag k="alt_name" v="Caminho 45"/>
  <tag k="highway" v="residential"/>
  <tag k="name" v="Caminho Quarenta e Cinco"/>
  <tag k="source" v="Yahoo"/>
 </way>
 <way id="668386343" visible="true" version="3" changeset="81317318" timestamp="2020-02-21T12:31:35Z" user="Weisshorn" uid="10278885">
  <nd ref="7232717277"/>
  <nd ref="411824870"/>
  <tag k="alt_name" v="Caminho 39"/>
  <tag k="highway" v="residential"/>
  <tag k="name" v="Caminho Trinta e Nove"/>
  <tag k="source" v="Yahoo"/>
 </way>
 <way id="668386345" visible="true" version="3" changeset="79538856" timestamp="2020-01-14T02:00:29Z" user="Szekha" uid="10236925">
  <nd ref="411824901"/>
  <nd ref="6694006305"/>
  <nd ref="411824911"/>
  <tag k="alt_name" v="Caminho 24"/>
  <tag k="highway" v="residential"/>
  <tag k="name" v="Caminho Vinte e Quatro"/>
  <tag k="source" v="Yahoo"/>
 </way>
 <way id="668386347" visible="true" version="1" changeset="66922180" timestamp="2019-02-05T04:40:04Z" user="BobGod" uid="9415349">
  <nd ref="411824933"/>
  <nd ref="411824934"/>
  <tag k="alt_name" v="Caminho 30"/>
  <tag k="highway" v="residential"/>
  <tag k="name" v="Caminho Trinta"/>
  <tag k="source" v="Yahoo"/>
 </way>
 <way id="668386349" visible="true" version="3" changeset="81317318" timestamp="2020-02-21T12:31:35Z" user="Weisshorn" uid="10278885">
  <nd ref="7232718185"/>
  <nd ref="411824931"/>
  <tag k="alt_name" v="Caminho 32"/>
  <tag k="highway" v="residential"/>
  <tag k="name" v="Caminho Trinta e Dois"/>
  <tag k="source" v="Yahoo"/>
 </way>
 <way id="668386351" visible="true" version="1" changeset="66922180" timestamp="2019-02-05T04:40:05Z" user="BobGod" uid="9415349">
  <nd ref="411824910"/>
  <nd ref="411824938"/>
  <nd ref="411824911"/>
  <nd ref="411824912"/>
  <tag k="highway" v="residential"/>
  <tag k="name" v="Rua F"/>
  <tag k="source" v="Yahoo"/>
 </way>
 <way id="668386353" visible="true" version="2" changeset="79538856" timestamp="2020-01-14T02:00:29Z" user="Szekha" uid="10236925">
  <nd ref="411824927"/>
  <nd ref="411824928"/>
  <tag k="alt_name" v="Caminho 34"/>
  <tag k="highway" v="residential"/>
  <tag k="name" v="Caminho Trinta e Quatro"/>
  <tag k="source" v="Yahoo"/>
 </way>
 <way id="673250533" visible="true" version="2" changeset="79538856" timestamp="2020-01-14T02:00:29Z" user="Szekha" uid="10236925">
  <nd ref="411824846"/>
  <nd ref="411824847"/>
  <tag k="alt_name" v="Caminho Dezenove"/>
  <tag k="highway" v="residential"/>
  <tag k="name" v="Caminho 19"/>
  <tag k="source" v="Yahoo"/>
 </way>
 <way id="673250534" visible="true" version="2" changeset="79538856" timestamp="2020-01-14T02:00:29Z" user="Szekha" uid="10236925">
  <nd ref="411824851"/>
  <nd ref="411824852"/>
  <tag k="alt_name" v="Caminho Dezessete"/>
  <tag k="highway" v="residential"/>
  <tag k="name" v="Caminho 17"/>
  <tag k="source" v="Yahoo"/>
 </way>
 <way id="681279263" visible="true" version="2" changeset="71041203" timestamp="2019-06-08T00:15:20Z" user="teixeirista" uid="10061199">
  <nd ref="6379811866"/>
  <nd ref="6379811867"/>
  <nd ref="6379811868"/>
  <nd ref="6379811869"/>
  <nd ref="6379811866"/>
  <tag k="leisure" v="pitch"/>
  <tag k="lit" v="no"/>
  <tag k="name" v="Campinho - UEFS"/>
  <tag k="sport" v="soccer"/>
  <tag k="surface" v="dirt"/>
 </way>
 <way id="681279939" visible="true" version="2" changeset="71055352" timestamp="2019-06-08T17:13:59Z" user="teixeirista" uid="10061199">
  <nd ref="6379816751"/>
  <nd ref="6379816752"/>
  <nd ref="6379816753"/>
  <nd ref="6379816754"/>
  <nd ref="6379816755"/>
  <nd ref="6379816756"/>
  <nd ref="6534034180"/>
  <nd ref="6534034181"/>
  <nd ref="6534034182"/>
  <nd ref="6534034183"/>
  <nd ref="6379816751"/>
  <tag k="addr:city" v="Feira de Santana"/>
  <tag k="addr:postcode" v="44036-900"/>
  <tag k="addr:street" v="Avenida Transnordestina"/>
  <tag k="addr:suburb" v="Novo Horizonte"/>
  <tag k="building" v="yes"/>
  <tag k="name" v="Museu Casa do Sertão"/>
  <tag k="operator" v="Universidade Estadual de Feira de Santana"/>
  <tag k="tourism" v="museum"/>
  <tag k="website" v="http://www.uefs.br/modules/conteudo/conteudo.php?conteudo=119"/>
  <tag k="wikidata" v="Q10333436"/>
  <tag k="wikipedia" v="pt:Museu Casa do Sertão"/>
 </way>
 <way id="681290058" visible="true" version="12" changeset="123204776" timestamp="2022-07-04T19:21:07Z" user="AjBelnuovo" uid="1799626">
  <nd ref="7740219285"/>
  <nd ref="6535776170"/>
  <nd ref="6535776169"/>
  <nd ref="7825921400"/>
  <nd ref="7825921401"/>
  <nd ref="6535776168"/>
  <nd ref="6535776167"/>
  <nd ref="6535776166"/>
  <nd ref="7740219309"/>
  <nd ref="7740219311"/>
  <nd ref="6379927124"/>
  <nd ref="6535776165"/>
  <nd ref="6535776164"/>
  <nd ref="6535776163"/>
  <nd ref="6535776162"/>
  <nd ref="6535776161"/>
  <nd ref="6535776160"/>
  <nd ref="6535776156"/>
  <nd ref="6535776159"/>
  <nd ref="6535776158"/>
  <nd ref="6535776157"/>
  <nd ref="6535776152"/>
  <nd ref="6535776155"/>
  <nd ref="6535776154"/>
  <nd ref="6535776153"/>
  <nd ref="7740219303"/>
  <nd ref="7740219304"/>
  <nd ref="6535776151"/>
  <nd ref="6535776148"/>
  <nd ref="6535776150"/>
  <nd ref="6535776149"/>
  <nd ref="6535776145"/>
  <nd ref="6535776147"/>
  <nd ref="6535776146"/>
  <nd ref="6535776144"/>
  <nd ref="6535776143"/>
  <nd ref="7825911180"/>
  <nd ref="6379927126"/>
  <nd ref="7825911181"/>
  <nd ref="6535776142"/>
  <nd ref="6535776141"/>
  <nd ref="7825911182"/>
  <nd ref="6535776140"/>
  <nd ref="7825911183"/>
  <nd ref="6535776138"/>
  <nd ref="6535776137"/>
  <nd ref="6379927127"/>
  <nd ref="6535781105"/>
  <nd ref="6379927128"/>
  <nd ref="6535781104"/>
  <nd ref="6535781103"/>
  <nd ref="6535781102"/>
  <nd ref="6535781101"/>
  <nd ref="6535781100"/>
  <nd ref="6379927129"/>
  <nd ref="6535781099"/>
  <nd ref="6379927130"/>
  <nd ref="7825911184"/>
  <nd ref="6379927131"/>
  <nd ref="6535781098"/>
  <nd ref="7825921385"/>
  <nd ref="6379927132"/>
  <nd ref="7825921386"/>
  <nd ref="6379927133"/>
  <nd ref="6379927134"/>
  <nd ref="6535781097"/>
  <nd ref="7825921388"/>
  <nd ref="7825921387"/>
  <nd ref="6535781096"/>
  <nd ref="6379927135"/>
  <nd ref="6535781095"/>
  <nd ref="6379927136"/>
  <nd ref="6379927138"/>
  <nd ref="6379927139"/>
  <nd ref="6535781094"/>
  <nd ref="6379927140"/>
  <nd ref="6535781093"/>
  <nd ref="6379927141"/>
  <nd ref="6535781092"/>
  <nd ref="6535781091"/>
  <nd ref="6535781090"/>
  <nd ref="6535781089"/>
  <nd ref="6535781088"/>
  <nd ref="7825921389"/>
  <nd ref="7740219286"/>
  <nd ref="7740219313"/>
  <nd ref="7740219300"/>
  <nd ref="7740219297"/>
  <nd ref="7740219301"/>
  <nd ref="7740219295"/>
  <nd ref="7740219287"/>
  <nd ref="7825921390"/>
  <nd ref="7740219298"/>
  <nd ref="7740219293"/>
  <nd ref="7740219288"/>
  <nd ref="7740219296"/>
  <nd ref="7740219291"/>
  <nd ref="7825921391"/>
  <nd ref="7740211382"/>
  <nd ref="7825921392"/>
  <nd ref="7825921393"/>
  <nd ref="7740219294"/>
  <nd ref="7740211379"/>
  <nd ref="7825921394"/>
  <nd ref="7825921395"/>
  <nd ref="7740219307"/>
  <nd ref="7825921396"/>
  <nd ref="7740219306"/>
  <nd ref="7740219305"/>
  <nd ref="7740219289"/>
  <nd ref="7740211383"/>
  <nd ref="7740219292"/>
  <nd ref="7740211384"/>
  <nd ref="7740219315"/>
  <nd ref="7740219308"/>
  <nd ref="7740219314"/>
  <nd ref="7740219312"/>
  <nd ref="7825921397"/>
  <nd ref="7825921398"/>
  <nd ref="7740219302"/>
  <nd ref="6554120952"/>
  <nd ref="7740219290"/>
  <nd ref="7740219310"/>
  <nd ref="7825921399"/>
  <nd ref="7740219299"/>
  <nd ref="7740211381"/>
  <nd ref="7740211380"/>
  <nd ref="7740219285"/>
  <tag k="addr:city" v="Feira de Santana"/>
  <tag k="addr:postcode" v="44036-900"/>
  <tag k="addr:street" v="Avenida Transnordestina"/>
  <tag k="addr:suburb" v="Novo Horizonte"/>
  <tag k="amenity" v="university"/>
  <tag k="internet_access" v="yes"/>
  <tag k="name" v="Universidade Estadual de Feira de Santana"/>
  <tag k="website" v="http://www.uefs.br/"/>
  <tag k="wikidata" v="Q156406"/>
  <tag k="wikipedia" v="pt:Universidade Estadual de Feira de Santana"/>
 </way>
 <way id="681292327" visible="true" version="2" changeset="71055352" timestamp="2019-06-08T17:13:59Z" user="teixeirista" uid="10061199">
  <nd ref="6379953799"/>
  <nd ref="6379953800"/>
  <nd ref="6379953801"/>
  <nd ref="6379953802"/>
  <nd ref="6379953803"/>
  <nd ref="6379953804"/>
  <nd ref="6379953805"/>
  <nd ref="6379953806"/>
  <nd ref="6379953799"/>
  <tag k="building" v="residential"/>
  <tag k="name" v="Residência Universitária - UEFS"/>
 </way>
 <way id="681292328" visible="true" version="11" changeset="172381450" timestamp="2025-09-24T08:40:04Z" user="KawarthaLake" uid="22435626">
  <nd ref="6379953807"/>
  <nd ref="6379953808"/>
  <nd ref="5258662110"/>
  <nd ref="7232995220"/>
  <nd ref="6532819022"/>
  <nd ref="7232995219"/>
  <nd ref="5258662109"/>
  <nd ref="7033562469"/>
  <nd ref="6533130190"/>
  <nd ref="7233554362"/>
  <nd ref="6533128677"/>
  <nd ref="6533130194"/>
  <nd ref="5258662108"/>
  <nd ref="13167211392"/>
  <nd ref="13167211391"/>
  <nd ref="13167211384"/>
  <nd ref="13167211385"/>
  <nd ref="13167211381"/>
  <nd ref="13167211379"/>
  <nd ref="8592420480"/>
  <nd ref="8592420470"/>
  <nd ref="5258662107"/>
  <nd ref="6533027913"/>
  <nd ref="6533027910"/>
  <nd ref="6532933584"/>
  <nd ref="6532903513"/>
  <nd ref="6532903507"/>
  <nd ref="13167211090"/>
  <nd ref="6532903510"/>
  <nd ref="6533024481"/>
  <nd ref="6379953807"/>
  <tag k="landuse" v="orchard"/>
  <tag k="name" v="Canteiro Central - UEFS"/>
 </way>
 <way id="681292330" visible="true" version="3" changeset="71741665" timestamp="2019-06-29T18:42:44Z" user="teixeirista" uid="10061199">
  <nd ref="6379953820"/>
  <nd ref="6533128615"/>
  <nd ref="6578861313"/>
  <nd ref="6578861312"/>
  <nd ref="6533128604"/>
  <nd ref="6535781120"/>
  <nd ref="2517911564"/>
  <nd ref="6533128595"/>
  <nd ref="6533128596"/>
  <nd ref="6533128617"/>
  <nd ref="6533128619"/>
  <nd ref="6578861314"/>
  <nd ref="6533128618"/>
  <nd ref="6578861316"/>
  <nd ref="6533128621"/>
  <nd ref="6578861315"/>
  <nd ref="6533128620"/>
  <nd ref="6379953822"/>
  <nd ref="6379953823"/>
  <nd ref="6379953820"/>
  <tag k="leisure" v="park"/>
  <tag k="name" v="Praça do Pôr do Sol"/>
 </way>
 <way id="681292331" visible="true" version="1" changeset="68819851" timestamp="2019-04-03T02:22:38Z" user="Laercio Rios" uid="9591274">
  <nd ref="6379953824"/>
  <nd ref="6379953825"/>
  <nd ref="6379953826"/>
  <nd ref="6379953827"/>
  <nd ref="6379953824"/>
  <tag k="leisure" v="pitch"/>
  <tag k="name" v="Campinho das Mangueiras"/>
  <tag k="sport" v="soccer"/>
 </way>
 <way id="683002504" visible="true" version="2" changeset="136587901" timestamp="2023-05-26T13:21:14Z" user="eusoudecristo" uid="19392575">
  <nd ref="6397352655"/>
  <nd ref="10929109951"/>
  <nd ref="6397352656"/>
  <nd ref="6397352657"/>
  <nd ref="6397352658"/>
  <nd ref="6397352655"/>
  <tag k="amenity" v="place_of_worship"/>
  <tag k="building" v="yes"/>
  <tag k="name" v="Igreja Batista Ebenezer - Feira VI"/>
  <tag k="religion" v="christian"/>
 </way>
 <way id="695728698" visible="true" version="1" changeset="71039034" timestamp="2019-06-07T21:38:31Z" user="teixeirista" uid="10061199">
  <nd ref="6532903506"/>
  <nd ref="6532903508"/>
  <nd ref="6532903507"/>
  <tag k="bicycle" v="yes"/>
  <tag k="crossing" v="marked"/>
  <tag k="footway" v="crossing"/>
  <tag k="highway" v="footway"/>
  <tag k="motor_vehicle" v="no"/>
  <tag k="surface" v="asphalt"/>
  <tag k="tactile_paving" v="no"/>
  <tag k="wheelchair" v="yes"/>
 </way>
 <way id="695728699" visible="true" version="1" changeset="71039034" timestamp="2019-06-07T21:38:31Z" user="teixeirista" uid="10061199">
  <nd ref="6532903509"/>
  <nd ref="6532903511"/>
  <nd ref="6532903510"/>
  <tag k="crossing" v="marked"/>
  <tag k="footway" v="crossing"/>
  <tag k="highway" v="footway"/>
  <tag k="surface" v="asphalt"/>
  <tag k="tactile_paving" v="no"/>
  <tag k="wheelchair" v="yes"/>
 </way>
 <way id="695728700" visible="true" version="1" changeset="71039034" timestamp="2019-06-07T21:38:31Z" user="teixeirista" uid="10061199">
  <nd ref="6532903512"/>
  <nd ref="6532903514"/>
  <nd ref="6532903513"/>
  <tag k="crossing" v="marked"/>
  <tag k="footway" v="crossing"/>
  <tag k="highway" v="footway"/>
  <tag k="surface" v="asphalt"/>
  <tag k="tactile_paving" v="no"/>
  <tag k="wheelchair" v="yes"/>
 </way>
 <way id="695728704" visible="true" version="2" changeset="71080243" timestamp="2019-06-09T20:13:40Z" user="teixeirista" uid="10061199">
  <nd ref="6532903546"/>
  <nd ref="6532903547"/>
  <nd ref="6532903548"/>
  <nd ref="6532903549"/>
  <nd ref="6532903546"/>
  <tag k="building" v="university"/>
  <tag k="building:levels" v="0"/>
  <tag k="name" v="Módulo Administrativo 3"/>
 </way>
 <way id="695728705" visible="true" version="5" changeset="77949218" timestamp="2019-12-04T15:36:59Z" user="peoMoreira" uid="10524392">
  <nd ref="6532903512"/>
  <nd ref="6532903546"/>
  <nd ref="6535781152"/>
  <nd ref="6532903549"/>
  <nd ref="6554117758"/>
  <nd ref="6532903539"/>
  <nd ref="6532903540"/>
  <nd ref="6554117765"/>
  <nd ref="6532903517"/>
  <nd ref="6379953817"/>
  <nd ref="6532903518"/>
  <nd ref="6532903554"/>
  <tag k="highway" v="footway"/>
  <tag k="surface" v="concrete"/>
  <tag k="wheelchair" v="yes"/>
 </way>
 <way id="695740437" visible="true" version="1" changeset="71040134" timestamp="2019-06-07T22:41:54Z" user="teixeirista" uid="10061199">
  <nd ref="6532933583"/>
  <nd ref="6532994685"/>
  <nd ref="6532933584"/>
  <tag k="crossing" v="marked"/>
  <tag k="footway" v="crossing"/>
  <tag k="highway" v="footway"/>
  <tag k="surface" v="asphalt"/>
  <tag k="tactile_paving" v="no"/>
 </way>
 <way id="695740442" visible="true" version="5" changeset="71383742" timestamp="2019-06-19T00:58:59Z" user="teixeirista" uid="10061199">
  <nd ref="6532994710"/>
  <nd ref="6532994697"/>
  <nd ref="6532994696"/>
  <nd ref="6535781163"/>
  <nd ref="6535781164"/>
  <nd ref="6532994689"/>
  <nd ref="2517897751"/>
  <nd ref="6532994688"/>
  <nd ref="6532994713"/>
  <tag k="highway" v="footway"/>
  <tag k="surface" v="concrete"/>
 </way>
 <way id="695740443" visible="true" version="2" changeset="71346153" timestamp="2019-06-17T22:44:07Z" user="teixeirista" uid="10061199">
  <nd ref="6532903512"/>
  <nd ref="6554117776"/>
  <nd ref="6554117774"/>
  <nd ref="6554120887"/>
  <nd ref="6554117783"/>
  <nd ref="6532933583"/>
  <nd ref="6532994713"/>
  <tag k="footway" v="sidewalk"/>
  <tag k="highway" v="footway"/>
  <tag k="surface" v="concrete"/>
 </way>
 <way id="695740444" visible="true" version="5" changeset="172381187" timestamp="2025-09-24T08:33:30Z" user="KawarthaLake" uid="22435626">
  <nd ref="6532903512"/>
  <nd ref="6554117762"/>
  <nd ref="6534034173"/>
  <nd ref="6532903506"/>
  <nd ref="6532903509"/>
  <nd ref="13167211838"/>
  <nd ref="6535781116"/>
  <nd ref="6535781117"/>
  <nd ref="6532994735"/>
  <tag k="footway" v="sidewalk"/>
  <tag k="highway" v="footway"/>
  <tag k="surface" v="concrete"/>
 </way>
 <way id="695745451" visible="true" version="2" changeset="172381187" timestamp="2025-09-24T08:33:30Z" user="KawarthaLake" uid="22435626">
  <nd ref="6532933584"/>
  <nd ref="6532903513"/>
  <nd ref="6532903507"/>
  <nd ref="13167211090"/>
  <nd ref="6532903510"/>
  <nd ref="6533024481"/>
  <tag k="footway" v="sidewalk"/>
  <tag k="highway" v="footway"/>
  <tag k="surface" v="concrete"/>
 </way>
 <way id="695745458" visible="true" version="2" changeset="172381187" timestamp="2025-09-24T08:33:30Z" user="KawarthaLake" uid="22435626">
  <nd ref="6532994713"/>
  <nd ref="13167211804"/>
  <nd ref="13167211802"/>
  <nd ref="6533027909"/>
  <nd ref="6533027906"/>
  <tag k="footway" v="sidewalk"/>
  <tag k="highway" v="footway"/>
  <tag k="surface" v="concrete"/>
 </way>
 <way id="695745459" visible="true" version="2" changeset="71384006" timestamp="2019-06-19T01:18:38Z" user="teixeirista" uid="10061199">
  <nd ref="6532933584"/>
  <nd ref="6533027910"/>
  <nd ref="6533027913"/>
  <tag k="footway" v="sidewalk"/>
  <tag k="highway" v="footway"/>
  <tag k="surface" v="concrete"/>
 </way>
 <way id="695745461" visible="true" version="1" changeset="71040630" timestamp="2019-06-07T23:17:33Z" user="teixeirista" uid="10061199">
  <nd ref="6533027915"/>
  <nd ref="6533027916"/>
  <nd ref="6533027917"/>
  <nd ref="6533027918"/>
  <nd ref="6533027915"/>
  <tag k="building" v="yes"/>
  <tag k="name" v="Centro de Processamento de Dados - UEFS"/>
  <tag k="operator" v="Universidade Estadual de Feira de Santana"/>
  <tag k="telecom" v="data_center"/>
 </way>
 <way id="695751188" visible="true" version="3" changeset="71741665" timestamp="2019-06-29T18:42:44Z" user="teixeirista" uid="10061199">
  <nd ref="6533128595"/>
  <nd ref="6533128596"/>
  <nd ref="6533128597"/>
  <nd ref="2517911564"/>
  <nd ref="6533128595"/>
  <tag k="amenity" v="theatre"/>
  <tag k="building" v="university"/>
  <tag k="lit" v="yes"/>
  <tag k="name" v="Auditório 5 - UEFS"/>
 </way>
 <way id="695751189" visible="true" version="2" changeset="71080243" timestamp="2019-06-09T20:13:40Z" user="teixeirista" uid="10061199">
  <nd ref="6533128599"/>
  <nd ref="6533128600"/>
  <nd ref="6533128601"/>
  <nd ref="6535781121"/>
  <nd ref="6533128602"/>
  <nd ref="6533128599"/>
  <tag k="building" v="university"/>
  <tag k="building:levels" v="0"/>
  <tag k="name" v="Módulo Teórico 7"/>
 </way>
 <way id="695751190" visible="true" version="2" changeset="71080243" timestamp="2019-06-09T20:13:40Z" user="teixeirista" uid="10061199">
  <nd ref="6533128603"/>
  <nd ref="6533128604"/>
  <nd ref="6535781120"/>
  <nd ref="6533128605"/>
  <nd ref="6533128606"/>
  <nd ref="6535781119"/>
  <nd ref="6533128603"/>
  <tag k="amenity" v="restaurant"/>
  <tag k="building" v="yes"/>
  <tag k="name" v="Cantina do Módulo 7"/>
 </way>
 <way id="695751191" visible="true" version="2" changeset="175443346" timestamp="2025-12-03T11:54:19Z" user="marcossilva2025" uid="23573790">
  <nd ref="6533128607"/>
  <nd ref="6533128608"/>
  <nd ref="6533128609"/>
  <nd ref="13351159353"/>
  <nd ref="6533128610"/>
  <nd ref="6533128607"/>
  <tag k="building" v="university"/>
  <tag k="building:levels" v="0"/>
  <tag k="name" v="Módulo Prático 7"/>
 </way>
 <way id="695751192" visible="true" version="2" changeset="71080243" timestamp="2019-06-09T20:13:40Z" user="teixeirista" uid="10061199">
  <nd ref="6533128611"/>
  <nd ref="6533128612"/>
  <nd ref="6535781125"/>
  <nd ref="6533128613"/>
  <nd ref="6533128614"/>
  <nd ref="6533128611"/>
  <tag k="building" v="university"/>
  <tag k="building:levels" v="1"/>
  <tag k="name" v="Pavilhão de Aulas Teóricas 7"/>
 </way>
 <way id="695751194" visible="true" version="3" changeset="71383742" timestamp="2019-06-19T00:58:59Z" user="teixeirista" uid="10061199">
  <nd ref="6533128635"/>
  <nd ref="6533128636"/>
  <nd ref="6533128633"/>
  <nd ref="6535781144"/>
  <nd ref="6533128634"/>
  <nd ref="6533128635"/>
  <tag k="building" v="university"/>
  <tag k="building:levels" v="0"/>
  <tag k="name" v="Módulo Teórico 5"/>
 </way>
 <way id="695751195" visible="true" version="2" changeset="71080243" timestamp="2019-06-09T20:13:40Z" user="teixeirista" uid="10061199">
  <nd ref="6533128635"/>
  <nd ref="6533128636"/>
  <nd ref="6533128637"/>
  <nd ref="6535781135"/>
  <nd ref="6533128638"/>
  <nd ref="6533128635"/>
  <tag k="amenity" v="restaurant"/>
  <tag k="building" v="yes"/>
  <tag k="name" v="Cantina do Módulo 5"/>
 </way>
 <way id="695751196" visible="true" version="1" changeset="71041203" timestamp="2019-06-08T00:15:20Z" user="teixeirista" uid="10061199">
  <nd ref="6533128639"/>
  <nd ref="6533128640"/>
  <nd ref="6533128641"/>
  <nd ref="6533128642"/>
  <nd ref="6533128639"/>
  <tag k="building" v="university"/>
  <tag k="building:levels" v="0"/>
  <tag k="name" v="Módulo Prático 5"/>
 </way>
 <way id="695751198" visible="true" version="2" changeset="71383742" timestamp="2019-06-19T00:58:59Z" user="teixeirista" uid="10061199">
  <nd ref="6532903509"/>
  <nd ref="2517911550"/>
  <nd ref="2517911548"/>
  <nd ref="6533128636"/>
  <nd ref="6533128635"/>
  <nd ref="6533128641"/>
  <nd ref="6533128642"/>
  <nd ref="6533128648"/>
  <tag k="highway" v="footway"/>
  <tag k="surface" v="concrete"/>
 </way>
 <way id="695751199" visible="true" version="4" changeset="89631779" timestamp="2020-08-19T11:43:55Z" user="Metuje" uid="10888604">
  <nd ref="6533128649"/>
  <nd ref="6533128650"/>
  <nd ref="7033562470"/>
  <nd ref="7233554361"/>
  <nd ref="6533128651"/>
  <nd ref="6533128661"/>
  <tag k="highway" v="footway"/>
 </way>
 <way id="695751200" visible="true" version="2" changeset="89631779" timestamp="2020-08-19T11:43:55Z" user="Metuje" uid="10888604">
  <nd ref="6533128657"/>
  <nd ref="6533128658"/>
  <tag k="highway" v="footway"/>
 </way>
 <way id="695751201" visible="true" version="2" changeset="89631779" timestamp="2020-08-19T11:43:55Z" user="Metuje" uid="10888604">
  <nd ref="6533128657"/>
  <nd ref="6533128672"/>
  <nd ref="6533128662"/>
  <tag k="highway" v="footway"/>
 </way>
 <way id="695751202" visible="true" version="2" changeset="89631779" timestamp="2020-08-19T11:43:55Z" user="Metuje" uid="10888604">
  <nd ref="6533128667"/>
  <nd ref="6533128671"/>
  <nd ref="6533128658"/>
  <tag k="highway" v="footway"/>
 </way>
 <way id="695751203" visible="true" version="2" changeset="89631779" timestamp="2020-08-19T11:43:55Z" user="Metuje" uid="10888604">
  <nd ref="6533130188"/>
  <nd ref="6533128670"/>
  <nd ref="6533128668"/>
  <tag k="highway" v="footway"/>
 </way>
 <way id="695751204" visible="true" version="2" changeset="89631779" timestamp="2020-08-19T11:43:55Z" user="Metuje" uid="10888604">
  <nd ref="6533128672"/>
  <nd ref="6533128673"/>
  <tag k="highway" v="footway"/>
 </way>
 <way id="695751205" visible="true" version="3" changeset="89631779" timestamp="2020-08-19T11:43:55Z" user="Metuje" uid="10888604">
  <nd ref="6533128660"/>
  <nd ref="6533130185"/>
  <tag k="highway" v="footway"/>
 </way>
 <way id="695751206" visible="true" version="2" changeset="71384006" timestamp="2019-06-19T01:18:38Z" user="teixeirista" uid="10061199">
  <nd ref="6533128677"/>
  <nd ref="6533128660"/>
  <tag k="crossing" v="marked"/>
  <tag k="footway" v="crossing"/>
  <tag k="highway" v="footway"/>
 </way>
 <way id="695751207" visible="true" version="5" changeset="86639739" timestamp="2020-06-15T02:14:01Z" user="CarlosJunior" uid="10537561">
  <nd ref="6533128661"/>
  <nd ref="6533128654"/>
  <nd ref="6532819029"/>
  <nd ref="6532819030"/>
  <nd ref="6534034177"/>
  <nd ref="6534034175"/>
  <nd ref="6534034176"/>
  <nd ref="6532819031"/>
  <nd ref="6534034178"/>
  <nd ref="6532819032"/>
  <nd ref="6534034179"/>
  <nd ref="6532819028"/>
  <nd ref="6532819027"/>
  <nd ref="6533128673"/>
  <nd ref="6533130185"/>
  <nd ref="6533128660"/>
  <nd ref="6533128661"/>
  <tag k="access" v="yes"/>
  <tag k="fee" v="no"/>
  <tag k="name" v="Praça da Reitoria"/>
  <tag k="natural" v="wood"/>
 </way>
 <way id="695751208" visible="true" version="1" changeset="71041203" timestamp="2019-06-08T00:15:20Z" user="teixeirista" uid="10061199">
  <nd ref="6533128670"/>
  <nd ref="6533130186"/>
  <nd ref="6533130187"/>
  <nd ref="6533130188"/>
  <tag k="highway" v="footway"/>
 </way>
 <way id="695751209" visible="true" version="2" changeset="71384006" timestamp="2019-06-19T01:18:38Z" user="teixeirista" uid="10061199">
  <nd ref="6533128650"/>
  <nd ref="6533130190"/>
  <tag k="crossing" v="marked"/>
  <tag k="footway" v="crossing"/>
  <tag k="highway" v="footway"/>
  <tag k="surface" v="asphalt"/>
  <tag k="tactile_paving" v="no"/>
  <tag k="traffic_calming" v="table"/>
 </way>
 <way id="695751210" visible="true" version="2" changeset="71384006" timestamp="2019-06-19T01:18:38Z" user="teixeirista" uid="10061199">
  <nd ref="6533130185"/>
  <nd ref="6533130191"/>
  <nd ref="6533130192"/>
  <tag k="highway" v="footway"/>
 </way>
 <way id="695751211" visible="true" version="2" changeset="71384006" timestamp="2019-06-19T01:18:38Z" user="teixeirista" uid="10061199">
  <nd ref="6533130194"/>
  <nd ref="6533130192"/>
  <tag k="crossing" v="marked"/>
  <tag k="footway" v="crossing"/>
  <tag k="highway" v="footway"/>
 </way>
 <way id="695760807" visible="true" version="2" changeset="126842555" timestamp="2022-09-30T22:26:55Z" user="Gustavo22Soares" uid="10460642">
  <nd ref="6533257643"/>
  <nd ref="6533257644"/>
  <nd ref="6533257645"/>
  <nd ref="6533257646"/>
  <nd ref="6533257643"/>
  <tag k="building" v="yes"/>
 </way>
 <way id="695760808" visible="true" version="1" changeset="71042729" timestamp="2019-06-08T04:12:20Z" user="teixeirista" uid="10061199">
  <nd ref="6533257647"/>
  <nd ref="6533257648"/>
  <nd ref="6533257649"/>
  <nd ref="6533257650"/>
  <nd ref="6533257647"/>
  <tag k="building" v="pavilion"/>
  <tag k="building:levels" v="0"/>
  <tag k="name" v="Pavilhão de Aulas"/>
 </way>
 <way id="695760809" visible="true" version="2" changeset="71383742" timestamp="2019-06-19T00:58:59Z" user="teixeirista" uid="10061199">
  <nd ref="6533257651"/>
  <nd ref="6533257652"/>
  <nd ref="6533257653"/>
  <nd ref="6534039389"/>
  <nd ref="6533257654"/>
  <nd ref="6533257651"/>
  <tag k="building" v="university"/>
  <tag k="building:levels" v="0"/>
  <tag k="name" v="Módulo Prático 4"/>
 </way>
 <way id="695760810" visible="true" version="2" changeset="71080243" timestamp="2019-06-09T20:13:40Z" user="teixeirista" uid="10061199">
  <nd ref="6533257659"/>
  <nd ref="6533257660"/>
  <nd ref="6535781146"/>
  <nd ref="6533257661"/>
  <nd ref="6533257662"/>
  <nd ref="6533257659"/>
  <tag k="building" v="university"/>
  <tag k="building:levels" v="0"/>
  <tag k="name" v="Módulo Teórico 4"/>
 </way>
 <way id="695760811" visible="true" version="2" changeset="71383742" timestamp="2019-06-19T00:58:59Z" user="teixeirista" uid="10061199">
  <nd ref="6554117749"/>
  <nd ref="6533257674"/>
  <nd ref="6533257673"/>
  <nd ref="6533257668"/>
  <nd ref="6533257669"/>
  <nd ref="6533257670"/>
  <nd ref="6554117749"/>
  <tag k="building" v="university"/>
  <tag k="building:levels" v="0"/>
  <tag k="name" v="Módulo Administrativo 4"/>
 </way>
 <way id="695760812" visible="true" version="2" changeset="71383742" timestamp="2019-06-19T00:58:59Z" user="teixeirista" uid="10061199">
  <nd ref="6533257671"/>
  <nd ref="6533257672"/>
  <nd ref="6533257673"/>
  <nd ref="6533257674"/>
  <nd ref="6533257671"/>
  <tag k="amenity" v="theatre"/>
  <tag k="building" v="yes"/>
  <tag k="name" v="Auditório 3"/>
 </way>
 <way id="695836284" visible="true" version="2" changeset="71383742" timestamp="2019-06-19T00:58:59Z" user="teixeirista" uid="10061199">
  <nd ref="6534034173"/>
  <nd ref="6533257668"/>
  <nd ref="6533257673"/>
  <nd ref="6533257674"/>
  <nd ref="6554117749"/>
  <nd ref="6533257662"/>
  <nd ref="6533257659"/>
  <nd ref="6533257653"/>
  <nd ref="6534039389"/>
  <nd ref="6533257654"/>
  <nd ref="6534034174"/>
  <tag k="highway" v="footway"/>
  <tag k="surface" v="concrete"/>
 </way>
 <way id="695836285" visible="true" version="1" changeset="71055352" timestamp="2019-06-08T17:13:59Z" user="teixeirista" uid="10061199">
  <nd ref="6534034184"/>
  <nd ref="6534039385"/>
  <nd ref="6534039386"/>
  <nd ref="6534039387"/>
  <nd ref="6534034184"/>
  <tag k="building" v="yes"/>
  <tag k="name" v="Anexo - Lucas da Feira"/>
  <tag k="operator" v="Museu Casa do Sertão"/>
  <tag k="tourism" v="museum"/>
 </way>
 <way id="696020339" visible="true" version="3" changeset="175443332" timestamp="2025-12-03T11:53:58Z" user="Jaiane Rios" uid="23573781">
  <nd ref="6535781108"/>
  <nd ref="6535781109"/>
  <nd ref="6535781134"/>
  <nd ref="6535781110"/>
  <nd ref="6535781111"/>
  <nd ref="6535781108"/>
  <tag k="building" v="university"/>
  <tag k="building:levels" v="0"/>
  <tag k="name" v="Módulo Teórico 6"/>
 </way>
 <way id="696020340" visible="true" version="1" changeset="71080243" timestamp="2019-06-09T20:13:40Z" user="teixeirista" uid="10061199">
  <nd ref="6535781112"/>
  <nd ref="6535781113"/>
  <nd ref="6535781114"/>
  <nd ref="6535781115"/>
  <nd ref="6535781112"/>
  <tag k="building" v="university"/>
  <tag k="building:levels" v="0"/>
  <tag k="name" v="Módulo Prático 6"/>
 </way>
 <way id="696020341" visible="true" version="2" changeset="71741665" timestamp="2019-06-29T18:42:44Z" user="teixeirista" uid="10061199">
  <nd ref="6535781116"/>
  <nd ref="6535781106"/>
  <nd ref="6533128593"/>
  <tag k="highway" v="footway"/>
  <tag k="surface" v="concrete"/>
 </way>
 <way id="696020342" visible="true" version="1" changeset="71080243" timestamp="2019-06-09T20:13:40Z" user="teixeirista" uid="10061199">
  <nd ref="6535781117"/>
  <nd ref="6535781118"/>
  <nd ref="6533024481"/>
  <tag k="crossing" v="marked"/>
  <tag k="footway" v="crossing"/>
  <tag k="highway" v="footway"/>
 </way>
 <way id="696020343" visible="true" version="1" changeset="71080243" timestamp="2019-06-09T20:13:40Z" user="teixeirista" uid="10061199">
  <nd ref="6535781125"/>
  <nd ref="6535781127"/>
  <nd ref="6535781119"/>
  <tag k="highway" v="footway"/>
 </way>
 <way id="696020344" visible="true" version="2" changeset="71741665" timestamp="2019-06-29T18:42:44Z" user="teixeirista" uid="10061199">
  <nd ref="6535781120"/>
  <nd ref="2517911564"/>
  <nd ref="6533128597"/>
  <nd ref="6578861320"/>
  <nd ref="6532994735"/>
  <tag k="highway" v="footway"/>
 </way>
 <way id="696020345" visible="true" version="1" changeset="71080243" timestamp="2019-06-09T20:13:40Z" user="teixeirista" uid="10061199">
  <nd ref="6535781121"/>
  <nd ref="6535781123"/>
  <nd ref="6535781122"/>
  <tag k="highway" v="footway"/>
 </way>
 <way id="696020346" visible="true" version="2" changeset="175443599" timestamp="2025-12-03T12:01:27Z" user="Laiane Rabelo" uid="23573797">
  <nd ref="6535781123"/>
  <nd ref="6535781128"/>
  <nd ref="6535781124"/>
  <nd ref="13351172910"/>
  <nd ref="6535781126"/>
  <nd ref="6535781125"/>
  <tag k="highway" v="path"/>
  <tag k="surface" v="dirt"/>
 </way>
 <way id="696020347" visible="true" version="1" changeset="71080243" timestamp="2019-06-09T20:13:40Z" user="teixeirista" uid="10061199">
  <nd ref="6535781127"/>
  <nd ref="6535781128"/>
  <tag k="highway" v="path"/>
 </way>
 <way id="696020348" visible="true" version="3" changeset="175443332" timestamp="2025-12-03T11:53:58Z" user="Jaiane Rios" uid="23573781">
  <nd ref="6533128593"/>
  <nd ref="6535781154"/>
  <nd ref="6535781111"/>
  <nd ref="6535781108"/>
  <nd ref="6535781114"/>
  <nd ref="6535781115"/>
  <nd ref="6578861311"/>
  <nd ref="6535781129"/>
  <tag k="highway" v="footway"/>
 </way>
 <way id="696020349" visible="true" version="3" changeset="175443332" timestamp="2025-12-03T11:53:58Z" user="Jaiane Rios" uid="23573781">
  <nd ref="6535781130"/>
  <nd ref="6535781108"/>
  <nd ref="6535781111"/>
  <nd ref="6535781133"/>
  <nd ref="6535781122"/>
  <nd ref="6535781130"/>
  <tag k="building" v="university"/>
 </way>
 <way id="696020350" visible="true" version="2" changeset="172381187" timestamp="2025-09-24T08:33:30Z" user="KawarthaLake" uid="22435626">
  <nd ref="6535781134"/>
  <nd ref="13167211844"/>
  <nd ref="6535781135"/>
  <tag k="highway" v="footway"/>
 </way>
 <way id="696020351" visible="true" version="2" changeset="71383742" timestamp="2019-06-19T00:58:59Z" user="teixeirista" uid="10061199">
  <nd ref="6535781136"/>
  <nd ref="2517911548"/>
  <nd ref="2517911550"/>
  <nd ref="6535781139"/>
  <nd ref="6535781136"/>
  <tag k="building" v="university"/>
 </way>
 <way id="696020352" visible="true" version="2" changeset="71383742" timestamp="2019-06-19T00:58:59Z" user="teixeirista" uid="10061199">
  <nd ref="6533257659"/>
  <nd ref="6533257662"/>
  <nd ref="6535781142"/>
  <nd ref="6535781145"/>
  <nd ref="6535781143"/>
  <nd ref="6533257659"/>
  <tag k="building" v="university"/>
 </way>
 <way id="696020353" visible="true" version="2" changeset="172381187" timestamp="2025-09-24T08:33:30Z" user="KawarthaLake" uid="22435626">
  <nd ref="6535781144"/>
  <nd ref="13167211828"/>
  <nd ref="6535781145"/>
  <tag k="highway" v="footway"/>
 </way>
 <way id="696020354" visible="true" version="2" changeset="71346153" timestamp="2019-06-17T22:44:07Z" user="teixeirista" uid="10061199">
  <nd ref="6535781146"/>
  <nd ref="6554117766"/>
  <nd ref="6534039388"/>
  <nd ref="6554117764"/>
  <nd ref="6554117763"/>
  <nd ref="6535781147"/>
  <tag k="highway" v="footway"/>
 </way>
 <way id="696020356" visible="true" version="2" changeset="71383742" timestamp="2019-06-19T00:58:59Z" user="teixeirista" uid="10061199">
  <nd ref="6535781150"/>
  <nd ref="6554117758"/>
  <nd ref="6532903549"/>
  <nd ref="6535781152"/>
  <nd ref="6535781153"/>
  <nd ref="6535781150"/>
  <tag k="building" v="university"/>
 </way>
 <way id="696020357" visible="true" version="2" changeset="71741665" timestamp="2019-06-29T18:42:44Z" user="teixeirista" uid="10061199">
  <nd ref="6535781154"/>
  <nd ref="6535781106"/>
  <nd ref="6535781156"/>
  <nd ref="6535781157"/>
  <nd ref="6535781154"/>
  <tag k="building" v="university"/>
 </way>
 <way id="697881633" visible="true" version="6" changeset="81322467" timestamp="2020-02-21T14:51:41Z" user="Weisshorn" uid="10278885">
  <nd ref="6532903517"/>
  <nd ref="6532903540"/>
  <nd ref="6532903537"/>
  <nd ref="6535781147"/>
  <nd ref="6535781146"/>
  <nd ref="6533257660"/>
  <nd ref="6533257659"/>
  <nd ref="6534034174"/>
  <nd ref="2517911544"/>
  <nd ref="2517911540"/>
  <nd ref="6556482678"/>
  <nd ref="6556482677"/>
  <nd ref="7232995209"/>
  <nd ref="6532903555"/>
  <nd ref="6535781149"/>
  <nd ref="2517911536"/>
  <nd ref="2517911538"/>
  <nd ref="6532903554"/>
  <nd ref="6532903518"/>
  <nd ref="6532903515"/>
  <nd ref="6532903516"/>
  <nd ref="6532903517"/>
  <tag k="landuse" v="orchard"/>
 </way>
 <way id="697881634" visible="true" version="4" changeset="74738542" timestamp="2019-09-21T02:52:54Z" user="teixeirista" uid="10061199">
  <nd ref="6535781146"/>
  <nd ref="6533257661"/>
  <nd ref="6533257662"/>
  <nd ref="6554117749"/>
  <nd ref="6533257670"/>
  <nd ref="6533257669"/>
  <nd ref="6533257668"/>
  <nd ref="6534034173"/>
  <nd ref="6532903512"/>
  <nd ref="6532903546"/>
  <nd ref="6535781152"/>
  <nd ref="6535781153"/>
  <nd ref="6535781150"/>
  <nd ref="6554117758"/>
  <nd ref="6532903539"/>
  <nd ref="6532903538"/>
  <nd ref="6535781147"/>
  <nd ref="6535781146"/>
  <tag k="landuse" v="orchard"/>
 </way>
 <way id="697881635" visible="true" version="1" changeset="71346153" timestamp="2019-06-17T22:44:07Z" user="teixeirista" uid="10061199">
  <nd ref="6554117762"/>
  <nd ref="6554117767"/>
  <nd ref="6554117763"/>
  <tag k="highway" v="path"/>
  <tag k="surface" v="dirt"/>
 </way>
 <way id="697881637" visible="true" version="1" changeset="71346153" timestamp="2019-06-17T22:44:07Z" user="teixeirista" uid="10061199">
  <nd ref="6554117766"/>
  <nd ref="6554117768"/>
  <nd ref="6554117769"/>
  <nd ref="6554117767"/>
  <tag k="highway" v="path"/>
 </way>
 <way id="697881638" visible="true" version="2" changeset="71383742" timestamp="2019-06-19T00:58:59Z" user="teixeirista" uid="10061199">
  <nd ref="6554117770"/>
  <nd ref="6556482676"/>
  <nd ref="6554117771"/>
  <nd ref="6554117772"/>
  <nd ref="6554117775"/>
  <nd ref="6554117773"/>
  <nd ref="6554117774"/>
  <tag k="highway" v="path"/>
  <tag k="surface" v="dirt"/>
 </way>
 <way id="697881639" visible="true" version="1" changeset="71346153" timestamp="2019-06-17T22:44:07Z" user="teixeirista" uid="10061199">
  <nd ref="6554117775"/>
  <nd ref="6554117776"/>
  <tag k="highway" v="path"/>
  <tag k="surface" v="dirt"/>
 </way>
 <way id="697881640" visible="true" version="1" changeset="71346153" timestamp="2019-06-17T22:44:07Z" user="teixeirista" uid="10061199">
  <nd ref="6554117770"/>
  <nd ref="6554117777"/>
  <nd ref="6554117778"/>
  <nd ref="6554117779"/>
  <nd ref="6554117780"/>
  <nd ref="6554117781"/>
  <nd ref="6554117782"/>
  <nd ref="6554117783"/>
  <tag k="highway" v="path"/>
 </way>
 <way id="697881641" visible="true" version="1" changeset="71346153" timestamp="2019-06-17T22:44:07Z" user="teixeirista" uid="10061199">
  <nd ref="6554117780"/>
  <nd ref="6554117784"/>
  <nd ref="6554120885"/>
  <nd ref="6554120886"/>
  <nd ref="6554120887"/>
  <tag k="highway" v="path"/>
 </way>
 <way id="697881643" visible="true" version="4" changeset="74738542" timestamp="2019-09-21T02:52:54Z" user="teixeirista" uid="10061199">
  <nd ref="6532903539"/>
  <nd ref="6532903549"/>
  <nd ref="6532903548"/>
  <nd ref="6532903547"/>
  <nd ref="6532903546"/>
  <nd ref="6532903512"/>
  <nd ref="6532994713"/>
  <nd ref="6532994688"/>
  <nd ref="6532994687"/>
  <nd ref="6532994686"/>
  <nd ref="6532994689"/>
  <nd ref="6535781164"/>
  <nd ref="6535781165"/>
  <nd ref="6535781168"/>
  <nd ref="6535781167"/>
  <nd ref="6532903535"/>
  <nd ref="6532903539"/>
  <tag k="landuse" v="orchard"/>
 </way>
 <way id="697881652" visible="true" version="1" changeset="71346153" timestamp="2019-06-17T22:44:07Z" user="teixeirista" uid="10061199">
  <nd ref="2522224759"/>
  <nd ref="411824896"/>
  <nd ref="411824913"/>
  <nd ref="411824827"/>
  <nd ref="411824828"/>
  <tag k="highway" v="residential"/>
  <tag k="name" v="Rua Pomperode"/>
  <tag k="source" v="Yahoo"/>
 </way>
 <way id="697881653" visible="true" version="1" changeset="71346153" timestamp="2019-06-17T22:44:07Z" user="teixeirista" uid="10061199">
  <nd ref="6554120952"/>
  <nd ref="2522224759"/>
  <tag k="highway" v="residential"/>
 </way>
 <way id="697893435" visible="true" version="1" changeset="71348042" timestamp="2019-06-18T01:03:50Z" user="teixeirista" uid="10061199">
  <nd ref="6554237629"/>
  <nd ref="6554237630"/>
  <nd ref="6554237631"/>
  <nd ref="6554237632"/>
  <nd ref="6554237633"/>
  <nd ref="6554237634"/>
  <nd ref="6554237635"/>
  <nd ref="6554237636"/>
  <nd ref="6554237637"/>
  <nd ref="6554237638"/>
  <nd ref="6554237639"/>
  <nd ref="6554237640"/>
  <nd ref="6554237641"/>
  <nd ref="6554237642"/>
  <nd ref="6554237643"/>
  <nd ref="6554237644"/>
  <nd ref="6554237645"/>
  <nd ref="6554237646"/>
  <nd ref="6554237647"/>
  <nd ref="6554237648"/>
  <nd ref="6554237649"/>
  <nd ref="6554237650"/>
  <nd ref="6554237651"/>
  <nd ref="6554237652"/>
  <nd ref="6554237653"/>
  <nd ref="6554237654"/>
  <nd ref="6554237655"/>
  <nd ref="6554237656"/>
  <nd ref="6554237657"/>
  <nd ref="6554237658"/>
  <nd ref="6554237659"/>
  <nd ref="6554237660"/>
  <nd ref="6554237661"/>
  <nd ref="6554237662"/>
  <nd ref="6554237663"/>
  <nd ref="6554237664"/>
  <nd ref="6554237665"/>
  <nd ref="6554237666"/>
  <nd ref="6554237667"/>
  <nd ref="6554237668"/>
  <nd ref="6554237669"/>
  <nd ref="6554237670"/>
  <nd ref="6554237671"/>
  <nd ref="6554237672"/>
  <nd ref="6554237673"/>
  <nd ref="6554237674"/>
  <nd ref="6554237675"/>
  <nd ref="6554237676"/>
  <nd ref="6554237677"/>
  <nd ref="6554237678"/>
  <nd ref="6554237679"/>
  <nd ref="6554237680"/>
  <nd ref="6554237681"/>
  <nd ref="6554237682"/>
  <nd ref="6554237683"/>
  <nd ref="6554237684"/>
  <nd ref="6554237885"/>
  <nd ref="6554237886"/>
  <nd ref="6554237887"/>
  <nd ref="6554237888"/>
  <nd ref="6554237889"/>
  <nd ref="6554237890"/>
  <nd ref="6554237891"/>
  <nd ref="6554237892"/>
  <nd ref="6554237893"/>
  <nd ref="6554237894"/>
  <nd ref="6554237895"/>
  <nd ref="6554237896"/>
  <nd ref="6554237897"/>
  <nd ref="6554237898"/>
  <nd ref="6554237899"/>
  <nd ref="6554237900"/>
  <nd ref="6554237901"/>
  <nd ref="6554237902"/>
  <nd ref="6554237903"/>
  <nd ref="6554237904"/>
  <nd ref="6554237905"/>
  <nd ref="6554237906"/>
  <nd ref="6554237907"/>
  <nd ref="6554237908"/>
  <nd ref="6554237909"/>
  <nd ref="6554237910"/>
  <nd ref="6554237911"/>
  <nd ref="6554237912"/>
  <nd ref="6554237913"/>
  <nd ref="6554237914"/>
  <nd ref="6554237915"/>
  <nd ref="6554237916"/>
  <nd ref="6554237917"/>
  <nd ref="6554237918"/>
  <nd ref="6554237919"/>
  <nd ref="6554237920"/>
  <nd ref="6554237629"/>
  <tag k="name" v="Lagoa da Tábua"/>
  <tag k="natural" v="water"/>
  <tag k="water" v="pond"/>
 </way>
 <way id="698131395" visible="true" version="4" changeset="172381187" timestamp="2025-09-24T08:33:30Z" user="KawarthaLake" uid="22435626">
  <nd ref="6532903509"/>
  <nd ref="2517911550"/>
  <nd ref="2517911552"/>
  <nd ref="2517911546"/>
  <nd ref="2517911548"/>
  <nd ref="6533128636"/>
  <nd ref="6533128633"/>
  <nd ref="6535781144"/>
  <nd ref="13167211828"/>
  <nd ref="6535781145"/>
  <nd ref="6535781142"/>
  <nd ref="6533257662"/>
  <nd ref="6554117749"/>
  <nd ref="6556482679"/>
  <nd ref="6533257671"/>
  <nd ref="6533257672"/>
  <nd ref="6533257673"/>
  <nd ref="6534034173"/>
  <nd ref="6532903509"/>
  <tag k="landuse" v="orchard"/>
 </way>
 <way id="698131396" visible="true" version="1" changeset="71383742" timestamp="2019-06-19T00:58:59Z" user="teixeirista" uid="10061199">
  <nd ref="6556482679"/>
  <nd ref="6533257671"/>
  <nd ref="6533257674"/>
  <nd ref="6554117749"/>
  <nd ref="6556482679"/>
  <tag k="amenity" v="theatre"/>
  <tag k="building" v="yes"/>
  <tag k="name" v="Auditório 4"/>
 </way>
 <way id="698131397" visible="true" version="4" changeset="172381187" timestamp="2025-09-24T08:33:30Z" user="KawarthaLake" uid="22435626">
  <nd ref="6535781145"/>
  <nd ref="6535781143"/>
  <nd ref="6533257659"/>
  <nd ref="6533257653"/>
  <nd ref="6533257652"/>
  <nd ref="6533257651"/>
  <nd ref="6533257654"/>
  <nd ref="6534034174"/>
  <nd ref="2517911543"/>
  <nd ref="2517911541"/>
  <nd ref="6556482678"/>
  <nd ref="6556482677"/>
  <nd ref="13167211837"/>
  <nd ref="6556482680"/>
  <nd ref="6556482681"/>
  <nd ref="6533128646"/>
  <nd ref="6533128645"/>
  <nd ref="6533128648"/>
  <nd ref="6533128635"/>
  <nd ref="6533128634"/>
  <nd ref="6535781144"/>
  <nd ref="13167211828"/>
  <nd ref="6535781145"/>
  <tag k="landuse" v="orchard"/>
 </way>
 <way id="698131398" visible="true" version="4" changeset="172381187" timestamp="2025-09-24T08:33:30Z" user="KawarthaLake" uid="22435626">
  <nd ref="6532994688"/>
  <nd ref="2517897755"/>
  <nd ref="2517897749"/>
  <nd ref="2517897751"/>
  <nd ref="6535781164"/>
  <nd ref="6532994692"/>
  <nd ref="6535781169"/>
  <nd ref="13167211811"/>
  <nd ref="6535781170"/>
  <nd ref="6533027891"/>
  <nd ref="6533027892"/>
  <nd ref="2516165036"/>
  <nd ref="6533024482"/>
  <nd ref="6533024483"/>
  <nd ref="6533027887"/>
  <nd ref="6533027888"/>
  <nd ref="6533027909"/>
  <nd ref="13167211802"/>
  <nd ref="13167211804"/>
  <nd ref="6532994713"/>
  <nd ref="6532994688"/>
  <tag k="landuse" v="orchard"/>
 </way>
 <way id="700564086" visible="true" version="5" changeset="172381187" timestamp="2025-09-24T08:33:30Z" user="KawarthaLake" uid="22435626">
  <nd ref="6535781106"/>
  <nd ref="6535781116"/>
  <nd ref="13167211838"/>
  <nd ref="6532903509"/>
  <nd ref="2517911550"/>
  <nd ref="6535781139"/>
  <nd ref="6535781136"/>
  <nd ref="2517911548"/>
  <nd ref="6533128636"/>
  <nd ref="6533128637"/>
  <nd ref="6533128638"/>
  <nd ref="6533128635"/>
  <nd ref="6533128641"/>
  <nd ref="6533128640"/>
  <nd ref="6533128639"/>
  <nd ref="6533128642"/>
  <nd ref="6533128648"/>
  <nd ref="6533128644"/>
  <nd ref="6533128643"/>
  <nd ref="6556482681"/>
  <nd ref="6556482680"/>
  <nd ref="13167211854"/>
  <nd ref="7232995212"/>
  <nd ref="6578861307"/>
  <nd ref="6535781129"/>
  <nd ref="6578861311"/>
  <nd ref="6535781108"/>
  <nd ref="6535781109"/>
  <nd ref="6535781110"/>
  <nd ref="6535781111"/>
  <nd ref="6533128593"/>
  <nd ref="2517911554"/>
  <nd ref="2517911560"/>
  <nd ref="6535781106"/>
  <tag k="landuse" v="orchard"/>
 </way>
 <way id="700564087" visible="true" version="6" changeset="175443599" timestamp="2025-12-03T12:01:27Z" user="Laiane Rabelo" uid="23573797">
  <nd ref="6532994735"/>
  <nd ref="6535781117"/>
  <nd ref="6535781116"/>
  <nd ref="6535781106"/>
  <nd ref="6535781156"/>
  <nd ref="6535781157"/>
  <nd ref="6535781154"/>
  <nd ref="6535781111"/>
  <nd ref="6535781133"/>
  <nd ref="6535781130"/>
  <nd ref="6535781108"/>
  <nd ref="6535781114"/>
  <nd ref="6535781113"/>
  <nd ref="6535781112"/>
  <nd ref="6535781115"/>
  <nd ref="6578861311"/>
  <nd ref="6578861317"/>
  <nd ref="6578861318"/>
  <nd ref="6535781129"/>
  <nd ref="6578861307"/>
  <nd ref="13351172906"/>
  <nd ref="7232995228"/>
  <nd ref="2516187680"/>
  <nd ref="6578861324"/>
  <nd ref="7232995221"/>
  <nd ref="6578861325"/>
  <nd ref="4046308278"/>
  <nd ref="6578861321"/>
  <nd ref="6578861322"/>
  <nd ref="6578861323"/>
  <nd ref="6578861319"/>
  <nd ref="6532994735"/>
  <tag k="landuse" v="orchard"/>
 </way>
 <way id="701461411" visible="true" version="1" changeset="71878355" timestamp="2019-07-04T00:29:14Z" user="Laercio Rios" uid="9591274">
  <nd ref="6587762214"/>
  <nd ref="6587762215"/>
  <nd ref="2868477507"/>
  <nd ref="2868477508"/>
  <nd ref="6587762214"/>
  <tag k="building" v="university"/>
  <tag k="name" v="CAU II"/>
 </way>
 <way id="701461412" visible="true" version="1" changeset="71878355" timestamp="2019-07-04T00:29:14Z" user="Laercio Rios" uid="9591274">
  <nd ref="6587762216"/>
  <nd ref="6587762217"/>
  <nd ref="6587762218"/>
  <nd ref="6587762219"/>
  <nd ref="6587762216"/>
  <tag k="building" v="university"/>
  <tag k="name" v="CAU III"/>
 </way>
 <way id="701461413" visible="true" version="3" changeset="160174050" timestamp="2024-12-11T15:43:56Z" user="kaartense" uid="10292935">
  <nd ref="6587762220"/>
  <nd ref="6587762221"/>
  <nd ref="6587762222"/>
  <nd ref="6587762223"/>
  <nd ref="6587762220"/>
  <tag k="addr:city" v="Feira de Santana"/>
  <tag k="addr:postcode" v="44036-900"/>
  <tag k="addr:street" v="Avenida Transnordestina - Universidade Estadual de Feira de Santana"/>
  <tag k="addr:suburb" v="Novo Horizonte"/>
  <tag k="building" v="university"/>
  <tag k="building:levels" v="1"/>
  <tag k="description" v="Módulo de Medicina da Universidade Estadual de Feira de Santana Site: medicina.uefs.br Telefone: (75) 3161-8188 E-mail:colmeduefs@uefs.br"/>
  <tag k="image" v="https://lh3.googleusercontent.com/p/AF1QipMYH-NHJJEKz5saz6LWijcjIsxeyXB5p08D64g1=s1360-w1360-h1020"/>
  <tag k="name" v="Módulo de Medicina - UEFS (CAU I)"/>
  <tag k="nohousenumber" v="yes"/>
  <tag k="start_date" v="2003"/>
  <tag k="website" v="medicina.uefs.br"/>
 </way>
 <way id="711202239" visible="true" version="1" changeset="73047191" timestamp="2019-08-06T04:28:23Z" user="patodiez" uid="1856060">
  <nd ref="6686064810"/>
  <nd ref="6686064811"/>
  <tag k="highway" v="residential"/>
 </way>
 <way id="711207608" visible="true" version="4" changeset="158640116" timestamp="2024-11-01T22:55:51Z" user="Pedro Souza Costa" uid="21298810">
  <nd ref="6686293630"/>
  <nd ref="6686293631"/>
  <tag k="highway" v="trunk_link"/>
  <tag k="oneway" v="yes"/>
 </way>
 <way id="711207609" visible="true" version="5" changeset="158640116" timestamp="2024-11-01T22:55:51Z" user="Pedro Souza Costa" uid="21298810">
  <nd ref="411042303"/>
  <nd ref="7232875916"/>
  <nd ref="6686293632"/>
  <nd ref="6686293633"/>
  <nd ref="6686293634"/>
  <nd ref="6686293635"/>
  <tag k="highway" v="trunk_link"/>
  <tag k="oneway" v="yes"/>
 </way>
 <way id="711207610" visible="true" version="9" changeset="158640116" timestamp="2024-11-01T22:55:51Z" user="Pedro Souza Costa" uid="21298810">
  <nd ref="6686293638"/>
  <nd ref="7232510482"/>
  <nd ref="6686293639"/>
  <nd ref="6686293640"/>
  <nd ref="6686293641"/>
  <nd ref="6686293642"/>
  <nd ref="411042272"/>
  <nd ref="6686293655"/>
  <nd ref="11028906201"/>
  <nd ref="11028912727"/>
  <tag k="alt_name" v="Rodovia Santos Dumont"/>
  <tag k="highway" v="trunk_link"/>
  <tag k="maxspeed" v="60"/>
  <tag k="name" v="Avenida Transnordestina"/>
  <tag k="oneway" v="yes"/>
  <tag k="ref" v="BR-116"/>
 </way>
 <way id="711207611" visible="true" version="2" changeset="81403245" timestamp="2020-02-24T11:31:16Z" user="Escambron" uid="10653123">
  <nd ref="4046461440"/>
  <nd ref="6686293644"/>
  <nd ref="7238707499"/>
  <nd ref="7238707497"/>
  <nd ref="7238707498"/>
  <nd ref="4046461437"/>
  <nd ref="6686293645"/>
  <tag k="highway" v="service"/>
  <tag k="service" v="alley"/>
 </way>
 <way id="711207612" visible="true" version="1" changeset="73047452" timestamp="2019-08-06T04:45:50Z" user="patodiez" uid="1856060">
  <nd ref="6686293650"/>
  <nd ref="6686293651"/>
  <tag k="highway" v="residential"/>
 </way>
 <way id="711207613" visible="true" version="1" changeset="73047452" timestamp="2019-08-06T04:45:50Z" user="patodiez" uid="1856060">
  <nd ref="6686293654"/>
  <nd ref="6686293655"/>
  <tag k="highway" v="residential"/>
 </way>
 <way id="711207614" visible="true" version="2" changeset="138169001" timestamp="2023-07-06T02:52:11Z" user="LaurentianPlateau" uid="15994207">
  <nd ref="6686293656"/>
  <nd ref="11028906201"/>
  <tag k="highway" v="residential"/>
 </way>
 <way id="711207615" visible="true" version="6" changeset="158640116" timestamp="2024-11-01T22:55:51Z" user="Pedro Souza Costa" uid="21298810">
  <nd ref="321184079"/>
  <nd ref="6686293661"/>
  <nd ref="6686293662"/>
  <nd ref="6686293658"/>
  <nd ref="6686293663"/>
  <nd ref="6686293664"/>
  <nd ref="12134124980"/>
  <nd ref="6686293665"/>
  <nd ref="7232510480"/>
  <nd ref="7232510481"/>
  <nd ref="6686293667"/>
  <tag k="highway" v="trunk_link"/>
  <tag k="oneway" v="yes"/>
 </way>
 <way id="711925036" visible="true" version="3" changeset="81325602" timestamp="2020-02-21T16:34:52Z" user="Weisshorn" uid="10278885">
  <nd ref="6694006299"/>
  <nd ref="6694006300"/>
  <nd ref="7232635611"/>
  <nd ref="7233501249"/>
  <nd ref="7232635615"/>
  <tag k="highway" v="residential"/>
 </way>
 <way id="711925037" visible="true" version="1" changeset="73135691" timestamp="2019-08-08T05:08:10Z" user="patodiez" uid="1856060">
  <nd ref="6694006302"/>
  <nd ref="6694006303"/>
  <tag k="highway" v="residential"/>
 </way>
 <way id="715193854" visible="true" version="2" changeset="167181425" timestamp="2025-06-04T14:06:20Z" user="Vitorarch" uid="22969934">
  <nd ref="6722018808"/>
  <nd ref="6722018809"/>
  <nd ref="6722018810"/>
  <nd ref="6722018811"/>
  <nd ref="6722018808"/>
  <tag k="amenity" v="restaurant"/>
  <tag k="building" v="hangar"/>
  <tag k="name" v="R.U Provisorio"/>
 </way>
 <way id="715193855" visible="true" version="1" changeset="73476594" timestamp="2019-08-19T01:35:18Z" user="teixeirista" uid="10061199">
  <nd ref="6722018812"/>
  <nd ref="6722018813"/>
  <nd ref="6722018814"/>
  <nd ref="6722018815"/>
  <nd ref="6722018812"/>
  <tag k="building" v="hangar"/>
 </way>
 <way id="715193856" visible="true" version="1" changeset="73476594" timestamp="2019-08-19T01:35:18Z" user="teixeirista" uid="10061199">
  <nd ref="6722018816"/>
  <nd ref="6722018817"/>
  <nd ref="6722018818"/>
  <nd ref="6722018819"/>
  <nd ref="6722018816"/>
  <tag k="building" v="university"/>
 </way>
 <way id="715193857" visible="true" version="1" changeset="73476594" timestamp="2019-08-19T01:35:18Z" user="teixeirista" uid="10061199">
  <nd ref="6722018820"/>
  <nd ref="6722018821"/>
  <nd ref="6722018822"/>
  <nd ref="6722018823"/>
  <nd ref="6722018820"/>
  <tag k="building" v="university"/>
 </way>
 <way id="715193858" visible="true" version="2" changeset="81326180" timestamp="2020-02-21T16:53:09Z" user="Weisshorn" uid="10278885">
  <nd ref="6722018824"/>
  <nd ref="6722018825"/>
  <nd ref="6722018826"/>
  <nd ref="6722018827"/>
  <nd ref="6722018828"/>
  <tag k="highway" v="service"/>
 </way>
 <way id="715193859" visible="true" version="2" changeset="81326180" timestamp="2020-02-21T16:53:09Z" user="Weisshorn" uid="10278885">
  <nd ref="6722018829"/>
  <nd ref="6722018830"/>
  <nd ref="6722018831"/>
  <nd ref="6722018828"/>
  <nd ref="6722018832"/>
  <tag k="highway" v="service"/>
 </way>
 <way id="715193861" visible="true" version="2" changeset="81326180" timestamp="2020-02-21T16:53:09Z" user="Weisshorn" uid="10278885">
  <nd ref="7233554343"/>
  <nd ref="6722018840"/>
  <nd ref="6722018841"/>
  <nd ref="6722018842"/>
  <nd ref="6722018843"/>
  <nd ref="6722018848"/>
  <nd ref="6722018844"/>
  <nd ref="6722018845"/>
  <nd ref="7233554342"/>
  <nd ref="7233554341"/>
  <nd ref="7233554340"/>
  <nd ref="6722018846"/>
  <nd ref="7233554339"/>
  <nd ref="7233554338"/>
  <nd ref="6722018847"/>
  <nd ref="6722018831"/>
  <tag k="highway" v="service"/>
 </way>
 <way id="715193862" visible="true" version="2" changeset="81326180" timestamp="2020-02-21T16:53:09Z" user="Weisshorn" uid="10278885">
  <nd ref="7233554345"/>
  <nd ref="7233554344"/>
  <nd ref="6722018848"/>
  <tag k="highway" v="service"/>
 </way>
 <way id="731987939" visible="true" version="1" changeset="75328816" timestamp="2019-10-05T21:57:45Z" user="teixeirista" uid="10061199">
  <nd ref="6854361278"/>
  <nd ref="6854361279"/>
  <nd ref="6854361280"/>
  <nd ref="6854361281"/>
  <nd ref="6854361282"/>
  <nd ref="6854361283"/>
  <nd ref="6854361284"/>
  <nd ref="6854367485"/>
  <nd ref="6854367486"/>
  <nd ref="6854367487"/>
  <nd ref="6854367488"/>
  <nd ref="6854367489"/>
  <nd ref="6854367490"/>
  <nd ref="6854367491"/>
  <nd ref="6854367492"/>
  <nd ref="6854367493"/>
  <nd ref="6854367494"/>
  <nd ref="6854367495"/>
  <nd ref="6854367496"/>
  <nd ref="6854367497"/>
  <nd ref="6854367498"/>
  <nd ref="6854367499"/>
  <nd ref="6854367500"/>
  <nd ref="6854367501"/>
  <nd ref="6854367502"/>
  <nd ref="6854367503"/>
  <nd ref="6854367504"/>
  <nd ref="6854367505"/>
  <nd ref="6854367506"/>
  <nd ref="6854367507"/>
  <nd ref="6854367508"/>
  <nd ref="6854367509"/>
  <nd ref="6854367510"/>
  <nd ref="6854367511"/>
  <nd ref="6854367512"/>
  <nd ref="6854367513"/>
  <nd ref="6854367514"/>
  <nd ref="6854367515"/>
  <nd ref="6854367516"/>
  <nd ref="6854367517"/>
  <nd ref="6854367518"/>
  <nd ref="6854367519"/>
  <nd ref="6854367520"/>
  <nd ref="6854367521"/>
  <nd ref="6854367522"/>
  <nd ref="6854367523"/>
  <nd ref="6854367524"/>
  <nd ref="6854367525"/>
  <nd ref="6854367526"/>
  <nd ref="6854367527"/>
  <nd ref="6854367528"/>
  <nd ref="6854367529"/>
  <nd ref="6854367530"/>
  <nd ref="6854367531"/>
  <nd ref="6854367532"/>
  <nd ref="6854367533"/>
  <nd ref="6854367534"/>
  <nd ref="6854367535"/>
  <nd ref="6854367536"/>
  <nd ref="6854361278"/>
  <tag k="natural" v="wood"/>
 </way>
 <way id="732434059" visible="true" version="1" changeset="75389501" timestamp="2019-10-07T18:17:28Z" user="teixeirista" uid="10061199">
  <nd ref="6535781129"/>
  <nd ref="6858649253"/>
  <nd ref="6858649252"/>
  <nd ref="6578861311"/>
  <nd ref="6535781129"/>
  <tag k="building" v="university"/>
 </way>
 <way id="732434060" visible="true" version="1" changeset="75389501" timestamp="2019-10-07T18:17:28Z" user="teixeirista" uid="10061199">
  <nd ref="6578861318"/>
  <nd ref="6578861317"/>
  <nd ref="6578861311"/>
  <nd ref="6535781129"/>
  <nd ref="6578861318"/>
  <tag k="building" v="university"/>
 </way>
 <way id="732434086" visible="true" version="1" changeset="75389501" timestamp="2019-10-07T18:17:28Z" user="teixeirista" uid="10061199">
  <nd ref="6858669634"/>
  <nd ref="6858669635"/>
  <nd ref="6858669636"/>
  <nd ref="6858669637"/>
  <nd ref="6858669634"/>
  <tag k="building" v="university"/>
 </way>
 <way id="732434087" visible="true" version="1" changeset="75389501" timestamp="2019-10-07T18:17:28Z" user="teixeirista" uid="10061199">
  <nd ref="6858669638"/>
  <nd ref="6858669639"/>
  <nd ref="6858669640"/>
  <nd ref="6858669641"/>
  <nd ref="6858669638"/>
  <tag k="building" v="university"/>
 </way>
 <way id="732434088" visible="true" version="1" changeset="75389501" timestamp="2019-10-07T18:17:28Z" user="teixeirista" uid="10061199">
  <nd ref="6858669642"/>
  <nd ref="6858669643"/>
  <nd ref="6858669644"/>
  <nd ref="6858669645"/>
  <nd ref="6858669642"/>
  <tag k="building" v="university"/>
 </way>
 <way id="752672959" visible="true" version="2" changeset="86639739" timestamp="2020-06-15T02:14:01Z" user="CarlosJunior" uid="10537561">
  <nd ref="2868470406"/>
  <nd ref="7033562469"/>
  <nd ref="7033562470"/>
  <nd ref="2868470409"/>
  <nd ref="6532819001"/>
  <nd ref="2868470406"/>
  <tag k="name" v="Praça central da Biblioteca"/>
  <tag k="natural" v="wood"/>
  <tag k="opening_hours" v="24/7"/>
 </way>
 <way id="752672960" visible="true" version="1" changeset="77949218" timestamp="2019-12-04T15:36:59Z" user="peoMoreira" uid="10524392">
  <nd ref="7033562471"/>
  <nd ref="7033562472"/>
  <nd ref="7033562473"/>
  <nd ref="7033562474"/>
  <nd ref="7033562475"/>
  <nd ref="7033562471"/>
  <tag k="leisure" v="park"/>
  <tag k="name" v="Praça do Auditório Central"/>
 </way>
 <way id="752672963" visible="true" version="1" changeset="77949218" timestamp="2019-12-04T15:36:59Z" user="peoMoreira" uid="10524392">
  <nd ref="7033587188"/>
  <nd ref="7033587189"/>
  <nd ref="7033587190"/>
  <nd ref="7033587191"/>
  <nd ref="7033587188"/>
  <tag k="leisure" v="park"/>
  <tag k="name" v="Aréa museu Casa do Sertão"/>
 </way>
 <way id="762998681" visible="true" version="1" changeset="79538856" timestamp="2020-01-14T02:00:29Z" user="Szekha" uid="10236925">
  <nd ref="411824936"/>
  <nd ref="411824912"/>
  <tag k="alt_name" v="Caminho Vinte e Seis"/>
  <tag k="highway" v="residential"/>
  <tag k="name" v="Caminho 26"/>
  <tag k="source" v="Yahoo"/>
 </way>
 <way id="762998682" visible="true" version="1" changeset="79538856" timestamp="2020-01-14T02:00:29Z" user="Szekha" uid="10236925">
  <nd ref="411824940"/>
  <nd ref="411824941"/>
  <tag k="alt_name" v="Caminho Quatro"/>
  <tag k="highway" v="residential"/>
  <tag k="name" v="Caminho 4"/>
  <tag k="source" v="Yahoo"/>
 </way>
 <way id="762998683" visible="true" version="1" changeset="79538856" timestamp="2020-01-14T02:00:29Z" user="Szekha" uid="10236925">
  <nd ref="411824939"/>
  <nd ref="411824940"/>
  <tag k="alt_name" v="Caminho Doze"/>
  <tag k="highway" v="residential"/>
  <tag k="name" v="Caminho 12"/>
  <tag k="source" v="Yahoo"/>
 </way>
 <way id="775236980" visible="true" version="3" changeset="123204528" timestamp="2022-07-04T19:11:48Z" user="AjBelnuovo" uid="1799626">
  <nd ref="411824956"/>
  <nd ref="7233520749"/>
  <nd ref="7232717260"/>
  <nd ref="7232717259"/>
  <nd ref="411824953"/>
  <tag k="access" v="customers"/>
  <tag k="highway" v="service"/>
  <tag k="service" v="driveway"/>
  <tag k="source" v="Yahoo"/>
  <tag k="surface" v="paved"/>
 </way>
 <way id="775236984" visible="true" version="3" changeset="132184134" timestamp="2023-02-07T01:53:34Z" user="Marcos_Itba_Kaart" uid="12689837">
  <nd ref="411824956"/>
  <nd ref="411824943"/>
  <nd ref="9866622623"/>
  <nd ref="9866622625"/>
  <nd ref="9866622624"/>
  <nd ref="9866622626"/>
  <nd ref="9866622627"/>
  <nd ref="411824949"/>
  <tag k="access" v="customers"/>
  <tag k="highway" v="service"/>
  <tag k="source" v="Yahoo"/>
 </way>
 <way id="775236985" visible="true" version="2" changeset="123204528" timestamp="2022-07-04T19:11:48Z" user="AjBelnuovo" uid="1799626">
  <nd ref="411824942"/>
  <nd ref="411824952"/>
  <nd ref="411824943"/>
  <tag k="access" v="customers"/>
  <tag k="highway" v="service"/>
  <tag k="service" v="driveway"/>
  <tag k="source" v="Yahoo"/>
  <tag k="surface" v="paved"/>
 </way>
 <way id="775325730" visible="true" version="3" changeset="121028893" timestamp="2022-05-16T00:57:27Z" user="Fidelis Assis" uid="1675654">
  <nd ref="2517911566"/>
  <nd ref="7233456266"/>
  <nd ref="2517911558"/>
  <nd ref="6535781118"/>
  <nd ref="9742261883"/>
  <nd ref="6532903511"/>
  <nd ref="6532903508"/>
  <nd ref="9742261884"/>
  <nd ref="6532903514"/>
  <nd ref="6532994685"/>
  <nd ref="9742261885"/>
  <nd ref="6533027911"/>
  <nd ref="7232995218"/>
  <nd ref="7232995217"/>
  <nd ref="5258662106"/>
  <nd ref="9742261886"/>
  <nd ref="6722018824"/>
  <nd ref="6554120907"/>
  <nd ref="321184095"/>
  <tag k="highway" v="tertiary"/>
  <tag k="lanes" v="4"/>
  <tag k="name" v="Avenida Transnordestina"/>
  <tag k="oneway" v="no"/>
  <tag k="surface" v="asphalt"/>
 </way>
 <way id="775325731" visible="true" version="2" changeset="91887933" timestamp="2020-10-03T00:55:53Z" user="kaartense" uid="10292935">
  <nd ref="4046308281"/>
  <nd ref="321184108"/>
  <nd ref="6532819021"/>
  <nd ref="7232510471"/>
  <nd ref="7232510465"/>
  <nd ref="2517911566"/>
  <tag k="highway" v="tertiary"/>
  <tag k="lanes" v="4"/>
  <tag k="name" v="Avenida Transnordestina"/>
  <tag k="oneway" v="no"/>
  <tag k="surface" v="asphalt"/>
 </way>
 <way id="775333075" visible="true" version="2" changeset="123204528" timestamp="2022-07-04T19:11:48Z" user="AjBelnuovo" uid="1799626">
  <nd ref="7233520749"/>
  <nd ref="7233520748"/>
  <tag k="access" v="customers"/>
  <tag k="highway" v="service"/>
  <tag k="service" v="parking_aisle"/>
  <tag k="surface" v="paved"/>
 </way>
 <way id="775338334" visible="true" version="1" changeset="81326180" timestamp="2020-02-21T16:53:09Z" user="Weisshorn" uid="10278885">
  <nd ref="7233554345"/>
  <nd ref="6722018833"/>
  <tag k="highway" v="service"/>
 </way>
 <way id="775338335" visible="true" version="1" changeset="81326180" timestamp="2020-02-21T16:53:09Z" user="Weisshorn" uid="10278885">
  <nd ref="5258662107"/>
  <nd ref="6722018832"/>
  <nd ref="7233554343"/>
  <nd ref="7233554345"/>
  <tag k="highway" v="service"/>
 </way>
 <way id="775338336" visible="true" version="2" changeset="172381450" timestamp="2025-09-24T08:40:04Z" user="KawarthaLake" uid="22435626">
  <nd ref="7233554362"/>
  <nd ref="7233554361"/>
  <nd ref="13167217502"/>
  <nd ref="13167211400"/>
  <nd ref="7233554359"/>
  <nd ref="7233554358"/>
  <nd ref="7233554357"/>
  <nd ref="7233554356"/>
  <nd ref="7233554355"/>
  <nd ref="7233554354"/>
  <nd ref="7233554353"/>
  <nd ref="7233554352"/>
  <nd ref="7233554360"/>
  <tag k="highway" v="service"/>
 </way>
 <way id="838533590" visible="true" version="1" changeset="89631779" timestamp="2020-08-19T11:43:55Z" user="Metuje" uid="10888604">
  <nd ref="6533128661"/>
  <nd ref="6533128655"/>
  <nd ref="6533128652"/>
  <tag k="highway" v="footway"/>
 </way>
 <way id="838533591" visible="true" version="1" changeset="89631779" timestamp="2020-08-19T11:43:55Z" user="Metuje" uid="10888604">
  <nd ref="6533130185"/>
  <nd ref="6533128674"/>
  <tag k="highway" v="footway"/>
 </way>
 <way id="838533592" visible="true" version="1" changeset="89631779" timestamp="2020-08-19T11:43:55Z" user="Metuje" uid="10888604">
  <nd ref="6533128667"/>
  <nd ref="6533128653"/>
  <tag k="highway" v="footway"/>
 </way>
 <way id="838533593" visible="true" version="1" changeset="89631779" timestamp="2020-08-19T11:43:55Z" user="Metuje" uid="10888604">
  <nd ref="6533128674"/>
  <nd ref="6533128656"/>
  <tag k="highway" v="footway"/>
 </way>
 <way id="838533594" visible="true" version="1" changeset="89631779" timestamp="2020-08-19T11:43:55Z" user="Metuje" uid="10888604">
  <nd ref="6533128673"/>
  <nd ref="6533128674"/>
  <tag k="highway" v="footway"/>
 </way>
 <way id="838533595" visible="true" version="1" changeset="89631779" timestamp="2020-08-19T11:43:55Z" user="Metuje" uid="10888604">
  <nd ref="6533128663"/>
  <nd ref="6533128664"/>
  <tag k="highway" v="footway"/>
 </way>
 <way id="838533596" visible="true" version="1" changeset="89631779" timestamp="2020-08-19T11:43:55Z" user="Metuje" uid="10888604">
  <nd ref="6533128662"/>
  <nd ref="6533128663"/>
  <tag k="highway" v="footway"/>
 </way>
 <way id="838533597" visible="true" version="1" changeset="89631779" timestamp="2020-08-19T11:43:55Z" user="Metuje" uid="10888604">
  <nd ref="6533128664"/>
  <nd ref="6533128665"/>
  <tag k="highway" v="footway"/>
 </way>
 <way id="838533598" visible="true" version="1" changeset="89631779" timestamp="2020-08-19T11:43:55Z" user="Metuje" uid="10888604">
  <nd ref="6533128665"/>
  <nd ref="6533128666"/>
  <nd ref="6533128663"/>
  <tag k="highway" v="footway"/>
 </way>
 <way id="838533599" visible="true" version="1" changeset="89631779" timestamp="2020-08-19T11:43:55Z" user="Metuje" uid="10888604">
  <nd ref="6533128654"/>
  <nd ref="6533128655"/>
  <tag k="highway" v="footway"/>
 </way>
 <way id="838533600" visible="true" version="1" changeset="89631779" timestamp="2020-08-19T11:43:55Z" user="Metuje" uid="10888604">
  <nd ref="6533128653"/>
  <nd ref="6533128654"/>
  <tag k="highway" v="footway"/>
 </way>
 <way id="838533601" visible="true" version="1" changeset="89631779" timestamp="2020-08-19T11:43:55Z" user="Metuje" uid="10888604">
  <nd ref="6533128669"/>
  <nd ref="6533130188"/>
  <tag k="highway" v="footway"/>
 </way>
 <way id="838533602" visible="true" version="1" changeset="89631779" timestamp="2020-08-19T11:43:55Z" user="Metuje" uid="10888604">
  <nd ref="6533128653"/>
  <nd ref="6533128669"/>
  <tag k="highway" v="footway"/>
 </way>
 <way id="838533603" visible="true" version="1" changeset="89631779" timestamp="2020-08-19T11:43:55Z" user="Metuje" uid="10888604">
  <nd ref="6533128668"/>
  <nd ref="6533128666"/>
  <tag k="highway" v="footway"/>
 </way>
 <way id="838533604" visible="true" version="1" changeset="89631779" timestamp="2020-08-19T11:43:55Z" user="Metuje" uid="10888604">
  <nd ref="6533128658"/>
  <nd ref="6533128668"/>
  <tag k="highway" v="footway"/>
 </way>
 <way id="838533605" visible="true" version="1" changeset="89631779" timestamp="2020-08-19T11:43:55Z" user="Metuje" uid="10888604">
  <nd ref="6533128659"/>
  <nd ref="6533128656"/>
  <tag k="highway" v="footway"/>
 </way>
 <way id="838533606" visible="true" version="1" changeset="89631779" timestamp="2020-08-19T11:43:55Z" user="Metuje" uid="10888604">
  <nd ref="6533128658"/>
  <nd ref="6533128659"/>
  <tag k="highway" v="footway"/>
 </way>
 <way id="838533607" visible="true" version="1" changeset="89631779" timestamp="2020-08-19T11:43:55Z" user="Metuje" uid="10888604">
  <nd ref="6533128656"/>
  <nd ref="6533128657"/>
  <tag k="highway" v="footway"/>
 </way>
 <way id="838533608" visible="true" version="1" changeset="89631779" timestamp="2020-08-19T11:43:55Z" user="Metuje" uid="10888604">
  <nd ref="6533128652"/>
  <nd ref="6533128667"/>
  <tag k="highway" v="footway"/>
 </way>
 <way id="838533609" visible="true" version="1" changeset="89631779" timestamp="2020-08-19T11:43:55Z" user="Metuje" uid="10888604">
  <nd ref="6533128659"/>
  <nd ref="6533128660"/>
  <nd ref="6533128661"/>
  <tag k="highway" v="footway"/>
 </way>
 <way id="838533610" visible="true" version="1" changeset="89631779" timestamp="2020-08-19T11:43:55Z" user="Metuje" uid="10888604">
  <nd ref="6533128652"/>
  <nd ref="6533128659"/>
  <tag k="highway" v="footway"/>
 </way>
 <way id="900150574" visible="true" version="2" changeset="123204388" timestamp="2022-07-04T19:06:35Z" user="AjBelnuovo" uid="1799626">
  <nd ref="8362650668"/>
  <nd ref="8362650667"/>
  <tag k="highway" v="service"/>
 </way>
 <way id="925874075" visible="true" version="2" changeset="123204388" timestamp="2022-07-04T19:06:35Z" user="AjBelnuovo" uid="1799626">
  <nd ref="8592420480"/>
  <nd ref="8592420479"/>
  <nd ref="8592420478"/>
  <nd ref="8592420482"/>
  <nd ref="8592420477"/>
  <nd ref="8592420476"/>
  <nd ref="8592420475"/>
  <nd ref="8592420474"/>
  <nd ref="8592420473"/>
  <nd ref="8592420472"/>
  <nd ref="8592420481"/>
  <nd ref="8592420471"/>
  <nd ref="8592420470"/>
  <tag k="highway" v="service"/>
 </way>
 <way id="1060373067" visible="true" version="10" changeset="179154988" timestamp="2026-02-28T01:23:21Z" user="Pedro Souza Costa" uid="21298810">
  <nd ref="6686064783"/>
  <nd ref="6686064787"/>
  <nd ref="6686064784"/>
  <nd ref="6686064785"/>
  <nd ref="6686064797"/>
  <nd ref="411042215"/>
  <nd ref="10677208930"/>
  <nd ref="10677208928"/>
  <nd ref="411042242"/>
  <nd ref="7232875938"/>
  <nd ref="411042249"/>
  <nd ref="6686064809"/>
  <nd ref="6686293630"/>
  <nd ref="321184016"/>
  <nd ref="6686293635"/>
  <nd ref="6686293638"/>
  <nd ref="7667947869"/>
  <nd ref="9735915884"/>
  <nd ref="11028912726"/>
  <tag k="alt_name" v="Rodovia Santos Dumont"/>
  <tag k="highway" v="trunk"/>
  <tag k="maxspeed" v="80"/>
  <tag k="name" v="Avenida Transnordestina"/>
  <tag k="oneway" v="yes"/>
  <tag k="ref" v="BR-116"/>
  <tag k="surface" v="paved"/>
  <tag k="wikipedia" v="pt:BR-116"/>
 </way>
 <way id="1075854340" visible="true" version="1" changeset="123204528" timestamp="2022-07-04T19:11:48Z" user="AjBelnuovo" uid="1799626">
  <nd ref="9866609876"/>
  <nd ref="9866609877"/>
  <nd ref="9866609878"/>
  <nd ref="9866609879"/>
  <nd ref="9866609880"/>
  <nd ref="9866609881"/>
  <nd ref="9866609882"/>
  <nd ref="9866609883"/>
  <nd ref="9866609884"/>
  <nd ref="9866609885"/>
  <nd ref="9866609886"/>
  <nd ref="9866609887"/>
  <nd ref="9866609888"/>
  <nd ref="9866609889"/>
  <nd ref="9866609890"/>
  <nd ref="9866609891"/>
  <nd ref="9866609892"/>
  <nd ref="9866609893"/>
  <nd ref="9866609894"/>
  <nd ref="9866609876"/>
  <tag k="leisure" v="track"/>
  <tag k="sport" v="running"/>
 </way>
 <way id="1075854341" visible="true" version="1" changeset="123204528" timestamp="2022-07-04T19:11:48Z" user="AjBelnuovo" uid="1799626">
  <nd ref="9866609895"/>
  <nd ref="9866609896"/>
  <nd ref="9866609897"/>
  <nd ref="9866609898"/>
  <nd ref="9866609895"/>
  <tag k="leisure" v="swimming_pool"/>
 </way>
 <way id="1075854342" visible="true" version="1" changeset="123204528" timestamp="2022-07-04T19:11:48Z" user="AjBelnuovo" uid="1799626">
  <nd ref="9866609899"/>
  <nd ref="9866609900"/>
  <nd ref="9866609901"/>
  <nd ref="9866609902"/>
  <nd ref="9866609899"/>
  <tag k="aeroway" v="helipad"/>
 </way>
 <way id="1075854343" visible="true" version="1" changeset="123204528" timestamp="2022-07-04T19:11:48Z" user="AjBelnuovo" uid="1799626">
  <nd ref="9866609903"/>
  <nd ref="9866609904"/>
  <nd ref="9866609905"/>
  <nd ref="9866609906"/>
  <nd ref="9866609903"/>
  <tag k="building" v="yes"/>
 </way>
 <way id="1075854344" visible="true" version="1" changeset="123204528" timestamp="2022-07-04T19:11:48Z" user="AjBelnuovo" uid="1799626">
  <nd ref="9866609907"/>
  <nd ref="9866609908"/>
  <nd ref="9866609909"/>
  <nd ref="9866609910"/>
  <nd ref="9866609907"/>
  <tag k="building" v="yes"/>
 </way>
 <way id="1075854345" visible="true" version="1" changeset="123204528" timestamp="2022-07-04T19:11:48Z" user="AjBelnuovo" uid="1799626">
  <nd ref="9866609911"/>
  <nd ref="9866609912"/>
  <nd ref="9866609913"/>
  <nd ref="9866609914"/>
  <nd ref="9866609911"/>
  <tag k="building" v="yes"/>
 </way>
 <way id="1075854346" visible="true" version="1" changeset="123204528" timestamp="2022-07-04T19:11:48Z" user="AjBelnuovo" uid="1799626">
  <nd ref="9866609915"/>
  <nd ref="9866609916"/>
  <nd ref="9866622617"/>
  <nd ref="9866622618"/>
  <nd ref="9866609915"/>
  <tag k="building" v="yes"/>
 </way>
 <way id="1075854347" visible="true" version="1" changeset="123204528" timestamp="2022-07-04T19:11:48Z" user="AjBelnuovo" uid="1799626">
  <nd ref="9866622619"/>
  <nd ref="9866622620"/>
  <nd ref="9866622621"/>
  <nd ref="9866622622"/>
  <nd ref="9866622619"/>
  <tag k="building" v="yes"/>
 </way>
 <way id="1075854348" visible="true" version="1" changeset="123204528" timestamp="2022-07-04T19:11:48Z" user="AjBelnuovo" uid="1799626">
  <nd ref="9866622628"/>
  <nd ref="9866622629"/>
  <nd ref="9866622630"/>
  <nd ref="9866622631"/>
  <nd ref="9866622628"/>
  <tag k="building" v="yes"/>
 </way>
 <way id="1176278897" visible="true" version="1" changeset="136587901" timestamp="2023-05-26T13:21:14Z" user="eusoudecristo" uid="19392575">
  <nd ref="10929109952"/>
  <nd ref="10929109953"/>
  <nd ref="10929109954"/>
  <nd ref="10929109959"/>
  <nd ref="10929109955"/>
  <nd ref="10929109952"/>
  <tag k="building" v="yes"/>
  <tag k="leisure" v="fitness_centre"/>
  <tag k="name" v="PHORTE FITNESS"/>
 </way>
 <way id="1176278898" visible="true" version="1" changeset="136587901" timestamp="2023-05-26T13:21:14Z" user="eusoudecristo" uid="19392575">
  <nd ref="10929109956"/>
  <nd ref="10929109954"/>
  <nd ref="10929109959"/>
  <nd ref="10929109955"/>
  <nd ref="10929109957"/>
  <nd ref="10929109958"/>
  <nd ref="10929109956"/>
  <tag k="amenity" v="place_of_worship"/>
  <tag k="building" v="yes"/>
  <tag k="name" v="IGREJA DA FÉ EM JESUS CRISTO"/>
  <tag k="religion" v="christian"/>
 </way>
 <way id="1181711330" visible="true" version="2" changeset="138169001" timestamp="2023-07-06T02:52:11Z" user="LaurentianPlateau" uid="15994207">
  <nd ref="11028912718"/>
  <nd ref="10973317568"/>
  <nd ref="10973317567"/>
  <nd ref="10973317566"/>
  <nd ref="10973317565"/>
  <nd ref="10973317564"/>
  <nd ref="10973317569"/>
  <tag k="highway" v="residential"/>
  <tag k="name" v="Rua Josias Rodrigues Sampaio"/>
  <tag k="oneway" v="yes"/>
  <tag k="surface" v="unpaved"/>
 </way>
 <way id="1181711332" visible="true" version="1" changeset="137274041" timestamp="2023-06-13T08:04:06Z" user="Solheimajokull" uid="10334725">
  <nd ref="10973317569"/>
  <nd ref="10973317576"/>
  <nd ref="10973317575"/>
  <nd ref="10973317574"/>
  <nd ref="10973317573"/>
  <nd ref="10973317572"/>
  <nd ref="10973317571"/>
  <nd ref="6686323091"/>
  <tag k="highway" v="residential"/>
  <tag k="name" v="Rua Josias Rodrigues Sampaio"/>
  <tag k="oneway" v="yes"/>
  <tag k="surface" v="unpaved"/>
 </way>
 <way id="1181711333" visible="true" version="1" changeset="137274041" timestamp="2023-06-13T08:04:06Z" user="Solheimajokull" uid="10334725">
  <nd ref="415408096"/>
  <nd ref="10973317563"/>
  <nd ref="10973317577"/>
  <nd ref="4046494759"/>
  <nd ref="415408095"/>
  <nd ref="4953935102"/>
  <nd ref="4046494763"/>
  <nd ref="7238613585"/>
  <nd ref="411042315"/>
  <tag k="highway" v="residential"/>
  <tag k="name" v="Rua Josias Rodrigues Sampaio"/>
  <tag k="oneway" v="yes"/>
  <tag k="surface" v="unpaved"/>
 </way>
 <way id="1187730702" visible="true" version="4" changeset="158640116" timestamp="2024-11-01T22:55:51Z" user="Pedro Souza Costa" uid="21298810">
  <nd ref="321184119"/>
  <nd ref="321184079"/>
  <tag k="highway" v="trunk_link"/>
  <tag k="oneway" v="yes"/>
 </way>
 <way id="1187730709" visible="true" version="9" changeset="179154988" timestamp="2026-02-28T01:23:21Z" user="Pedro Souza Costa" uid="21298810">
  <nd ref="11028912726"/>
  <nd ref="4939496801"/>
  <nd ref="321184080"/>
  <nd ref="6686293671"/>
  <nd ref="7232545385"/>
  <nd ref="7232510484"/>
  <nd ref="321184081"/>
  <nd ref="6686293669"/>
  <nd ref="321184082"/>
  <tag k="alt_name" v="Rodovia Santos Dumont"/>
  <tag k="highway" v="trunk"/>
  <tag k="maxspeed" v="80"/>
  <tag k="name" v="Avenida Transnordestina"/>
  <tag k="oneway" v="yes"/>
  <tag k="ref" v="BR-116"/>
  <tag k="surface" v="paved"/>
  <tag k="wikipedia" v="pt:BR-116"/>
 </way>
 <way id="1187730712" visible="true" version="4" changeset="158640116" timestamp="2024-11-01T22:55:51Z" user="Pedro Souza Costa" uid="21298810">
  <nd ref="9735915884"/>
  <nd ref="11028912723"/>
  <nd ref="11028912727"/>
  <nd ref="11028912722"/>
  <nd ref="11028912721"/>
  <nd ref="11028912720"/>
  <nd ref="11028912719"/>
  <nd ref="11028912725"/>
  <nd ref="11028912718"/>
  <nd ref="11028912717"/>
  <nd ref="11028912716"/>
  <nd ref="11028912715"/>
  <nd ref="11028912714"/>
  <nd ref="11028912713"/>
  <nd ref="11028912712"/>
  <nd ref="11028912711"/>
  <nd ref="9866609512"/>
  <nd ref="11028912710"/>
  <nd ref="6686323140"/>
  <nd ref="9735980250"/>
  <tag k="highway" v="trunk_link"/>
  <tag k="oneway" v="yes"/>
 </way>
 <way id="1189105413" visible="true" version="2" changeset="138412432" timestamp="2023-07-12T08:52:15Z" user="LaurentianPlateau" uid="15994207">
  <nd ref="411042249"/>
  <nd ref="411042250"/>
  <nd ref="6686064811"/>
  <nd ref="4046458099"/>
  <nd ref="411042263"/>
  <nd ref="411042290"/>
  <nd ref="8362650668"/>
  <nd ref="7239217428"/>
  <nd ref="415408107"/>
  <nd ref="6686323087"/>
  <nd ref="411042251"/>
  <nd ref="11041901692"/>
  <nd ref="6686323092"/>
  <tag k="highway" v="residential"/>
  <tag k="name" v="Avenida Rubens Francisco Dias"/>
  <tag k="source" v="Yahoo"/>
 </way>
 <way id="1223342023" visible="true" version="1" changeset="143990292" timestamp="2023-11-13T23:50:30Z" user="Bruno Manoel Lôbo Soares" uid="14154920">
  <nd ref="11347456796"/>
  <nd ref="11347456797"/>
  <nd ref="11347456798"/>
  <nd ref="11347456799"/>
  <nd ref="11347456796"/>
  <tag k="leisure" v="pitch"/>
  <tag k="name" v="Campinho das Mangueiras"/>
  <tag k="sport" v="soccer"/>
 </way>
 <way id="1270049808" visible="true" version="1" changeset="149613790" timestamp="2024-04-05T12:54:25Z" user="AzuisRiver" uid="16547666">
  <nd ref="11792767625"/>
  <nd ref="11792767623"/>
  <nd ref="11792767624"/>
  <tag k="highway" v="service"/>
 </way>
 <way id="1300955529" visible="true" version="7" changeset="179154988" timestamp="2026-02-28T01:23:21Z" user="Pedro Souza Costa" uid="21298810">
  <nd ref="11028912708"/>
  <nd ref="11028912709"/>
  <nd ref="7232545391"/>
  <nd ref="7232545387"/>
  <nd ref="6686293659"/>
  <nd ref="321184050"/>
  <nd ref="7232545390"/>
  <nd ref="7667947868"/>
  <nd ref="6686293667"/>
  <tag k="alt_name" v="Rodovia Santos Dumont"/>
  <tag k="highway" v="trunk"/>
  <tag k="maxspeed" v="80"/>
  <tag k="name" v="Avenida Transnordestina"/>
  <tag k="oneway" v="yes"/>
  <tag k="ref" v="BR-116"/>
  <tag k="surface" v="paved"/>
  <tag k="wikipedia" v="pt:BR-116"/>
 </way>
 <way id="1316556245" visible="true" version="4" changeset="158640116" timestamp="2024-11-01T22:55:51Z" user="Pedro Souza Costa" uid="21298810">
  <nd ref="411824844"/>
  <nd ref="411824831"/>
  <tag k="highway" v="trunk_link"/>
  <tag k="oneway" v="yes"/>
 </way>
 <way id="1432500375" visible="true" version="1" changeset="172381187" timestamp="2025-09-24T08:33:30Z" user="KawarthaLake" uid="22435626">
  <nd ref="13167211090"/>
  <nd ref="6533130190"/>
  <tag k="highway" v="service"/>
 </way>
 <way id="1432500376" visible="true" version="1" changeset="172381187" timestamp="2025-09-24T08:33:30Z" user="KawarthaLake" uid="22435626">
  <nd ref="6532903510"/>
  <nd ref="13167211091"/>
  <nd ref="13167211092"/>
  <nd ref="13167211093"/>
  <nd ref="13167211089"/>
  <nd ref="13167211094"/>
  <nd ref="13167211096"/>
  <nd ref="13167211095"/>
  <nd ref="6533130190"/>
  <tag k="highway" v="footway"/>
 </way>
 <way id="1432500379" visible="true" version="1" changeset="172381187" timestamp="2025-09-24T08:33:30Z" user="KawarthaLake" uid="22435626">
  <nd ref="13167211822"/>
  <nd ref="13167211821"/>
  <nd ref="13167211820"/>
  <nd ref="13167211819"/>
  <nd ref="13167211818"/>
  <nd ref="13167211817"/>
  <nd ref="13167211816"/>
  <nd ref="13167211815"/>
  <nd ref="13167211814"/>
  <nd ref="13167211801"/>
  <nd ref="13167211813"/>
  <nd ref="13167211812"/>
  <nd ref="13167211811"/>
  <nd ref="13167211810"/>
  <nd ref="13167211809"/>
  <nd ref="13167211808"/>
  <nd ref="13167211807"/>
  <nd ref="13167211806"/>
  <nd ref="13167211805"/>
  <nd ref="13167211804"/>
  <tag k="highway" v="footway"/>
 </way>
 <way id="1432500380" visible="true" version="1" changeset="172381187" timestamp="2025-09-24T08:33:30Z" user="KawarthaLake" uid="22435626">
  <nd ref="13167211837"/>
  <nd ref="13167211836"/>
  <nd ref="13167211835"/>
  <nd ref="13167211834"/>
  <nd ref="13167211833"/>
  <nd ref="13167211832"/>
  <nd ref="13167211831"/>
  <nd ref="13167211830"/>
  <nd ref="13167211829"/>
  <nd ref="13167211828"/>
  <nd ref="13167211827"/>
  <nd ref="13167211826"/>
  <nd ref="13167211825"/>
  <nd ref="13167211824"/>
  <nd ref="13167211823"/>
  <nd ref="6532903506"/>
  <tag k="highway" v="footway"/>
 </way>
 <way id="1432500381" visible="true" version="1" changeset="172381187" timestamp="2025-09-24T08:33:30Z" user="KawarthaLake" uid="22435626">
  <nd ref="13167211854"/>
  <nd ref="13167211853"/>
  <nd ref="13167211852"/>
  <nd ref="13167211851"/>
  <nd ref="13167211850"/>
  <nd ref="13167211849"/>
  <nd ref="13167211848"/>
  <nd ref="13167211847"/>
  <nd ref="13167211846"/>
  <nd ref="13167211845"/>
  <nd ref="13167211844"/>
  <nd ref="13167211843"/>
  <nd ref="13167211842"/>
  <nd ref="13167211841"/>
  <nd ref="13167211840"/>
  <nd ref="13167211839"/>
  <nd ref="13167211838"/>
  <tag k="highway" v="footway"/>
 </way>
 <way id="1432501352" visible="true" version="2" changeset="172417069" timestamp="2025-09-25T01:10:48Z" user="KawarthaLake" uid="22435626">
  <nd ref="13167211379"/>
  <nd ref="13167211378"/>
  <tag k="highway" v="service"/>
 </way>
 <way id="1432501353" visible="true" version="2" changeset="172417069" timestamp="2025-09-25T01:10:48Z" user="KawarthaLake" uid="22435626">
  <nd ref="13167211381"/>
  <nd ref="13167211380"/>
  <tag k="highway" v="service"/>
 </way>
 <way id="1432501354" visible="true" version="2" changeset="172417069" timestamp="2025-09-25T01:10:48Z" user="KawarthaLake" uid="22435626">
  <nd ref="13167211384"/>
  <nd ref="13167211383"/>
  <tag k="highway" v="service"/>
 </way>
 <way id="1432501355" visible="true" version="2" changeset="172417069" timestamp="2025-09-25T01:10:48Z" user="KawarthaLake" uid="22435626">
  <nd ref="13167211391"/>
  <nd ref="13168573534"/>
  <nd ref="13167211390"/>
  <nd ref="13167211382"/>
  <nd ref="13167211389"/>
  <nd ref="13167211383"/>
  <nd ref="13167211388"/>
  <nd ref="13167211387"/>
  <nd ref="13167211386"/>
  <nd ref="13167211385"/>
  <tag k="highway" v="service"/>
 </way>
 <way id="1432501356" visible="true" version="2" changeset="172417069" timestamp="2025-09-25T01:10:48Z" user="KawarthaLake" uid="22435626">
  <nd ref="13167211399"/>
  <nd ref="13167211398"/>
  <nd ref="13167211397"/>
  <nd ref="13167211396"/>
  <nd ref="13167211395"/>
  <nd ref="13167211394"/>
  <nd ref="13167211393"/>
  <nd ref="13167211392"/>
  <tag k="highway" v="service"/>
 </way>
 <way id="1432501357" visible="true" version="1" changeset="172381450" timestamp="2025-09-24T08:40:04Z" user="KawarthaLake" uid="22435626">
  <nd ref="13167217501"/>
  <nd ref="13167211400"/>
  <tag k="highway" v="service"/>
 </way>
 <way id="1432501358" visible="true" version="1" changeset="172381450" timestamp="2025-09-24T08:40:04Z" user="KawarthaLake" uid="22435626">
  <nd ref="13167217503"/>
  <nd ref="13167217502"/>
  <tag k="highway" v="service"/>
 </way>
 <way id="1432501360" visible="true" version="2" changeset="172417069" timestamp="2025-09-25T01:10:48Z" user="KawarthaLake" uid="22435626">
  <nd ref="13167217507"/>
  <nd ref="13167217506"/>
  <tag k="highway" v="service"/>
 </way>
 <way id="1432666684" visible="true" version="1" changeset="172417069" timestamp="2025-09-25T01:10:48Z" user="KawarthaLake" uid="22435626">
  <nd ref="13167217504"/>
  <nd ref="13168573533"/>
  <tag k="highway" v="service"/>
 </way>
 <way id="1455751404" visible="true" version="1" changeset="175443599" timestamp="2025-12-03T12:01:27Z" user="Laiane Rabelo" uid="23573797">
  <nd ref="13351172906"/>
  <nd ref="13351172907"/>
  <nd ref="13351172908"/>
  <nd ref="13351172909"/>
  <nd ref="13351172910"/>
  <tag k="access" v="permit"/>
  <tag k="bicycle" v="yes"/>
  <tag k="foot" v="yes"/>
  <tag k="highway" v="path"/>
  <tag k="informal" v="yes"/>
  <tag k="motor_vehicle" v="no"/>
  <tag k="surface" v="ground"/>
 </way>
 <relation id="147400" visible="true" version="264" changeset="170340294" timestamp="2025-08-12T12:43:32Z" user="Bem Mapas" uid="15704337">
  <member type="way" ref="385850366" role=""/>
  <member type="way" ref="385850370" role=""/>
  <member type="way" ref="685317697" role=""/>
  <member type="way" ref="791626503" role=""/>
  <member type="way" ref="685317698" role=""/>
  <member type="way" ref="582044510" role=""/>
  <member type="way" ref="59287907" role=""/>
  <member type="way" ref="59287907" role="forward"/>
  <member type="way" ref="778557022" role="forward"/>
  <member type="way" ref="176246006" role="forward"/>
  <member type="way" ref="359614704" role="forward"/>
  <member type="way" ref="660349464" role="forward"/>
  <member type="way" ref="980666898" role="forward"/>
  <member type="way" ref="796685181" role="forward"/>
  <member type="way" ref="980666899" role="forward"/>
  <member type="way" ref="980666900" role="forward"/>
  <member type="way" ref="980666901" role="forward"/>
  <member type="way" ref="980666902" role="forward"/>
  <member type="way" ref="439251490" role="forward"/>
  <member type="way" ref="399515693" role="forward"/>
  <member type="way" ref="359614671" role="forward"/>
  <member type="way" ref="981021756" role="forward"/>
  <member type="way" ref="778559816" role="forward"/>
  <member type="way" ref="814319448" role="forward"/>
  <member type="way" ref="814319449" role="forward"/>
  <member type="way" ref="175681768" role="forward"/>
  <member type="way" ref="415843262" role="forward"/>
  <member type="way" ref="809851224" role="forward"/>
  <member type="way" ref="1088623206" role="forward"/>
  <member type="way" ref="441538105" role="forward"/>
  <member type="way" ref="1081748526" role="forward"/>
  <member type="way" ref="1081144893" role="forward"/>
  <member type="way" ref="1081748515" role="forward"/>
  <member type="way" ref="951581340" role="forward"/>
  <member type="way" ref="796662278" role="forward"/>
  <member type="way" ref="298218874" role="forward"/>
  <member type="way" ref="288230232" role="forward"/>
  <member type="way" ref="175681771" role="forward"/>
  <member type="way" ref="288230233" role="forward"/>
  <member type="way" ref="90831886" role="forward"/>
  <member type="way" ref="90831907" role="forward"/>
  <member type="way" ref="155605404" role="forward"/>
  <member type="way" ref="155605406" role="forward"/>
  <member type="way" ref="188071577" role="forward"/>
  <member type="way" ref="980706684" role="forward"/>
  <member type="way" ref="980706683" role="forward"/>
  <member type="way" ref="980706681" role="forward"/>
  <member type="way" ref="980706680" role="forward"/>
  <member type="way" ref="979417638" role="forward"/>
  <member type="way" ref="979417637" role="forward"/>
  <member type="way" ref="980710825" role="forward"/>
  <member type="way" ref="980710824" role="forward"/>
  <member type="way" ref="980711194" role="forward"/>
  <member type="way" ref="980711193" role="forward"/>
  <member type="way" ref="463689436" role="forward"/>
  <member type="way" ref="980716906" role="forward"/>
  <member type="way" ref="980716905" role="forward"/>
  <member type="way" ref="710507741" role="forward"/>
  <member type="way" ref="1247198783" role="forward"/>
  <member type="way" ref="1247198782" role="forward"/>
  <member type="way" ref="555796526" role="forward"/>
  <member type="way" ref="980982373" role="forward"/>
  <member type="way" ref="980982372" role="forward"/>
  <member type="way" ref="284456893" role="forward"/>
  <member type="way" ref="188071576" role="forward"/>
  <member type="way" ref="707882770" role="forward"/>
  <member type="way" ref="970701380" role="forward"/>
  <member type="way" ref="740523602" role="forward"/>
  <member type="way" ref="740523601" role="forward"/>
  <member type="way" ref="1000547399" role="forward"/>
  <member type="way" ref="970701381" role="forward"/>
  <member type="way" ref="1150581323" role="forward"/>
  <member type="way" ref="29200655" role="forward"/>
  <member type="way" ref="1040575033" role="forward"/>
  <member type="way" ref="1061789471" role="forward"/>
  <member type="way" ref="298218875" role="forward"/>
  <member type="way" ref="386699912" role="forward"/>
  <member type="way" ref="593103304" role="forward"/>
  <member type="way" ref="744500317" role="forward"/>
  <member type="way" ref="593103305" role="forward"/>
  <member type="way" ref="744500318" role="forward"/>
  <member type="way" ref="413749271" role="forward"/>
  <member type="way" ref="413749272" role="forward"/>
  <member type="way" ref="920724367" role=""/>
  <member type="way" ref="920724366" role=""/>
  <member type="way" ref="727611652" role="forward"/>
  <member type="way" ref="920724371" role=""/>
  <member type="way" ref="920724370" role=""/>
  <member type="way" ref="727611653" role="forward"/>
  <member type="way" ref="299950512" role="forward"/>
  <member type="way" ref="299950510" role="forward"/>
  <member type="way" ref="828725076" role="forward"/>
  <member type="way" ref="828725075" role="forward"/>
  <member type="way" ref="727611654" role="forward"/>
  <member type="way" ref="1058399368" role="forward"/>
  <member type="way" ref="1058399357" role="forward"/>
  <member type="way" ref="740523597" role="forward"/>
  <member type="way" ref="593115530" role="forward"/>
  <member type="way" ref="744500022" role="forward"/>
  <member type="way" ref="593115529" role="forward"/>
  <member type="way" ref="744500021" role="forward"/>
  <member type="way" ref="980700254" role="forward"/>
  <member type="way" ref="304268888" role="forward"/>
  <member type="way" ref="304268899" role="forward"/>
  <member type="way" ref="29199374" role="forward"/>
  <member type="way" ref="29199475" role="forward"/>
  <member type="way" ref="298218870" role="forward"/>
  <member type="way" ref="386699909" role=""/>
  <member type="way" ref="828142453" role=""/>
  <member type="way" ref="828142454" role=""/>
  <member type="way" ref="828141322" role=""/>
  <member type="way" ref="1062338420" role=""/>
  <member type="way" ref="1062338421" role=""/>
  <member type="way" ref="828141321" role=""/>
  <member type="way" ref="371399090" role=""/>
  <member type="way" ref="371399878" role=""/>
  <member type="way" ref="1061789466" role=""/>
  <member type="way" ref="1061789465" role=""/>
  <member type="way" ref="1061789464" role=""/>
  <member type="way" ref="29199378" role=""/>
  <member type="way" ref="828140819" role=""/>
  <member type="way" ref="1061789463" role=""/>
  <member type="way" ref="1061789462" role=""/>
  <member type="way" ref="828140820" role=""/>
  <member type="way" ref="828140821" role=""/>
  <member type="way" ref="828140822" role=""/>
  <member type="way" ref="828140823" role=""/>
  <member type="way" ref="29199422" role="forward"/>
  <member type="way" ref="774998761" role="forward"/>
  <member type="way" ref="292953575" role=""/>
  <member type="way" ref="1060373065" role=""/>
  <member type="way" ref="1060373061" role=""/>
  <member type="way" ref="1050019291" role=""/>
  <member type="way" ref="1050019290" role=""/>
  <member type="way" ref="1050019292" role=""/>
  <member type="way" ref="1060373064" role="forward"/>
  <member type="way" ref="29199421" role="forward"/>
  <member type="way" ref="990935883" role="forward"/>
  <member type="way" ref="990935887" role="forward"/>
  <member type="way" ref="1060373067" role="forward"/>
  <member type="way" ref="278263770" role="forward"/>
  <member type="way" ref="464638697" role=""/>
  <member type="way" ref="464638700" role=""/>
  <member type="way" ref="949304316" role=""/>
  <member type="way" ref="949304317" role=""/>
  <member type="way" ref="949304315" role=""/>
  <member type="way" ref="1059913612" role=""/>
  <member type="way" ref="29199233" role=""/>
  <member type="way" ref="1059691934" role=""/>
  <member type="way" ref="1075859220" role=""/>
  <member type="way" ref="1187730711" role="forward"/>
  <member type="way" ref="1187730710" role="forward"/>
  <member type="way" ref="1187730707" role="forward"/>
  <member type="way" ref="1187730706" role="forward"/>
  <member type="way" ref="1300955529" role="forward"/>
  <member type="way" ref="29199446" role="forward"/>
  <member type="way" ref="990935884" role="forward"/>
  <member type="way" ref="278263773" role="forward"/>
  <member type="way" ref="278263781" role="forward"/>
  <member type="way" ref="1060373060" role="forward"/>
  <member type="way" ref="278263778" role="forward"/>
  <member type="way" ref="278263783" role="forward"/>
  <member type="way" ref="990935885" role="forward"/>
  <member type="way" ref="514050796" role=""/>
  <member type="way" ref="464638699" role=""/>
  <member type="way" ref="1232672592" role=""/>
  <member type="way" ref="1296711113" role=""/>
  <member type="way" ref="1296711114" role=""/>
  <member type="way" ref="707878790" role=""/>
  <member type="way" ref="742326956" role=""/>
  <member type="way" ref="742326957" role=""/>
  <member type="way" ref="380271624" role=""/>
  <member type="way" ref="1232672591" role=""/>
  <member type="way" ref="711935230" role=""/>
  <member type="way" ref="1232672590" role=""/>
  <member type="way" ref="711935231" role=""/>
  <member type="way" ref="794285180" role=""/>
  <member type="way" ref="794285181" role=""/>
  <member type="way" ref="304124380" role=""/>
  <member type="way" ref="304124379" role=""/>
  <member type="way" ref="505143313" role=""/>
  <member type="way" ref="505143314" role=""/>
  <member type="way" ref="1232672588" role=""/>
  <member type="way" ref="1232672587" role=""/>
  <member type="way" ref="827517611" role=""/>
  <member type="way" ref="827517612" role=""/>
  <member type="way" ref="827517613" role=""/>
  <member type="way" ref="827517614" role=""/>
  <member type="way" ref="471528305" role=""/>
  <member type="way" ref="471528303" role=""/>
  <member type="way" ref="792491996" role=""/>
  <member type="way" ref="792491995" role=""/>
  <member type="way" ref="828701221" role=""/>
  <member type="way" ref="828701220" role=""/>
  <member type="way" ref="714550455" role=""/>
  <member type="way" ref="1232672583" role=""/>
  <member type="way" ref="1232672584" role=""/>
  <member type="way" ref="1232672585" role=""/>
  <member type="way" ref="1232672586" role=""/>
  <member type="way" ref="470831630" role=""/>
  <member type="way" ref="469681532" role=""/>
  <member type="way" ref="790512645" role=""/>
  <member type="way" ref="838207989" role=""/>
  <member type="way" ref="469530715" role=""/>
  <member type="way" ref="469683251" role=""/>
  <member type="way" ref="469684665" role=""/>
  <member type="way" ref="469683252" role=""/>
  <member type="way" ref="469530713" role=""/>
  <member type="way" ref="469530714" role=""/>
  <member type="way" ref="507646854" role=""/>
  <member type="way" ref="507646853" role=""/>
  <member type="way" ref="469687433" role=""/>
  <member type="way" ref="29199178" role=""/>
  <member type="way" ref="298218883" role="forward"/>
  <member type="way" ref="298218883" role="forward"/>
  <member type="way" ref="701195093" role="forward"/>
  <member type="way" ref="701195093" role="forward"/>
  <member type="way" ref="45983584" role="forward"/>
  <member type="way" ref="463427628" role="forward"/>
  <member type="way" ref="1245332745" role="forward"/>
  <member type="way" ref="1247198779" role="forward"/>
  <member type="way" ref="980976605" role="forward"/>
  <member type="way" ref="980976604" role="forward"/>
  <member type="way" ref="714668510" role="forward"/>
  <member type="way" ref="714668509" role="forward"/>
  <member type="way" ref="90831868" role="forward"/>
  <member type="way" ref="90831872" role="forward"/>
  <member type="way" ref="288230230" role="forward"/>
  <member type="way" ref="288230231" role="forward"/>
  <member type="way" ref="298218881" role="forward"/>
  <member type="way" ref="175678994" role="forward"/>
  <member type="way" ref="607712028" role="backward"/>
  <member type="way" ref="175678996" role="backward"/>
  <member type="way" ref="359614723" role="forward"/>
  <member type="way" ref="607712029" role="forward"/>
  <member type="way" ref="607712031" role="forward"/>
  <member type="way" ref="555795989" role="forward"/>
  <member type="way" ref="1421737804" role="forward"/>
  <member type="way" ref="980716903" role="forward"/>
  <member type="way" ref="980716904" role="forward"/>
  <member type="way" ref="979417636" role="forward"/>
  <member type="way" ref="980710822" role="forward"/>
  <member type="way" ref="980710823" role="forward"/>
  <member type="way" ref="979417635" role="forward"/>
  <member type="way" ref="710507740" role="forward"/>
  <member type="way" ref="980702878" role="forward"/>
  <member type="way" ref="980702879" role="forward"/>
  <member type="way" ref="188071575" role="forward"/>
  <member type="way" ref="188071574" role="forward"/>
  <member type="way" ref="980700253" role="forward"/>
  <member type="way" ref="304268886" role="forward"/>
  <member type="way" ref="980700252" role="forward"/>
  <member type="way" ref="304268893" role="forward"/>
  <member type="way" ref="593115532" role="forward"/>
  <member type="way" ref="744500023" role="forward"/>
  <member type="way" ref="593115531" role="forward"/>
  <member type="way" ref="744500024" role="forward"/>
  <member type="way" ref="1058399358" role="forward"/>
  <member type="way" ref="1058399367" role="forward"/>
  <member type="way" ref="740523596" role="forward"/>
  <member type="way" ref="828725078" role="forward"/>
  <member type="way" ref="828725077" role="forward"/>
  <member type="way" ref="740523598" role="forward"/>
  <member type="way" ref="299950511" role="forward"/>
  <member type="way" ref="920724369" role=""/>
  <member type="way" ref="920724368" role=""/>
  <member type="way" ref="413749273" role="forward"/>
  <member type="way" ref="920724365" role=""/>
  <member type="way" ref="920724364" role=""/>
  <member type="way" ref="740523599" role="forward"/>
  <member type="way" ref="413749270" role="forward"/>
  <member type="way" ref="299950513" role="forward"/>
  <member type="way" ref="593103302" role="forward"/>
  <member type="way" ref="744500315" role="forward"/>
  <member type="way" ref="593103303" role="forward"/>
  <member type="way" ref="744500316" role="forward"/>
  <member type="way" ref="1000548813" role="forward"/>
  <member type="way" ref="740523600" role="forward"/>
  <member type="way" ref="740523603" role="forward"/>
  <member type="way" ref="970701382" role="forward"/>
  <member type="way" ref="775992077" role="forward"/>
  <member type="way" ref="707882769" role="forward"/>
  <member type="way" ref="1150581324" role="forward"/>
  <member type="way" ref="29199514" role="forward"/>
  <member type="way" ref="1061789472" role="forward"/>
  <member type="way" ref="951581341" role="forward"/>
  <member type="way" ref="193772483" role=""/>
  <member type="way" ref="193772481" role="forward"/>
  <member type="way" ref="701195092" role="forward"/>
  <member type="way" ref="701195092" role="forward"/>
  <member type="way" ref="193772481" role="forward"/>
  <member type="way" ref="183678045" role=""/>
  <member type="way" ref="298218882" role="forward"/>
  <member type="way" ref="701195096" role="forward"/>
  <member type="way" ref="237676531" role=""/>
  <member type="way" ref="237676528" role="forward"/>
  <member type="way" ref="237679339" role=""/>
  <member type="way" ref="237679331" role="forward"/>
  <member type="way" ref="237678361" role=""/>
  <member type="way" ref="817167178" role=""/>
  <member type="way" ref="701195090" role="forward"/>
  <member type="way" ref="237678362" role="forward"/>
  <member type="way" ref="554658620" role="forward"/>
  <member type="way" ref="195112195" role=""/>
  <member type="way" ref="195112193" role=""/>
  <member type="way" ref="708020297" role=""/>
  <member type="way" ref="195112192" role=""/>
  <member type="way" ref="708047673" role=""/>
  <member type="way" ref="195112201" role=""/>
  <member type="way" ref="853050807" role=""/>
  <member type="way" ref="853050808" role=""/>
  <member type="way" ref="810457058" role=""/>
  <member type="way" ref="810457059" role=""/>
  <member type="way" ref="853050809" role=""/>
  <member type="way" ref="905874328" role=""/>
  <member type="way" ref="906283014" role=""/>
  <member type="way" ref="195112199" role=""/>
  <member type="way" ref="1373582763" role=""/>
  <member type="way" ref="1373582769" role=""/>
  <member type="way" ref="486001591" role=""/>
  <member type="way" ref="853050624" role=""/>
  <member type="way" ref="812433913" role=""/>
  <member type="way" ref="853050623" role=""/>
  <member type="way" ref="763278342" role=""/>
  <member type="way" ref="763278341" role=""/>
  <member type="way" ref="195112196" role=""/>
  <member type="way" ref="853050206" role=""/>
  <member type="way" ref="853050207" role=""/>
  <member type="way" ref="853050208" role=""/>
  <member type="way" ref="853050209" role=""/>
  <member type="way" ref="195112191" role=""/>
  <member type="way" ref="708318184" role=""/>
  <member type="way" ref="742326958" role=""/>
  <member type="way" ref="195112197" role=""/>
  <member type="way" ref="195112194" role=""/>
  <member type="way" ref="195112200" role=""/>
  <member type="way" ref="853049383" role=""/>
  <member type="way" ref="853049384" role=""/>
  <member type="way" ref="853049385" role=""/>
  <member type="way" ref="853049386" role=""/>
  <member type="way" ref="742326959" role=""/>
  <member type="way" ref="786544471" role=""/>
  <member type="way" ref="786544470" role=""/>
  <member type="way" ref="853049087" role=""/>
  <member type="way" ref="853049088" role=""/>
  <member type="way" ref="853049089" role=""/>
  <member type="way" ref="853049090" role=""/>
  <member type="way" ref="127613109" role=""/>
  <member type="way" ref="31533648" role=""/>
  <member type="way" ref="250253106" role="forward"/>
  <member type="way" ref="250253105" role="forward"/>
  <member type="way" ref="427211320" role=""/>
  <member type="way" ref="427211319" role=""/>
  <member type="way" ref="232206715" role=""/>
  <member type="way" ref="1260457532" role=""/>
  <member type="way" ref="1260457531" role=""/>
  <member type="way" ref="231808864" role=""/>
  <member type="way" ref="763506764" role=""/>
  <member type="way" ref="708321807" role=""/>
  <member type="way" ref="231808868" role=""/>
  <member type="way" ref="285445018" role=""/>
  <member type="way" ref="285445023" role=""/>
  <member type="way" ref="853044821" role=""/>
  <member type="way" ref="853044820" role=""/>
  <member type="way" ref="1055794315" role=""/>
  <member type="way" ref="1055794314" role=""/>
  <member type="way" ref="1055794313" role=""/>
  <member type="way" ref="853044819" role=""/>
  <member type="way" ref="794762262" role=""/>
  <member type="way" ref="794762261" role=""/>
  <member type="way" ref="794762260" role=""/>
  <member type="way" ref="128734975" role=""/>
  <member type="way" ref="853042009" role=""/>
  <member type="way" ref="298218913" role=""/>
  <member type="way" ref="298218889" role=""/>
  <member type="way" ref="791728524" role=""/>
  <member type="way" ref="791728525" role=""/>
  <member type="way" ref="791680686" role="forward"/>
  <member type="way" ref="791680685" role="forward"/>
  <member type="way" ref="79442731" role=""/>
  <member type="way" ref="78289849" role="forward"/>
  <member type="way" ref="247045606" role="forward"/>
  <member type="way" ref="297119155" role=""/>
  <member type="way" ref="297119159" role=""/>
  <member type="way" ref="1205160861" role=""/>
  <member type="way" ref="78291472" role=""/>
  <member type="way" ref="439103948" role=""/>
  <member type="way" ref="413153912" role=""/>
  <member type="way" ref="31529517" role=""/>
  <member type="way" ref="413153914" role=""/>
  <member type="way" ref="31529594" role=""/>
  <member type="way" ref="582044556" role=""/>
  <member type="way" ref="785158726" role=""/>
  <member type="way" ref="785158725" role=""/>
  <member type="way" ref="126783318" role=""/>
  <member type="way" ref="481713323" role=""/>
  <member type="way" ref="481713327" role=""/>
  <member type="way" ref="667281044" role=""/>
  <member type="way" ref="31529573" role=""/>
  <member type="way" ref="385850325" role=""/>
  <member type="way" ref="157080128" role=""/>
  <member type="way" ref="385850322" role=""/>
  <member type="way" ref="615651019" role=""/>
  <member type="way" ref="419886713" role=""/>
  <member type="way" ref="1155134529" role=""/>
  <member type="way" ref="1155447220" role=""/>
  <member type="way" ref="481719589" role=""/>
  <member type="way" ref="126381167" role=""/>
  <member type="way" ref="157080066" role=""/>
  <member type="way" ref="1155447217" role=""/>
  <member type="way" ref="1155146083" role=""/>
  <member type="way" ref="1155146089" role=""/>
  <member type="way" ref="1155146085" role=""/>
  <member type="way" ref="126381204" role=""/>
  <member type="way" ref="126381201" role=""/>
  <member type="way" ref="1155146078" role=""/>
  <member type="way" ref="749844575" role=""/>
  <member type="way" ref="749844573" role=""/>
  <member type="way" ref="749844574" role=""/>
  <member type="way" ref="126381312" role=""/>
  <member type="way" ref="615651434" role=""/>
  <member type="way" ref="615650382" role=""/>
  <member type="way" ref="859708900" role=""/>
  <member type="way" ref="859708901" role=""/>
  <member type="way" ref="859709651" role=""/>
  <member type="way" ref="856161030" role=""/>
  <member type="way" ref="859709652" role=""/>
  <member type="way" ref="557368586" role=""/>
  <member type="way" ref="1155251788" role=""/>
  <member type="way" ref="1415413091" role=""/>
  <member type="way" ref="1415413092" role=""/>
  <member type="way" ref="31529611" role=""/>
  <member type="way" ref="921064763" role=""/>
  <member type="way" ref="58727351" role=""/>
  <member type="way" ref="1111862858" role=""/>
  <member type="way" ref="1111862859" role=""/>
  <member type="way" ref="1111862860" role=""/>
  <member type="way" ref="1111862861" role=""/>
  <member type="way" ref="157080089" role=""/>
  <member type="way" ref="921064766" role=""/>
  <member type="way" ref="859714944" role=""/>
  <member type="way" ref="859714943" role=""/>
  <member type="way" ref="574647140" role=""/>
  <member type="way" ref="574647115" role=""/>
  <member type="way" ref="1105861324" role=""/>
  <member type="way" ref="1257584571" role=""/>
  <member type="way" ref="1361372749" role=""/>
  <member type="way" ref="1361372748" role=""/>
  <member type="way" ref="1360188882" role=""/>
  <member type="way" ref="31529589" role=""/>
  <member type="way" ref="228113305" role=""/>
  <member type="way" ref="574647142" role=""/>
  <member type="way" ref="228116619" role=""/>
  <member type="way" ref="1257584570" role=""/>
  <member type="way" ref="1360770398" role=""/>
  <member type="way" ref="1257584569" role=""/>
  <member type="way" ref="228116612" role=""/>
  <member type="way" ref="228116613" role=""/>
  <member type="way" ref="228116616" role=""/>
  <member type="way" ref="228116615" role=""/>
  <member type="way" ref="228116610" role=""/>
  <member type="way" ref="228116611" role=""/>
  <member type="way" ref="228116620" role=""/>
  <member type="way" ref="228116618" role=""/>
  <member type="way" ref="228116614" role=""/>
  <member type="way" ref="228116617" role=""/>
  <member type="way" ref="365756787" role=""/>
  <member type="way" ref="31528821" role=""/>
  <member type="way" ref="437901545" role=""/>
  <member type="way" ref="1111799516" role=""/>
  <member type="way" ref="1111799515" role=""/>
  <member type="way" ref="1111799502" role=""/>
  <member type="way" ref="1111799501" role=""/>
  <member type="way" ref="1111799500" role=""/>
  <member type="way" ref="1111799499" role=""/>
  <member type="way" ref="437901544" role=""/>
  <member type="way" ref="360066043" role=""/>
  <member type="way" ref="31528994" role=""/>
  <member type="way" ref="600414858" role=""/>
  <member type="way" ref="382745740" role=""/>
  <member type="way" ref="382745741" role=""/>
  <member type="way" ref="600414861" role=""/>
  <member type="way" ref="31488235" role=""/>
  <member type="way" ref="126506008" role=""/>
  <member type="way" ref="31488689" role=""/>
  <member type="way" ref="298433160" role=""/>
  <member type="way" ref="685545398" role=""/>
  <member type="way" ref="833198891" role=""/>
  <member type="way" ref="833198113" role=""/>
  <member type="way" ref="833198114" role="forward"/>
  <member type="way" ref="801614909" role="forward"/>
  <member type="way" ref="833198111" role="forward"/>
  <member type="way" ref="451116417" role="forward"/>
  <member type="way" ref="685545398" role=""/>
  <member type="way" ref="298433160" role=""/>
  <member type="way" ref="481647577" role=""/>
  <member type="way" ref="481647576" role=""/>
  <member type="way" ref="126506009" role=""/>
  <member type="way" ref="833198115" role=""/>
  <member type="way" ref="833198116" role=""/>
  <member type="way" ref="833198117" role=""/>
  <member type="way" ref="827340443" role=""/>
  <member type="way" ref="801623139" role=""/>
  <member type="way" ref="1360879071" role=""/>
  <member type="way" ref="1360879070" role=""/>
  <member type="way" ref="801623140" role=""/>
  <member type="way" ref="126506123" role=""/>
  <member type="way" ref="1005681340" role=""/>
  <member type="way" ref="31488343" role=""/>
  <member type="way" ref="668324327" role="forward"/>
  <member type="way" ref="668324325" role="forward"/>
  <member type="way" ref="668324326" role=""/>
  <member type="way" ref="859701954" role=""/>
  <member type="way" ref="859701955" role=""/>
  <member type="way" ref="859701953" role=""/>
  <member type="way" ref="859701956" role=""/>
  <member type="way" ref="519818017" role=""/>
  <member type="way" ref="859698721" role=""/>
  <member type="way" ref="859698722" role=""/>
  <member type="way" ref="859698723" role=""/>
  <member type="way" ref="226998552" role=""/>
  <member type="way" ref="955466710" role=""/>
  <member type="way" ref="962402879" role="forward"/>
  <member type="way" ref="962402880" role="forward"/>
  <member type="way" ref="1345181982" role="forward"/>
  <member type="way" ref="1344581276" role=""/>
  <member type="way" ref="1344581277" role=""/>
  <member type="way" ref="521375929" role="forward"/>
  <member type="way" ref="521375935" role="forward"/>
  <member type="way" ref="1354175560" role="forward"/>
  <member type="way" ref="521375931" role=""/>
  <member type="way" ref="437714056" role=""/>
  <member type="way" ref="1111786536" role=""/>
  <member type="way" ref="437714057" role=""/>
  <member type="way" ref="1111779726" role=""/>
  <member type="way" ref="1111764513" role=""/>
  <member type="way" ref="1111764512" role=""/>
  <member type="way" ref="1111764511" role=""/>
  <member type="way" ref="1111764510" role=""/>
  <member type="way" ref="1111764509" role=""/>
  <member type="way" ref="1111764514" role=""/>
  <member type="way" ref="643560383" role=""/>
  <member type="way" ref="643560399" role=""/>
  <member type="way" ref="643560401" role=""/>
  <member type="way" ref="643560400" role=""/>
  <member type="way" ref="256018327" role=""/>
  <member type="way" ref="256018326" role=""/>
  <member type="way" ref="256018334" role=""/>
  <member type="way" ref="1122509917" role=""/>
  <member type="way" ref="298218887" role=""/>
  <member type="way" ref="1122509918" role=""/>
  <member type="way" ref="444290738" role=""/>
  <member type="way" ref="444290736" role=""/>
  <member type="way" ref="289222330" role=""/>
  <member type="way" ref="298218916" role=""/>
  <member type="way" ref="413153913" role=""/>
  <member type="way" ref="470764637" role="forward"/>
  <member type="way" ref="564441086" role=""/>
  <member type="way" ref="481647578" role=""/>
  <member type="way" ref="564441082" role=""/>
  <member type="way" ref="854292488" role=""/>
  <member type="way" ref="685545397" role=""/>
  <member type="way" ref="472039302" role=""/>
  <tag k="network" v="BR"/>
  <tag k="ref" v="BR-324"/>
  <tag k="route" v="road"/>
  <tag k="type" v="route"/>
 </relation>
 <relation id="4551466" visible="true" version="386" changeset="179722931" timestamp="2026-03-11T21:18:46Z" user="LucianoCerqueira" uid="23921510">
  <member type="way" ref="1364465831" role=""/>
  <member type="way" ref="1013304351" role=""/>
  <member type="way" ref="1013304352" role=""/>
  <member type="way" ref="298027155" role=""/>
  <member type="way" ref="788440421" role="forward"/>
  <member type="way" ref="23405826" role="forward"/>
  <member type="way" ref="910870959" role="forward"/>
  <member type="way" ref="706174526" role="forward"/>
  <member type="way" ref="910870958" role="forward"/>
  <member type="way" ref="910870957" role="forward"/>
  <member type="way" ref="23405820" role="forward"/>
  <member type="way" ref="910871992" role="forward"/>
  <member type="way" ref="910871993" role="forward"/>
  <member type="way" ref="910871990" role="forward"/>
  <member type="way" ref="910871991" role="forward"/>
  <member type="way" ref="910871988" role="forward"/>
  <member type="way" ref="910871989" role="forward"/>
  <member type="way" ref="910871987" role="forward"/>
  <member type="way" ref="910871986" role="forward"/>
  <member type="way" ref="910873481" role="forward"/>
  <member type="way" ref="910873480" role="forward"/>
  <member type="way" ref="910873479" role="forward"/>
  <member type="way" ref="910873478" role="forward"/>
  <member type="way" ref="910873477" role="forward"/>
  <member type="way" ref="910873476" role="forward"/>
  <member type="way" ref="910873475" role="forward"/>
  <member type="way" ref="910873474" role="forward"/>
  <member type="way" ref="24407294" role="forward"/>
  <member type="way" ref="1366719177" role="forward"/>
  <member type="way" ref="1366719176" role="forward"/>
  <member type="way" ref="910880774" role="forward"/>
  <member type="way" ref="243008623" role="forward"/>
  <member type="way" ref="910880775" role="forward"/>
  <member type="way" ref="910880773" role="forward"/>
  <member type="way" ref="910880772" role="forward"/>
  <member type="way" ref="910880770" role="forward"/>
  <member type="way" ref="910880768" role="forward"/>
  <member type="way" ref="910880767" role="forward"/>
  <member type="way" ref="910880765" role="forward"/>
  <member type="way" ref="910887734" role="forward"/>
  <member type="way" ref="910887733" role="forward"/>
  <member type="way" ref="910887732" role="forward"/>
  <member type="way" ref="910887731" role="forward"/>
  <member type="way" ref="243008624" role="forward"/>
  <member type="way" ref="910887729" role="forward"/>
  <member type="way" ref="910887730" role="forward"/>
  <member type="way" ref="910887728" role="forward"/>
  <member type="way" ref="910913462" role="forward"/>
  <member type="way" ref="910913461" role="forward"/>
  <member type="way" ref="910913460" role="forward"/>
  <member type="way" ref="910913459" role="forward"/>
  <member type="way" ref="910913458" role="forward"/>
  <member type="way" ref="910913457" role="forward"/>
  <member type="way" ref="910913456" role="forward"/>
  <member type="way" ref="910913455" role="forward"/>
  <member type="way" ref="215126942" role="forward"/>
  <member type="way" ref="910931879" role="forward"/>
  <member type="way" ref="910931878" role="forward"/>
  <member type="way" ref="910931877" role="forward"/>
  <member type="way" ref="910931876" role="forward"/>
  <member type="way" ref="910931875" role="forward"/>
  <member type="way" ref="910931874" role="forward"/>
  <member type="way" ref="910940957" role="forward"/>
  <member type="way" ref="910940956" role="forward"/>
  <member type="way" ref="910940953" role="forward"/>
  <member type="way" ref="910940952" role="forward"/>
  <member type="way" ref="533794309" role="forward"/>
  <member type="way" ref="396595151" role="forward"/>
  <member type="way" ref="388080713" role="forward"/>
  <member type="way" ref="664750665" role="forward"/>
  <member type="way" ref="666361331" role="forward"/>
  <member type="way" ref="666361330" role="forward"/>
  <member type="way" ref="388080714" role="forward"/>
  <member type="way" ref="692794275" role="forward"/>
  <member type="way" ref="666361335" role="forward"/>
  <member type="way" ref="666361334" role="forward"/>
  <member type="way" ref="1337752115" role="forward"/>
  <member type="way" ref="594279730" role="forward"/>
  <member type="way" ref="630305827" role="forward"/>
  <member type="way" ref="631132933" role="forward"/>
  <member type="way" ref="631132934" role="forward"/>
  <member type="way" ref="303895058" role="forward"/>
  <member type="way" ref="303895059" role="forward"/>
  <member type="way" ref="608991518" role="forward"/>
  <member type="way" ref="630305825" role="forward"/>
  <member type="way" ref="303895053" role="forward"/>
  <member type="way" ref="608991519" role="forward"/>
  <member type="way" ref="1367082392" role="forward"/>
  <member type="way" ref="1367082391" role="forward"/>
  <member type="way" ref="608991520" role="forward"/>
  <member type="way" ref="378235156" role="forward"/>
  <member type="way" ref="378235159" role="forward"/>
  <member type="way" ref="1152723841" role="forward"/>
  <member type="way" ref="372634264" role="forward"/>
  <member type="way" ref="1152723840" role="forward"/>
  <member type="way" ref="1280591636" role="forward"/>
  <member type="way" ref="372634263" role="forward"/>
  <member type="way" ref="1147375782" role="forward"/>
  <member type="way" ref="1147375781" role="forward"/>
  <member type="way" ref="1147375783" role="forward"/>
  <member type="way" ref="1147375784" role="forward"/>
  <member type="way" ref="1147375785" role="forward"/>
  <member type="way" ref="608991516" role="forward"/>
  <member type="way" ref="303896525" role="forward"/>
  <member type="way" ref="303896521" role="forward"/>
  <member type="way" ref="303896523" role="forward"/>
  <member type="way" ref="1147375786" role="forward"/>
  <member type="way" ref="303896529" role="forward"/>
  <member type="way" ref="396592759" role="forward"/>
  <member type="way" ref="396592761" role="forward"/>
  <member type="way" ref="738414317" role="forward"/>
  <member type="way" ref="590178828" role="forward"/>
  <member type="way" ref="738414326" role="forward"/>
  <member type="way" ref="620190357" role="forward"/>
  <member type="way" ref="1381983914" role="forward"/>
  <member type="way" ref="1381983915" role="forward"/>
  <member type="way" ref="150466578" role="forward"/>
  <member type="way" ref="23405819" role="forward"/>
  <member type="way" ref="633037851" role="forward"/>
  <member type="way" ref="912954383" role="forward"/>
  <member type="way" ref="912954384" role="forward"/>
  <member type="way" ref="23405817" role="forward"/>
  <member type="way" ref="912954385" role="forward"/>
  <member type="way" ref="243008622" role="forward"/>
  <member type="way" ref="1366719174" role="forward"/>
  <member type="way" ref="1366719175" role="forward"/>
  <member type="way" ref="243008625" role="forward"/>
  <member type="way" ref="24407291" role="forward"/>
  <member type="way" ref="533794308" role="forward"/>
  <member type="way" ref="912901964" role="forward"/>
  <member type="way" ref="912899867" role="forward"/>
  <member type="way" ref="912899868" role="forward"/>
  <member type="way" ref="912899871" role="forward"/>
  <member type="way" ref="912899872" role="forward"/>
  <member type="way" ref="912899875" role="forward"/>
  <member type="way" ref="912899876" role="forward"/>
  <member type="way" ref="912899877" role="forward"/>
  <member type="way" ref="912899878" role="forward"/>
  <member type="way" ref="388080712" role="forward"/>
  <member type="way" ref="1337705317" role="forward"/>
  <member type="way" ref="388080711" role="forward"/>
  <member type="way" ref="1337705318" role="forward"/>
  <member type="way" ref="666361332" role="forward"/>
  <member type="way" ref="666361328" role="forward"/>
  <member type="way" ref="692794276" role="forward"/>
  <member type="way" ref="1337705319" role="forward"/>
  <member type="way" ref="666361329" role="forward"/>
  <member type="way" ref="666361333" role="forward"/>
  <member type="way" ref="630305828" role="forward"/>
  <member type="way" ref="1337705320" role="forward"/>
  <member type="way" ref="1337705321" role="forward"/>
  <member type="way" ref="303895060" role="forward"/>
  <member type="way" ref="303895057" role="forward"/>
  <member type="way" ref="631132935" role="forward"/>
  <member type="way" ref="1337705322" role="forward"/>
  <member type="way" ref="608991517" role="forward"/>
  <member type="way" ref="630305826" role="forward"/>
  <member type="way" ref="233599393" role="forward"/>
  <member type="way" ref="23342563" role="forward"/>
  <member type="way" ref="1337705323" role="forward"/>
  <member type="way" ref="1034891916" role="forward"/>
  <member type="way" ref="1367082393" role="forward"/>
  <member type="way" ref="1367082394" role="forward"/>
  <member type="way" ref="378235157" role="forward"/>
  <member type="way" ref="378235158" role="forward"/>
  <member type="way" ref="372634265" role="forward"/>
  <member type="way" ref="372634266" role="forward"/>
  <member type="way" ref="608991522" role="forward"/>
  <member type="way" ref="608991521" role="forward"/>
  <member type="way" ref="608991515" role="forward"/>
  <member type="way" ref="1152723838" role="forward"/>
  <member type="way" ref="1155931655" role="forward"/>
  <member type="way" ref="1152723839" role="forward"/>
  <member type="way" ref="23342562" role="forward"/>
  <member type="way" ref="303896527" role="forward"/>
  <member type="way" ref="303896528" role="forward"/>
  <member type="way" ref="303896524" role="forward"/>
  <member type="way" ref="1367082361" role="forward"/>
  <member type="way" ref="303896526" role="forward"/>
  <member type="way" ref="303895054" role="forward"/>
  <member type="way" ref="23342299" role="forward"/>
  <member type="way" ref="1039131993" role=""/>
  <member type="way" ref="1147375787" role=""/>
  <member type="way" ref="1039131992" role=""/>
  <member type="way" ref="1001442750" role=""/>
  <member type="way" ref="152835234" role=""/>
  <member type="way" ref="1001442749" role=""/>
  <member type="way" ref="831942230" role=""/>
  <member type="way" ref="831942231" role=""/>
  <member type="way" ref="617691539" role=""/>
  <member type="way" ref="617691531" role=""/>
  <member type="way" ref="617691526" role=""/>
  <member type="way" ref="617691528" role=""/>
  <member type="way" ref="831922436" role=""/>
  <member type="way" ref="823690293" role=""/>
  <member type="way" ref="823690292" role=""/>
  <member type="way" ref="295758297" role=""/>
  <member type="way" ref="153714017" role=""/>
  <member type="way" ref="153714016" role=""/>
  <member type="way" ref="832124806" role=""/>
  <member type="way" ref="832124805" role=""/>
  <member type="way" ref="617691556" role=""/>
  <member type="way" ref="617691562" role=""/>
  <member type="way" ref="617691577" role=""/>
  <member type="way" ref="617691574" role=""/>
  <member type="way" ref="209218500" role="forward"/>
  <member type="way" ref="295758293" role="forward"/>
  <member type="way" ref="295758291" role="forward"/>
  <member type="way" ref="295758295" role="forward"/>
  <member type="way" ref="295758296" role="forward"/>
  <member type="way" ref="295758294" role="forward"/>
  <member type="way" ref="295758292" role="forward"/>
  <member type="way" ref="209218499" role="forward"/>
  <member type="way" ref="209218498" role=""/>
  <member type="way" ref="381446143" role=""/>
  <member type="way" ref="161960356" role=""/>
  <member type="way" ref="161960357" role=""/>
  <member type="way" ref="830887347" role=""/>
  <member type="way" ref="517360498" role=""/>
  <member type="way" ref="517360499" role=""/>
  <member type="way" ref="518112279" role=""/>
  <member type="way" ref="518112286" role=""/>
  <member type="way" ref="518112285" role=""/>
  <member type="way" ref="518112282" role=""/>
  <member type="way" ref="518112287" role=""/>
  <member type="way" ref="518112280" role=""/>
  <member type="way" ref="830884017" role=""/>
  <member type="way" ref="830884016" role=""/>
  <member type="way" ref="830884015" role=""/>
  <member type="way" ref="830884014" role=""/>
  <member type="way" ref="485910744" role=""/>
  <member type="way" ref="485910749" role=""/>
  <member type="way" ref="230261519" role=""/>
  <member type="way" ref="230261521" role=""/>
  <member type="way" ref="518110967" role=""/>
  <member type="way" ref="31514984" role=""/>
  <member type="way" ref="518110971" role=""/>
  <member type="way" ref="518110972" role=""/>
  <member type="way" ref="674487905" role=""/>
  <member type="way" ref="674487898" role=""/>
  <member type="way" ref="402538398" role=""/>
  <member type="way" ref="519111989" role=""/>
  <member type="way" ref="402538397" role=""/>
  <member type="way" ref="505402330" role=""/>
  <member type="way" ref="505402327" role=""/>
  <member type="way" ref="505402325" role=""/>
  <member type="way" ref="505402329" role=""/>
  <member type="way" ref="31515015" role=""/>
  <member type="way" ref="674490718" role=""/>
  <member type="way" ref="675478565" role=""/>
  <member type="way" ref="830874897" role=""/>
  <member type="way" ref="830874896" role=""/>
  <member type="way" ref="830874898" role=""/>
  <member type="way" ref="674253257" role=""/>
  <member type="way" ref="674253255" role=""/>
  <member type="way" ref="31514547" role=""/>
  <member type="way" ref="482530161" role=""/>
  <member type="way" ref="482530188" role=""/>
  <member type="way" ref="633411000" role=""/>
  <member type="way" ref="830874476" role=""/>
  <member type="way" ref="830874478" role=""/>
  <member type="way" ref="633410996" role=""/>
  <member type="way" ref="633410999" role=""/>
  <member type="way" ref="633410998" role=""/>
  <member type="way" ref="691347742" role=""/>
  <member type="way" ref="691347741" role=""/>
  <member type="way" ref="823352006" role=""/>
  <member type="way" ref="823352007" role=""/>
  <member type="way" ref="402015233" role=""/>
  <member type="way" ref="826361404" role=""/>
  <member type="way" ref="830871124" role=""/>
  <member type="way" ref="826361403" role=""/>
  <member type="way" ref="830871125" role=""/>
  <member type="way" ref="31514816" role=""/>
  <member type="way" ref="372634259" role=""/>
  <member type="way" ref="830870538" role=""/>
  <member type="way" ref="830870537" role=""/>
  <member type="way" ref="830870536" role=""/>
  <member type="way" ref="830870535" role=""/>
  <member type="way" ref="31514313" role=""/>
  <member type="way" ref="992727787" role=""/>
  <member type="way" ref="992727785" role=""/>
  <member type="way" ref="992727786" role=""/>
  <member type="way" ref="31515174" role=""/>
  <member type="way" ref="992727784" role=""/>
  <member type="way" ref="992727783" role=""/>
  <member type="way" ref="830869294" role=""/>
  <member type="way" ref="830869293" role=""/>
  <member type="way" ref="830869292" role=""/>
  <member type="way" ref="786498718" role=""/>
  <member type="way" ref="800335342" role=""/>
  <member type="way" ref="800335341" role=""/>
  <member type="way" ref="691347744" role=""/>
  <member type="way" ref="691347743" role=""/>
  <member type="way" ref="519310582" role=""/>
  <member type="way" ref="786498719" role=""/>
  <member type="way" ref="519310583" role=""/>
  <member type="way" ref="402324708" role=""/>
  <member type="way" ref="402324706" role=""/>
  <member type="way" ref="402324707" role=""/>
  <member type="way" ref="402324705" role=""/>
  <member type="way" ref="205353603" role="forward"/>
  <member type="way" ref="205353605" role="forward"/>
  <member type="way" ref="178087134" role=""/>
  <member type="way" ref="178087062" role=""/>
  <member type="way" ref="178087060" role=""/>
  <member type="way" ref="830866948" role=""/>
  <member type="way" ref="830866947" role=""/>
  <member type="way" ref="830866946" role=""/>
  <member type="way" ref="830866945" role=""/>
  <member type="way" ref="830861452" role=""/>
  <member type="way" ref="830861451" role=""/>
  <member type="way" ref="434912741" role=""/>
  <member type="way" ref="434912740" role=""/>
  <member type="way" ref="31513969" role=""/>
  <member type="way" ref="372627986" role=""/>
  <member type="way" ref="577252844" role=""/>
  <member type="way" ref="577252849" role=""/>
  <member type="way" ref="372627992" role=""/>
  <member type="way" ref="670931466" role=""/>
  <member type="way" ref="670931464" role=""/>
  <member type="way" ref="289242745" role=""/>
  <member type="way" ref="289242747" role=""/>
  <member type="way" ref="577252821" role=""/>
  <member type="way" ref="577252838" role=""/>
  <member type="way" ref="31513926" role=""/>
  <member type="way" ref="830859928" role=""/>
  <member type="way" ref="830859927" role=""/>
  <member type="way" ref="670931454" role=""/>
  <member type="way" ref="674294565" role=""/>
  <member type="way" ref="296783461" role=""/>
  <member type="way" ref="674294564" role=""/>
  <member type="way" ref="577252823" role=""/>
  <member type="way" ref="577252822" role=""/>
  <member type="way" ref="296783460" role=""/>
  <member type="way" ref="830858753" role=""/>
  <member type="way" ref="830858752" role=""/>
  <member type="way" ref="830858751" role=""/>
  <member type="way" ref="296783462" role=""/>
  <member type="way" ref="191201895" role=""/>
  <member type="way" ref="290458206" role=""/>
  <member type="way" ref="787170441" role=""/>
  <member type="way" ref="787170440" role=""/>
  <member type="way" ref="290458207" role=""/>
  <member type="way" ref="787456487" role=""/>
  <member type="way" ref="787456486" role=""/>
  <member type="way" ref="157956242" role=""/>
  <member type="way" ref="608942912" role=""/>
  <member type="way" ref="608942908" role=""/>
  <member type="way" ref="830853949" role=""/>
  <member type="way" ref="608942889" role=""/>
  <member type="way" ref="608942897" role=""/>
  <member type="way" ref="608942907" role=""/>
  <member type="way" ref="830852934" role=""/>
  <member type="way" ref="608942854" role=""/>
  <member type="way" ref="299629876" role=""/>
  <member type="way" ref="157956239" role=""/>
  <member type="way" ref="608942862" role=""/>
  <member type="way" ref="654827172" role=""/>
  <member type="way" ref="992729034" role=""/>
  <member type="way" ref="992729030" role=""/>
  <member type="way" ref="992729031" role=""/>
  <member type="way" ref="992729033" role=""/>
  <member type="way" ref="992729032" role=""/>
  <member type="way" ref="830850750" role=""/>
  <member type="way" ref="830850749" role=""/>
  <member type="way" ref="654827173" role=""/>
  <member type="way" ref="157931219" role=""/>
  <member type="way" ref="157931207" role=""/>
  <member type="way" ref="791233237" role=""/>
  <member type="way" ref="791233236" role=""/>
  <member type="way" ref="157931217" role=""/>
  <member type="way" ref="283680709" role=""/>
  <member type="way" ref="283680710" role=""/>
  <member type="way" ref="830839978" role=""/>
  <member type="way" ref="830839977" role=""/>
  <member type="way" ref="283680708" role=""/>
  <member type="way" ref="830847037" role=""/>
  <member type="way" ref="1093631352" role=""/>
  <member type="way" ref="830847036" role=""/>
  <member type="way" ref="306772658" role=""/>
  <member type="way" ref="283680706" role="forward"/>
  <member type="way" ref="292953578" role="forward"/>
  <member type="way" ref="283680703" role="forward"/>
  <member type="way" ref="283680707" role="forward"/>
  <member type="way" ref="292953581" role="forward"/>
  <member type="way" ref="292953579" role="forward"/>
  <member type="way" ref="283680701" role="forward"/>
  <member type="way" ref="283680704" role="forward"/>
  <member type="way" ref="283680705" role=""/>
  <member type="way" ref="808601978" role=""/>
  <member type="way" ref="808601979" role=""/>
  <member type="way" ref="273714953" role=""/>
  <member type="way" ref="273714954" role=""/>
  <member type="way" ref="273714956" role=""/>
  <member type="way" ref="829381725" role=""/>
  <member type="way" ref="829381724" role=""/>
  <member type="way" ref="829381723" role=""/>
  <member type="way" ref="829381722" role=""/>
  <member type="way" ref="512728624" role=""/>
  <member type="way" ref="814923126" role=""/>
  <member type="way" ref="830812619" role=""/>
  <member type="way" ref="814923125" role=""/>
  <member type="way" ref="830812620" role=""/>
  <member type="way" ref="992730372" role=""/>
  <member type="way" ref="992730373" role=""/>
  <member type="way" ref="992730374" role=""/>
  <member type="way" ref="512728625" role=""/>
  <member type="way" ref="1086279021" role=""/>
  <member type="way" ref="830810051" role=""/>
  <member type="way" ref="830810050" role=""/>
  <member type="way" ref="830810049" role=""/>
  <member type="way" ref="830810048" role=""/>
  <member type="way" ref="653383973" role=""/>
  <member type="way" ref="653383972" role=""/>
  <member type="way" ref="831726021" role=""/>
  <member type="way" ref="653383971" role=""/>
  <member type="way" ref="158208792" role=""/>
  <member type="way" ref="830806002" role=""/>
  <member type="way" ref="830806001" role=""/>
  <member type="way" ref="830806000" role=""/>
  <member type="way" ref="830805999" role=""/>
  <member type="way" ref="31515274" role=""/>
  <member type="way" ref="830805111" role=""/>
  <member type="way" ref="1237802686" role=""/>
  <member type="way" ref="830805112" role=""/>
  <member type="way" ref="426489307" role=""/>
  <member type="way" ref="158208794" role=""/>
  <member type="way" ref="691367994" role=""/>
  <member type="way" ref="792768925" role="forward"/>
  <member type="way" ref="792768929" role="forward"/>
  <member type="way" ref="792768926" role="forward"/>
  <member type="way" ref="792768924" role="forward"/>
  <member type="way" ref="792775536" role="forward"/>
  <member type="way" ref="830804163" role="forward"/>
  <member type="way" ref="792768923" role="forward"/>
  <member type="way" ref="830804164" role="forward"/>
  <member type="way" ref="792768930" role="forward"/>
  <member type="way" ref="792768922" role="forward"/>
  <member type="way" ref="792768931" role=""/>
  <member type="way" ref="31515209" role=""/>
  <member type="way" ref="354637026" role=""/>
  <member type="way" ref="31514024" role=""/>
  <member type="way" ref="830432427" role=""/>
  <member type="way" ref="830432424" role=""/>
  <member type="way" ref="830432426" role=""/>
  <member type="way" ref="830432425" role=""/>
  <member type="way" ref="31513952" role=""/>
  <member type="way" ref="772929425" role=""/>
  <member type="way" ref="772929426" role=""/>
  <member type="way" ref="31514000" role=""/>
  <member type="way" ref="158208793" role=""/>
  <member type="way" ref="31514473" role=""/>
  <member type="way" ref="549968574" role=""/>
  <member type="way" ref="1004582334" role=""/>
  <member type="way" ref="1004582335" role=""/>
  <member type="way" ref="830431277" role=""/>
  <member type="way" ref="830431276" role=""/>
  <member type="way" ref="830431275" role=""/>
  <member type="way" ref="830431274" role=""/>
  <member type="way" ref="1004582337" role=""/>
  <member type="way" ref="1004582336" role=""/>
  <member type="way" ref="830431273" role=""/>
  <member type="way" ref="830101887" role=""/>
  <member type="way" ref="830101886" role=""/>
  <member type="way" ref="830101885" role=""/>
  <member type="way" ref="830101884" role=""/>
  <member type="way" ref="278039887" role=""/>
  <member type="way" ref="278039886" role=""/>
  <member type="way" ref="31514958" role=""/>
  <member type="way" ref="682982711" role=""/>
  <member type="way" ref="682982710" role=""/>
  <member type="way" ref="205353602" role="forward"/>
  <member type="way" ref="297082964" role="forward"/>
  <member type="way" ref="297082963" role="forward"/>
  <member type="way" ref="297082950" role="forward"/>
  <member type="way" ref="297082965" role="forward"/>
  <member type="way" ref="297082966" role="forward"/>
  <member type="way" ref="297082955" role="forward"/>
  <member type="way" ref="174712158" role="forward"/>
  <member type="way" ref="830046331" role=""/>
  <member type="way" ref="830046330" role=""/>
  <member type="way" ref="830046329" role=""/>
  <member type="way" ref="31534021" role=""/>
  <member type="way" ref="1463538224" role=""/>
  <member type="way" ref="174859427" role=""/>
  <member type="way" ref="174859431" role=""/>
  <member type="way" ref="818409166" role=""/>
  <member type="way" ref="818409165" role=""/>
  <member type="way" ref="31533863" role=""/>
  <member type="way" ref="803191497" role=""/>
  <member type="way" ref="803191496" role=""/>
  <member type="way" ref="31534537" role=""/>
  <member type="way" ref="31534472" role=""/>
  <member type="way" ref="31534455" role=""/>
  <member type="way" ref="31534425" role=""/>
  <member type="way" ref="31534479" role=""/>
  <member type="way" ref="701734917" role=""/>
  <member type="way" ref="701734916" role=""/>
  <member type="way" ref="205353668" role="forward"/>
  <member type="way" ref="298856824" role="forward"/>
  <member type="way" ref="298856826" role="forward"/>
  <member type="way" ref="298856825" role="forward"/>
  <member type="way" ref="172800707" role="forward"/>
  <member type="way" ref="172800709" role="forward"/>
  <member type="way" ref="298856823" role="forward"/>
  <member type="way" ref="298856830" role="forward"/>
  <member type="way" ref="205353612" role="forward"/>
  <member type="way" ref="205353663" role="forward"/>
  <member type="way" ref="31533891" role=""/>
  <member type="way" ref="821792926" role=""/>
  <member type="way" ref="821792925" role=""/>
  <member type="way" ref="172800684" role=""/>
  <member type="way" ref="821812645" role=""/>
  <member type="way" ref="821812644" role=""/>
  <member type="way" ref="172800686" role=""/>
  <member type="way" ref="173878099" role=""/>
  <member type="way" ref="173878140" role=""/>
  <member type="way" ref="826633186" role=""/>
  <member type="way" ref="826633185" role=""/>
  <member type="way" ref="826633184" role=""/>
  <member type="way" ref="826633183" role=""/>
  <member type="way" ref="826633182" role=""/>
  <member type="way" ref="826633181" role=""/>
  <member type="way" ref="792006125" role=""/>
  <member type="way" ref="792006123" role=""/>
  <member type="way" ref="792006122" role=""/>
  <member type="way" ref="1423876455" role=""/>
  <member type="way" ref="1423876456" role=""/>
  <member type="way" ref="1424199500" role=""/>
  <member type="way" ref="1424199499" role=""/>
  <member type="way" ref="792006124" role=""/>
  <member type="way" ref="173877905" role=""/>
  <member type="way" ref="173877906" role=""/>
  <member type="way" ref="732460274" role=""/>
  <member type="way" ref="1423278347" role=""/>
  <member type="way" ref="1423278346" role=""/>
  <member type="way" ref="1423278344" role=""/>
  <member type="way" ref="1423278343" role=""/>
  <member type="way" ref="826638243" role=""/>
  <member type="way" ref="826638245" role=""/>
  <member type="way" ref="826638244" role=""/>
  <member type="way" ref="31532938" role=""/>
  <member type="way" ref="794292628" role=""/>
  <member type="way" ref="794292627" role=""/>
  <member type="way" ref="794292629" role=""/>
  <member type="way" ref="794292630" role=""/>
  <member type="way" ref="1457340132" role=""/>
  <member type="way" ref="1457340133" role=""/>
  <member type="way" ref="510824475" role=""/>
  <member type="way" ref="31533056" role=""/>
  <member type="way" ref="1421117241" role=""/>
  <member type="way" ref="1425101568" role=""/>
  <member type="way" ref="1425101567" role=""/>
  <member type="way" ref="1421117240" role=""/>
  <member type="way" ref="304038622" role=""/>
  <member type="way" ref="304038623" role=""/>
  <member type="way" ref="826750166" role=""/>
  <member type="way" ref="826750165" role=""/>
  <member type="way" ref="826750164" role=""/>
  <member type="way" ref="826750163" role=""/>
  <member type="way" ref="31532896" role=""/>
  <member type="way" ref="1423998359" role=""/>
  <member type="way" ref="826782847" role=""/>
  <member type="way" ref="826782846" role=""/>
  <member type="way" ref="826782845" role=""/>
  <member type="way" ref="31532945" role=""/>
  <member type="way" ref="31532968" role=""/>
  <member type="way" ref="177367534" role=""/>
  <member type="way" ref="304038627" role=""/>
  <member type="way" ref="304038624" role=""/>
  <member type="way" ref="304038625" role=""/>
  <member type="way" ref="304038629" role=""/>
  <member type="way" ref="1420804175" role=""/>
  <member type="way" ref="1420804174" role=""/>
  <member type="way" ref="732460273" role=""/>
  <member type="way" ref="334779628" role=""/>
  <member type="way" ref="334779630" role=""/>
  <member type="way" ref="334779629" role=""/>
  <member type="way" ref="826784405" role=""/>
  <member type="way" ref="826784404" role=""/>
  <member type="way" ref="826784403" role=""/>
  <member type="way" ref="334779627" role=""/>
  <member type="way" ref="361822071" role="forward"/>
  <member type="way" ref="209697482" role="forward"/>
  <member type="way" ref="1359186946" role=""/>
  <member type="way" ref="1359186945" role=""/>
  <member type="way" ref="361822051" role=""/>
  <member type="way" ref="177367529" role=""/>
  <member type="way" ref="732460272" role=""/>
  <member type="way" ref="177367533" role="forward"/>
  <member type="way" ref="354656092" role="forward"/>
  <member type="way" ref="354656093" role=""/>
  <member type="way" ref="1424490001" role=""/>
  <member type="way" ref="1424490000" role=""/>
  <member type="way" ref="797250014" role=""/>
  <member type="way" ref="827746277" role=""/>
  <member type="way" ref="827746276" role=""/>
  <member type="way" ref="827746275" role=""/>
  <member type="way" ref="827746274" role=""/>
  <member type="way" ref="797250013" role=""/>
  <member type="way" ref="732460271" role=""/>
  <member type="way" ref="1423998358" role=""/>
  <member type="way" ref="1464887699" role=""/>
  <member type="way" ref="1203971062" role=""/>
  <member type="way" ref="1363639918" role=""/>
  <member type="way" ref="1363639919" role=""/>
  <member type="way" ref="1203971065" role=""/>
  <member type="way" ref="1203971063" role=""/>
  <member type="way" ref="1203971064" role=""/>
  <member type="way" ref="1363639921" role=""/>
  <member type="way" ref="1363639920" role=""/>
  <member type="way" ref="592818110" role=""/>
  <member type="way" ref="1424489615" role=""/>
  <member type="way" ref="1424489616" role=""/>
  <member type="way" ref="828148530" role=""/>
  <member type="way" ref="828148529" role=""/>
  <member type="way" ref="828148528" role=""/>
  <member type="way" ref="828148527" role=""/>
  <member type="way" ref="177367532" role=""/>
  <member type="way" ref="375740020" role=""/>
  <member type="way" ref="375740019" role=""/>
  <member type="way" ref="375740017" role=""/>
  <member type="way" ref="375740015" role=""/>
  <member type="way" ref="1203971061" role=""/>
  <member type="way" ref="1203971060" role=""/>
  <member type="way" ref="301869706" role=""/>
  <member type="way" ref="301869707" role=""/>
  <member type="way" ref="304038632" role=""/>
  <member type="way" ref="304038630" role=""/>
  <member type="way" ref="732453577" role=""/>
  <member type="way" ref="792430050" role=""/>
  <member type="way" ref="792430049" role=""/>
  <member type="way" ref="304038631" role=""/>
  <member type="way" ref="304038633" role=""/>
  <member type="way" ref="1460368616" role=""/>
  <member type="way" ref="822200184" role=""/>
  <member type="way" ref="822200182" role=""/>
  <member type="way" ref="822200181" role=""/>
  <member type="way" ref="1211182171" role=""/>
  <member type="way" ref="1158587417" role=""/>
  <member type="way" ref="1158587418" role=""/>
  <member type="way" ref="1158527339" role=""/>
  <member type="way" ref="1460368615" role=""/>
  <member type="way" ref="822200183" role=""/>
  <member type="way" ref="1444555853" role=""/>
  <member type="way" ref="1444555854" role=""/>
  <member type="way" ref="732453576" role=""/>
  <member type="way" ref="1427817980" role=""/>
  <member type="way" ref="807159664" role=""/>
  <member type="way" ref="807159663" role=""/>
  <member type="way" ref="812712368" role=""/>
  <member type="way" ref="1427817981" role=""/>
  <member type="way" ref="812712367" role=""/>
  <member type="way" ref="177367531" role=""/>
  <member type="way" ref="1473410782" role=""/>
  <member type="way" ref="732453575" role=""/>
  <member type="way" ref="304038626" role=""/>
  <member type="way" ref="304038628" role=""/>
  <member type="way" ref="177367530" role=""/>
  <member type="way" ref="853498945" role=""/>
  <member type="way" ref="853498944" role=""/>
  <member type="way" ref="853498942" role=""/>
  <member type="way" ref="853498943" role=""/>
  <member type="way" ref="257635972" role="forward"/>
  <member type="way" ref="828145639" role="forward"/>
  <member type="way" ref="278008809" role="forward"/>
  <member type="way" ref="249431724" role="forward"/>
  <member type="way" ref="249431720" role=""/>
  <member type="way" ref="284934238" role=""/>
  <member type="way" ref="284934237" role=""/>
  <member type="way" ref="732453574" role=""/>
  <member type="way" ref="953860174" role=""/>
  <member type="way" ref="902084481" role="forward"/>
  <member type="way" ref="858642935" role="forward"/>
  <member type="way" ref="812781248" role="forward"/>
  <member type="way" ref="858645564" role="forward"/>
  <member type="way" ref="514050796" role="forward"/>
  <member type="way" ref="949304317" role="forward"/>
  <member type="way" ref="949304315" role="forward"/>
  <member type="way" ref="1059913612" role="forward"/>
  <member type="way" ref="29199233" role="forward"/>
  <member type="way" ref="1061809656" role="forward"/>
  <member type="way" ref="1059691934" role="forward"/>
  <member type="way" ref="1075859220" role="forward"/>
  <member type="way" ref="1187730711" role="forward"/>
  <member type="way" ref="1187730710" role="forward"/>
  <member type="way" ref="1187730707" role="forward"/>
  <member type="way" ref="1187730706" role="forward"/>
  <member type="way" ref="1300955529" role="forward"/>
  <member type="way" ref="29199446" role="forward"/>
  <member type="way" ref="990935885" role="forward"/>
  <member type="way" ref="990935884" role="forward"/>
  <member type="way" ref="278263773" role="forward"/>
  <member type="way" ref="298218885" role="forward"/>
  <member type="way" ref="1060373059" role="forward"/>
  <member type="way" ref="1278529588" role="forward"/>
  <member type="way" ref="1363229593" role="forward"/>
  <member type="way" ref="29199380" role="forward"/>
  <member type="way" ref="732453573" role="forward"/>
  <member type="way" ref="177367528" role="forward"/>
  <member type="way" ref="858645563" role="forward"/>
  <member type="way" ref="707878789" role="forward"/>
  <member type="way" ref="827518446" role="forward"/>
  <member type="way" ref="827518445" role="forward"/>
  <member type="way" ref="827518447" role="forward"/>
  <member type="way" ref="464638701" role="forward"/>
  <member type="way" ref="464638697" role="forward"/>
  <member type="way" ref="949304316" role="forward"/>
  <member type="way" ref="278263770" role="forward"/>
  <member type="way" ref="1075859219" role="forward"/>
  <member type="way" ref="1061809655" role="forward"/>
  <member type="way" ref="1187730708" role="forward"/>
  <member type="way" ref="1187730704" role="forward"/>
  <member type="way" ref="1187730705" role="forward"/>
  <member type="way" ref="1187730709" role="forward"/>
  <member type="way" ref="1060373067" role="forward"/>
  <member type="way" ref="990935887" role="forward"/>
  <member type="way" ref="990935883" role="forward"/>
  <member type="way" ref="29199421" role="forward"/>
  <member type="way" ref="1060373064" role="forward"/>
  <member type="way" ref="1060373065" role="forward"/>
  <member type="way" ref="292953575" role="forward"/>
  <member type="way" ref="1050019292" role="forward"/>
  <member type="way" ref="1278529587" role="forward"/>
  <member type="way" ref="29199377" role="forward"/>
  <member type="way" ref="828136486" role="forward"/>
  <member type="way" ref="828136477" role="forward"/>
  <member type="way" ref="1279436126" role=""/>
  <member type="way" ref="828136478" role=""/>
  <member type="way" ref="828136481" role=""/>
  <member type="way" ref="828136485" role=""/>
  <member type="way" ref="828136484" role=""/>
  <member type="way" ref="828136483" role=""/>
  <member type="way" ref="828136482" role=""/>
  <member type="way" ref="1487803962" role=""/>
  <member type="way" ref="1279436127" role=""/>
  <member type="way" ref="849619230" role="forward"/>
  <member type="way" ref="29199589" role="forward"/>
  <member type="way" ref="849619231" role="forward"/>
  <member type="way" ref="307214869" role="forward"/>
  <member type="way" ref="307214867" role="forward"/>
  <member type="way" ref="281570774" role="forward"/>
  <member type="way" ref="34865039" role="forward"/>
  <member type="way" ref="34865038" role="forward"/>
  <member type="way" ref="385162674" role="forward"/>
  <member type="way" ref="385162673" role="forward"/>
  <member type="way" ref="828036764" role="forward"/>
  <member type="way" ref="828036763" role="forward"/>
  <member type="way" ref="707890145" role="forward"/>
  <member type="way" ref="385162682" role="forward"/>
  <member type="way" ref="385162681" role="forward"/>
  <member type="way" ref="472819730" role="forward"/>
  <member type="way" ref="994080218" role="forward"/>
  <member type="way" ref="994080217" role="forward"/>
  <member type="way" ref="665677156" role="forward"/>
  <member type="way" ref="732453572" role="forward"/>
  <member type="way" ref="472819729" role="forward"/>
  <member type="way" ref="31566200" role="forward"/>
  <member type="way" ref="1203521742" role="forward"/>
  <member type="way" ref="1203521739" role="forward"/>
  <member type="way" ref="826316903" role="forward"/>
  <member type="way" ref="826316904" role="forward"/>
  <member type="way" ref="398975216" role="forward"/>
  <member type="way" ref="398975218" role="forward"/>
  <member type="way" ref="317879799" role="forward"/>
  <member type="way" ref="317879797" role="forward"/>
  <member type="way" ref="317879798" role="forward"/>
  <member type="way" ref="317879801" role="forward"/>
  <member type="way" ref="369439065" role="forward"/>
  <member type="way" ref="796857726" role="forward"/>
  <member type="way" ref="744497763" role="forward"/>
  <member type="way" ref="744497766" role="forward"/>
  <member type="way" ref="593204544" role="forward"/>
  <member type="way" ref="369439067" role="forward"/>
  <member type="way" ref="29199541" role="forward"/>
  <member type="way" ref="318088457" role="forward"/>
  <member type="way" ref="1061789476" role="forward"/>
  <member type="way" ref="150487023" role="forward"/>
  <member type="way" ref="29199540" role="forward"/>
  <member type="way" ref="150487020" role="forward"/>
  <member type="way" ref="29199544" role="forward"/>
  <member type="way" ref="318088460" role="forward"/>
  <member type="way" ref="318088464" role="forward"/>
  <member type="way" ref="318088470" role="forward"/>
  <member type="way" ref="150487019" role="forward"/>
  <member type="way" ref="307214865" role="forward"/>
  <member type="way" ref="34865171" role="forward"/>
  <member type="way" ref="34865034" role="forward"/>
  <member type="way" ref="307214868" role="forward"/>
  <member type="way" ref="34865040" role="forward"/>
  <member type="way" ref="281570762" role="forward"/>
  <member type="way" ref="281570766" role="forward"/>
  <member type="way" ref="385162671" role="forward"/>
  <member type="way" ref="385162672" role="forward"/>
  <member type="way" ref="707890144" role="forward"/>
  <member type="way" ref="828037825" role="forward"/>
  <member type="way" ref="828037826" role="forward"/>
  <member type="way" ref="385162675" role="forward"/>
  <member type="way" ref="385162678" role="forward"/>
  <member type="way" ref="281570772" role="forward"/>
  <member type="way" ref="530094374" role="forward"/>
  <member type="way" ref="994080215" role="forward"/>
  <member type="way" ref="994080216" role="forward"/>
  <member type="way" ref="732453571" role="forward"/>
  <member type="way" ref="472819731" role="forward"/>
  <member type="way" ref="472819732" role="forward"/>
  <member type="way" ref="826316905" role="forward"/>
  <member type="way" ref="1203521741" role="forward"/>
  <member type="way" ref="1203521740" role="forward"/>
  <member type="way" ref="826316906" role="forward"/>
  <member type="way" ref="281570761" role="forward"/>
  <member type="way" ref="398975215" role="forward"/>
  <member type="way" ref="398975217" role="forward"/>
  <member type="way" ref="281570767" role="forward"/>
  <member type="way" ref="281570765" role="forward"/>
  <member type="way" ref="317879800" role="forward"/>
  <member type="way" ref="369439064" role="forward"/>
  <member type="way" ref="744497764" role="forward"/>
  <member type="way" ref="796857727" role="forward"/>
  <member type="way" ref="744497765" role="forward"/>
  <member type="way" ref="369439066" role="forward"/>
  <member type="way" ref="732453570" role="forward"/>
  <member type="way" ref="281570773" role="forward"/>
  <member type="way" ref="281570763" role=""/>
  <member type="way" ref="1340900432" role=""/>
  <member type="way" ref="763925496" role=""/>
  <member type="way" ref="763925495" role=""/>
  <member type="way" ref="31565895" role=""/>
  <member type="way" ref="183678043" role=""/>
  <member type="way" ref="1348742564" role=""/>
  <member type="way" ref="183678044" role=""/>
  <member type="way" ref="31565808" role=""/>
  <member type="way" ref="1117437014" role=""/>
  <member type="way" ref="1117437013" role=""/>
  <member type="way" ref="754016961" role=""/>
  <member type="way" ref="754016959" role=""/>
  <member type="way" ref="754016953" role=""/>
  <member type="way" ref="754016958" role=""/>
  <member type="way" ref="754016952" role=""/>
  <member type="way" ref="754016956" role=""/>
  <member type="way" ref="853460298" role=""/>
  <member type="way" ref="853460297" role=""/>
  <member type="way" ref="853460296" role=""/>
  <member type="way" ref="1424488856" role=""/>
  <member type="way" ref="732453569" role=""/>
  <member type="way" ref="732453568" role=""/>
  <member type="way" ref="1073230153" role=""/>
  <member type="way" ref="827744648" role=""/>
  <member type="way" ref="827744647" role=""/>
  <member type="way" ref="827744651" role=""/>
  <member type="way" ref="827744650" role=""/>
  <member type="way" ref="827744649" role=""/>
  <member type="way" ref="1073229917" role=""/>
  <member type="way" ref="827744443" role=""/>
  <member type="way" ref="1340898453" role=""/>
  <member type="way" ref="1340898456" role=""/>
  <member type="way" ref="827744573" role=""/>
  <member type="way" ref="827744572" role=""/>
  <member type="way" ref="827744571" role=""/>
  <member type="way" ref="827744570" role=""/>
  <member type="way" ref="1458904612" role=""/>
  <member type="way" ref="827744442" role=""/>
  <member type="way" ref="827744441" role=""/>
  <member type="way" ref="1340898447" role=""/>
  <member type="way" ref="1340898448" role=""/>
  <member type="way" ref="31565848" role=""/>
  <member type="way" ref="1340898450" role=""/>
  <member type="way" ref="1340898449" role=""/>
  <member type="way" ref="849619238" role=""/>
  <member type="way" ref="1340898451" role=""/>
  <member type="way" ref="849619235" role=""/>
  <member type="way" ref="31565982" role=""/>
  <member type="way" ref="304258320" role=""/>
  <member type="way" ref="777556162" role=""/>
  <member type="way" ref="777556161" role=""/>
  <member type="way" ref="777556158" role=""/>
  <member type="way" ref="777556157" role=""/>
  <member type="way" ref="777556156" role=""/>
  <member type="way" ref="777556155" role=""/>
  <member type="way" ref="1073232114" role=""/>
  <member type="way" ref="304258319" role=""/>
  <member type="way" ref="31565972" role="forward"/>
  <member type="way" ref="744498811" role="forward"/>
  <member type="way" ref="744498814" role="forward"/>
  <member type="way" ref="744498812" role="forward"/>
  <member type="way" ref="744498813" role="forward"/>
  <member type="way" ref="369439428" role="forward"/>
  <member type="way" ref="827744108" role=""/>
  <member type="way" ref="827744107" role=""/>
  <member type="way" ref="827744106" role=""/>
  <member type="way" ref="827744105" role=""/>
  <member type="way" ref="31565992" role=""/>
  <member type="way" ref="1458904611" role=""/>
  <member type="way" ref="1343551584" role=""/>
  <member type="way" ref="1343551585" role=""/>
  <member type="way" ref="1343551586" role=""/>
  <member type="way" ref="1343551587" role=""/>
  <member type="way" ref="1343551588" role=""/>
  <member type="way" ref="1343551589" role=""/>
  <member type="way" ref="1458904610" role=""/>
  <member type="way" ref="1309968037" role=""/>
  <member type="way" ref="773770213" role=""/>
  <member type="way" ref="773762694" role=""/>
  <member type="way" ref="620970644" role=""/>
  <member type="way" ref="304116726" role=""/>
  <member type="way" ref="304116723" role=""/>
  <member type="way" ref="304116725" role=""/>
  <member type="way" ref="620740558" role=""/>
  <member type="way" ref="620740559" role=""/>
  <member type="way" ref="31565987" role=""/>
  <member type="way" ref="732453567" role=""/>
  <member type="way" ref="304258321" role=""/>
  <member type="way" ref="304258323" role=""/>
  <member type="way" ref="31566002" role=""/>
  <member type="way" ref="620739736" role=""/>
  <member type="way" ref="620739735" role=""/>
  <member type="way" ref="304116722" role=""/>
  <member type="way" ref="304258316" role=""/>
  <member type="way" ref="304258327" role=""/>
  <member type="way" ref="827743324" role=""/>
  <member type="way" ref="827743323" role=""/>
  <member type="way" ref="827743322" role=""/>
  <member type="way" ref="827743321" role=""/>
  <member type="way" ref="31566026" role=""/>
  <member type="way" ref="304118692" role=""/>
  <member type="way" ref="304118693" role=""/>
  <member type="way" ref="31565922" role=""/>
  <member type="way" ref="732453566" role=""/>
  <member type="way" ref="31566054" role=""/>
  <member type="way" ref="827742459" role=""/>
  <member type="way" ref="1349115880" role=""/>
  <member type="way" ref="1349115881" role=""/>
  <member type="way" ref="827742470" role=""/>
  <member type="way" ref="1349115882" role=""/>
  <member type="way" ref="1349115883" role=""/>
  <member type="way" ref="827742461" role=""/>
  <member type="way" ref="827742462" role=""/>
  <member type="way" ref="1349115884" role=""/>
  <member type="way" ref="1349115885" role=""/>
  <member type="way" ref="827742463" role=""/>
  <member type="way" ref="827742467" role=""/>
  <member type="way" ref="827742466" role=""/>
  <member type="way" ref="827742469" role=""/>
  <member type="way" ref="1458186936" role=""/>
  <member type="way" ref="31566273" role=""/>
  <member type="way" ref="1006887493" role=""/>
  <member type="way" ref="1006887492" role=""/>
  <member type="way" ref="732453565" role=""/>
  <member type="way" ref="1006887495" role=""/>
  <member type="way" ref="1006887494" role=""/>
  <member type="way" ref="1196380756" role=""/>
  <member type="way" ref="1196380755" role=""/>
  <member type="way" ref="1196380745" role=""/>
  <member type="way" ref="1196380744" role=""/>
  <member type="way" ref="827741098" role=""/>
  <member type="way" ref="827741097" role=""/>
  <member type="way" ref="827741096" role=""/>
  <member type="way" ref="827741095" role=""/>
  <member type="way" ref="1006887491" role=""/>
  <member type="way" ref="1006887490" role=""/>
  <member type="way" ref="62148619" role=""/>
  <member type="way" ref="732453564" role=""/>
  <member type="way" ref="849619240" role=""/>
  <member type="way" ref="849619243" role=""/>
  <member type="way" ref="849619247" role=""/>
  <member type="way" ref="849619241" role=""/>
  <member type="way" ref="1004235188" role=""/>
  <member type="way" ref="1004235187" role=""/>
  <member type="way" ref="217820493" role="forward"/>
  <member type="way" ref="298257116" role="forward"/>
  <member type="way" ref="298856822" role="forward"/>
  <member type="way" ref="298257113" role="forward"/>
  <member type="way" ref="298257114" role="forward"/>
  <member type="way" ref="298856818" role="forward"/>
  <member type="way" ref="298257115" role="forward"/>
  <member type="way" ref="217820492" role="forward"/>
  <member type="way" ref="217820494" role=""/>
  <member type="way" ref="1464021356" role=""/>
  <member type="way" ref="827740168" role=""/>
  <member type="way" ref="1340323813" role=""/>
  <member type="way" ref="1340323814" role=""/>
  <member type="way" ref="293548601" role=""/>
  <member type="way" ref="827740169" role=""/>
  <member type="way" ref="1340323812" role=""/>
  <member type="way" ref="1340323811" role=""/>
  <member type="way" ref="298257105" role=""/>
  <member type="way" ref="1340323809" role=""/>
  <member type="way" ref="1340323810" role=""/>
  <member type="way" ref="827740172" role=""/>
  <member type="way" ref="827740173" role=""/>
  <member type="way" ref="1340323807" role=""/>
  <member type="way" ref="1340323808" role=""/>
  <member type="way" ref="827740175" role=""/>
  <member type="way" ref="386627386" role=""/>
  <member type="way" ref="223616007" role=""/>
  <member type="way" ref="223616008" role=""/>
  <member type="way" ref="229780564" role="forward"/>
  <member type="way" ref="209493385" role="forward"/>
  <member type="way" ref="827739454" role="forward"/>
  <member type="way" ref="827739457" role="forward"/>
  <member type="way" ref="229780567" role=""/>
  <member type="way" ref="827739374" role=""/>
  <member type="way" ref="827739373" role=""/>
  <member type="way" ref="827739372" role=""/>
  <member type="way" ref="827739371" role=""/>
  <member type="way" ref="293548603" role=""/>
  <member type="way" ref="958184771" role=""/>
  <member type="way" ref="293536928" role=""/>
  <member type="way" ref="1284195970" role=""/>
  <member type="way" ref="180957541" role=""/>
  <member type="way" ref="529276325" role=""/>
  <member type="way" ref="1147652218" role=""/>
  <member type="way" ref="1147652219" role=""/>
  <member type="way" ref="529276326" role=""/>
  <member type="way" ref="180957540" role=""/>
  <member type="way" ref="607186452" role="forward"/>
  <member type="way" ref="744498976" role="forward"/>
  <member type="way" ref="744498978" role="forward"/>
  <member type="way" ref="744498975" role="forward"/>
  <member type="way" ref="744498977" role="forward"/>
  <member type="way" ref="607186455" role="forward"/>
  <member type="way" ref="607186453" role=""/>
  <member type="way" ref="732453563" role=""/>
  <member type="way" ref="1257789726" role=""/>
  <member type="way" ref="1257789727" role=""/>
  <member type="way" ref="827738591" role=""/>
  <member type="way" ref="827738590" role=""/>
  <member type="way" ref="1257789729" role=""/>
  <member type="way" ref="311586713" role=""/>
  <member type="way" ref="1257789728" role=""/>
  <member type="way" ref="1257789731" role=""/>
  <member type="way" ref="1257789730" role=""/>
  <member type="way" ref="827738592" role=""/>
  <member type="way" ref="827738593" role=""/>
  <member type="way" ref="1257789732" role=""/>
  <member type="way" ref="827738594" role=""/>
  <member type="way" ref="827738595" role=""/>
  <member type="way" ref="1257789734" role=""/>
  <member type="way" ref="827738596" role=""/>
  <member type="way" ref="1257789733" role=""/>
  <member type="way" ref="1257789735" role=""/>
  <member type="way" ref="311586715" role=""/>
  <member type="way" ref="1257789736" role=""/>
  <member type="way" ref="594152368" role=""/>
  <member type="way" ref="1257789737" role=""/>
  <member type="way" ref="915109667" role=""/>
  <member type="way" ref="915109666" role=""/>
  <member type="way" ref="594152367" role=""/>
  <member type="way" ref="800707120" role=""/>
  <member type="way" ref="800707119" role=""/>
  <member type="way" ref="915109683" role=""/>
  <member type="way" ref="915109682" role=""/>
  <member type="way" ref="732453562" role=""/>
  <member type="way" ref="827737914" role=""/>
  <member type="way" ref="293174709" role=""/>
  <member type="way" ref="827737916" role=""/>
  <member type="way" ref="31566208" role=""/>
  <member type="way" ref="31566219" role=""/>
  <member type="way" ref="732453561" role=""/>
  <member type="way" ref="491842770" role=""/>
  <member type="way" ref="1235180626" role=""/>
  <member type="way" ref="1235180627" role=""/>
  <member type="way" ref="1235180628" role=""/>
  <member type="way" ref="1193157108" role=""/>
  <member type="way" ref="1235180630" role=""/>
  <member type="way" ref="1193157106" role=""/>
  <member type="way" ref="1235180629" role=""/>
  <member type="way" ref="1235180631" role=""/>
  <member type="way" ref="312274725" role=""/>
  <member type="way" ref="1235180632" role=""/>
  <member type="way" ref="1235180633" role=""/>
  <member type="way" ref="1235180634" role=""/>
  <member type="way" ref="1235180636" role=""/>
  <member type="way" ref="1235180635" role=""/>
  <member type="way" ref="1193157107" role=""/>
  <member type="way" ref="764225287" role=""/>
  <member type="way" ref="1339226730" role=""/>
  <member type="way" ref="1339226729" role=""/>
  <member type="way" ref="312274722" role=""/>
  <member type="way" ref="1235180638" role=""/>
  <member type="way" ref="1235180637" role=""/>
  <member type="way" ref="312278245" role=""/>
  <member type="way" ref="55547438" role=""/>
  <member type="way" ref="732453560" role=""/>
  <member type="way" ref="418730691" role="forward"/>
  <member type="way" ref="744499267" role="forward"/>
  <member type="way" ref="744499270" role="forward"/>
  <member type="way" ref="744499268" role="forward"/>
  <member type="way" ref="744499269" role="forward"/>
  <member type="way" ref="418730690" role="forward"/>
  <member type="way" ref="55547422" role=""/>
  <member type="way" ref="827735071" role=""/>
  <member type="way" ref="827735070" role=""/>
  <member type="way" ref="1193035723" role=""/>
  <member type="way" ref="1235180625" role=""/>
  <member type="way" ref="827735068" role=""/>
  <member type="way" ref="1235180624" role=""/>
  <member type="way" ref="1193035724" role=""/>
  <member type="way" ref="827735066" role=""/>
  <member type="way" ref="827735065" role=""/>
  <member type="way" ref="1193035725" role=""/>
  <member type="way" ref="1235180623" role=""/>
  <member type="way" ref="827735064" role=""/>
  <member type="way" ref="1235180622" role=""/>
  <member type="way" ref="827735062" role=""/>
  <member type="way" ref="311572426" role=""/>
  <member type="way" ref="827734252" role=""/>
  <member type="way" ref="827734251" role=""/>
  <member type="way" ref="827734250" role=""/>
  <member type="way" ref="833520934" role=""/>
  <member type="way" ref="311572425" role=""/>
  <member type="way" ref="335825034" role=""/>
  <member type="way" ref="337267713" role=""/>
  <member type="way" ref="1315208369" role=""/>
  <member type="way" ref="1315208365" role=""/>
  <member type="way" ref="1315208368" role=""/>
  <member type="way" ref="1315208362" role=""/>
  <member type="way" ref="1315208364" role=""/>
  <member type="way" ref="827733690" role=""/>
  <member type="way" ref="827733689" role=""/>
  <member type="way" ref="827733688" role=""/>
  <member type="way" ref="827733687" role=""/>
  <member type="way" ref="827733686" role=""/>
  <member type="way" ref="827733685" role=""/>
  <member type="way" ref="335825033" role=""/>
  <member type="way" ref="1349115891" role=""/>
  <member type="way" ref="1349115890" role=""/>
  <member type="way" ref="1349115889" role=""/>
  <member type="way" ref="1349115888" role=""/>
  <member type="way" ref="1349115887" role=""/>
  <member type="way" ref="1349115886" role=""/>
  <member type="way" ref="827732452" role=""/>
  <member type="way" ref="1005758370" role=""/>
  <member type="way" ref="1005758369" role=""/>
  <member type="way" ref="827732450" role=""/>
  <member type="way" ref="827732448" role=""/>
  <member type="way" ref="827732447" role=""/>
  <member type="way" ref="1005975207" role=""/>
  <member type="way" ref="302679228" role=""/>
  <member type="way" ref="1005975206" role=""/>
  <member type="way" ref="827164931" role=""/>
  <member type="way" ref="827164930" role=""/>
  <member type="way" ref="335988108" role=""/>
  <member type="way" ref="1005965965" role=""/>
  <member type="way" ref="312354180" role=""/>
  <member type="way" ref="8142706" role=""/>
  <member type="way" ref="103014411" role=""/>
  <member type="way" ref="827162840" role=""/>
  <member type="way" ref="613153052" role=""/>
  <member type="way" ref="613153054" role=""/>
  <member type="way" ref="302679227" role=""/>
  <member type="way" ref="302679229" role=""/>
  <member type="way" ref="302679230" role=""/>
  <member type="way" ref="260119851" role="forward"/>
  <member type="way" ref="299749392" role="forward"/>
  <member type="way" ref="302666739" role="forward"/>
  <member type="way" ref="302666739" role="forward"/>
  <member type="way" ref="302666739" role="forward"/>
  <member type="way" ref="302666739" role="forward"/>
  <member type="way" ref="302666739" role="forward"/>
  <member type="way" ref="302666739" role="forward"/>
  <member type="way" ref="299749397" role="forward"/>
  <member type="way" ref="302666744" role="forward"/>
  <member type="way" ref="302666748" role="forward"/>
  <member type="way" ref="302666741" role="forward"/>
  <member type="way" ref="302666745" role="forward"/>
  <member type="way" ref="302679226" role="forward"/>
  <member type="way" ref="302679225" role="forward"/>
  <member type="way" ref="302658358" role="forward"/>
  <member type="way" ref="302658357" role="forward"/>
  <member type="way" ref="302657420" role="forward"/>
  <member type="way" ref="42272600" role="forward"/>
  <member type="way" ref="299749396" role="forward"/>
  <member type="way" ref="651370867" role="forward"/>
  <member type="way" ref="302666743" role="forward"/>
  <member type="way" ref="302666743" role="forward"/>
  <member type="way" ref="302666743" role="forward"/>
  <member type="way" ref="302666743" role="forward"/>
  <member type="way" ref="302666743" role="forward"/>
  <member type="way" ref="302666738" role="forward"/>
  <member type="way" ref="302666742" role="forward"/>
  <member type="way" ref="23921878" role="forward"/>
  <member type="way" ref="302666740" role="forward"/>
  <member type="way" ref="46161848" role="forward"/>
  <member type="way" ref="150487014" role="forward"/>
  <member type="way" ref="302658356" role="forward"/>
  <member type="way" ref="849619269" role="forward"/>
  <member type="way" ref="849619264" role="forward"/>
  <member type="way" ref="150487011" role="forward"/>
  <member type="way" ref="302657419" role="forward"/>
  <member type="way" ref="254545437" role="forward"/>
  <member type="way" ref="1315416741" role="forward"/>
  <member type="way" ref="240532835" role=""/>
  <member type="way" ref="827141863" role=""/>
  <member type="way" ref="521083243" role=""/>
  <member type="way" ref="1312130099" role=""/>
  <member type="way" ref="827141860" role=""/>
  <member type="way" ref="827141861" role=""/>
  <member type="way" ref="279453830" role=""/>
  <member type="way" ref="827141864" role=""/>
  <member type="way" ref="1315095965" role=""/>
  <member type="way" ref="827141869" role="forward"/>
  <member type="way" ref="827141868" role="forward"/>
  <member type="way" ref="827141867" role="forward"/>
  <member type="way" ref="827141866" role="forward"/>
  <member type="way" ref="1136741896" role="forward"/>
  <member type="way" ref="1315095958" role="forward"/>
  <member type="way" ref="1315095959" role="forward"/>
  <member type="way" ref="1315095960" role="forward"/>
  <member type="way" ref="1136741898" role=""/>
  <member type="way" ref="1136741897" role=""/>
  <member type="way" ref="317586971" role=""/>
  <member type="way" ref="1136741895" role=""/>
  <member type="way" ref="1136741899" role=""/>
  <member type="way" ref="1136741900" role=""/>
  <member type="way" ref="1136741901" role=""/>
  <member type="way" ref="684692492" role=""/>
  <member type="way" ref="827139009" role=""/>
  <member type="way" ref="827139008" role=""/>
  <member type="way" ref="827139007" role=""/>
  <member type="way" ref="827139006" role=""/>
  <member type="way" ref="827139005" role=""/>
  <member type="way" ref="827139004" role=""/>
  <member type="way" ref="261842658" role=""/>
  <member type="way" ref="300405773" role=""/>
  <member type="way" ref="300405769" role=""/>
  <member type="way" ref="300405774" role=""/>
  <member type="way" ref="312515598" role=""/>
  <member type="way" ref="300405771" role=""/>
  <member type="way" ref="312515599" role=""/>
  <member type="way" ref="300405772" role=""/>
  <member type="way" ref="300405770" role=""/>
  <member type="way" ref="312515600" role=""/>
  <member type="way" ref="300405768" role=""/>
  <member type="way" ref="300405767" role=""/>
  <member type="way" ref="827136210" role=""/>
  <member type="way" ref="827136209" role=""/>
  <member type="way" ref="827136208" role=""/>
  <member type="way" ref="827136207" role=""/>
  <member type="way" ref="732453559" role=""/>
  <member type="way" ref="312515601" role=""/>
  <member type="way" ref="312515602" role=""/>
  <member type="way" ref="827134376" role=""/>
  <member type="way" ref="827134375" role=""/>
  <member type="way" ref="827134374" role=""/>
  <member type="way" ref="732453557" role=""/>
  <member type="way" ref="312519562" role=""/>
  <member type="way" ref="827132246" role=""/>
  <member type="way" ref="312519579" role=""/>
  <member type="way" ref="827132245" role=""/>
  <member type="way" ref="312519557" role=""/>
  <member type="way" ref="312519563" role=""/>
  <member type="way" ref="827130314" role=""/>
  <member type="way" ref="827130313" role=""/>
  <member type="way" ref="827130312" role=""/>
  <member type="way" ref="827130311" role=""/>
  <member type="way" ref="732453558" role=""/>
  <member type="way" ref="827129627" role=""/>
  <member type="way" ref="827129626" role=""/>
  <member type="way" ref="827129625" role=""/>
  <member type="way" ref="312519570" role=""/>
  <member type="way" ref="312519560" role=""/>
  <member type="way" ref="744499478" role=""/>
  <member type="way" ref="744499480" role=""/>
  <member type="way" ref="312519567" role=""/>
  <member type="way" ref="963018785" role=""/>
  <member type="way" ref="436603260" role=""/>
  <member type="way" ref="732437349" role=""/>
  <member type="way" ref="436603264" role=""/>
  <member type="way" ref="436603263" role=""/>
  <member type="way" ref="827126961" role=""/>
  <member type="way" ref="827126960" role=""/>
  <member type="way" ref="827126959" role=""/>
  <member type="way" ref="827126958" role=""/>
  <member type="way" ref="312519582" role=""/>
  <member type="way" ref="1458903774" role=""/>
  <member type="way" ref="1341916511" role=""/>
  <member type="way" ref="1341916513" role=""/>
  <member type="way" ref="1341916515" role=""/>
  <member type="way" ref="1341916517" role=""/>
  <member type="way" ref="311549221" role=""/>
  <member type="way" ref="1341815788" role=""/>
  <member type="way" ref="107629766" role=""/>
  <member type="way" ref="1341916519" role=""/>
  <member type="way" ref="1341916520" role=""/>
  <member type="way" ref="107629763" role=""/>
  <member type="way" ref="208483363" role=""/>
  <member type="way" ref="1341909901" role=""/>
  <member type="way" ref="1341909900" role=""/>
  <member type="way" ref="180905269" role=""/>
  <member type="way" ref="329125264" role=""/>
  <tag k="name" v="Rodovia Santos-Dumont"/>
  <tag k="network" v="BR"/>
  <tag k="note" v="BR-116 CE-BA"/>
  <tag k="ref" v="BR-116"/>
  <tag k="route" v="road"/>
  <tag k="source:name" v="Lei 11.363/2006"/>
  <tag k="type" v="route"/>
  <tag k="wikidata" v="Q2739838"/>
  <tag k="wikipedia" v="pt:BR-116"/>
 </relation>
 <relation id="6089869" visible="true" version="5" changeset="74767865" timestamp="2019-09-22T09:45:38Z" user="FvGordon" uid="161619">
  <member type="node" ref="2392802955" role="admin_centre"/>
  <member type="way" ref="414221558" role="outer"/>
  <member type="way" ref="406447651" role="outer"/>
  <member type="way" ref="406447658" role="outer"/>
  <member type="way" ref="406447655" role="outer"/>
  <member type="way" ref="406447641" role="outer"/>
  <member type="way" ref="406447647" role="outer"/>
  <member type="way" ref="406447645" role="outer"/>
  <tag k="admin_level" v="10"/>
  <tag k="border_type" v="district"/>
  <tag k="boundary" v="administrative"/>
  <tag k="IBGE:GEOCODIGO" v="29108000506"/>
  <tag k="name" v="Mangabeira"/>
  <tag k="source" v="IBGE"/>
  <tag k="type" v="boundary"/>
 </relation>
 <relation id="6089872" visible="true" version="6" changeset="74767927" timestamp="2019-09-22T09:48:31Z" user="FvGordon" uid="161619">
  <member type="node" ref="4153955915" role="admin_centre"/>
  <member type="way" ref="406447648" role="outer"/>
  <member type="way" ref="406447657" role="outer"/>
  <member type="way" ref="406447644" role="outer"/>
  <member type="way" ref="406447658" role="outer"/>
  <member type="way" ref="406447654" role="outer"/>
  <tag k="admin_level" v="10"/>
  <tag k="border_type" v="district"/>
  <tag k="boundary" v="administrative"/>
  <tag k="IBGE:GEOCODIGO" v="29108000507"/>
  <tag k="name" v="Pampalona"/>
  <tag k="source" v="IBGE"/>
  <tag k="type" v="boundary"/>
 </relation>
 <relation id="8910809" visible="true" version="13" changeset="156702596" timestamp="2024-09-16T19:27:05Z" user="fbello" uid="79543">
  <member type="relation" ref="4551466" role=""/>
  <member type="relation" ref="17542337" role=""/>
  <member type="relation" ref="18049796" role=""/>
  <member type="relation" ref="4551469" role=""/>
  <tag k="name" v="Rodovia Santos-Dumont / Presidente Dutra / Régis Bittencourt / General Bento Gonçalves"/>
  <tag k="network" v="BR"/>
  <tag k="operator" v="DNIT"/>
  <tag k="ref" v="BR-116"/>
  <tag k="route_master" v="road"/>
  <tag k="type" v="route_master"/>
  <tag k="wikidata" v="Q2739838"/>
  <tag k="wikipedia" v="pt:BR-116"/>
 </relation>
 <relation id="15507811" visible="true" version="1" changeset="132732736" timestamp="2023-02-19T00:14:12Z" user="Fidelis Assis" uid="1675654">
  <member type="node" ref="10677208930" role="from"/>
  <member type="node" ref="10677208928" role="to"/>
  <member type="node" ref="10677208932" role="device"/>
  <tag k="enforcement" v="traffic_signals"/>
  <tag k="type" v="enforcement"/>
 </relation>
 <relation id="15507812" visible="true" version="1" changeset="132732736" timestamp="2023-02-19T00:14:12Z" user="Fidelis Assis" uid="1675654">
  <member type="node" ref="10677208930" role="from"/>
  <member type="node" ref="10677208928" role="to"/>
  <member type="node" ref="10677208932" role="device"/>
  <tag k="enforcement" v="maxspeed"/>
  <tag k="maxspeed" v="60"/>
  <tag k="type" v="enforcement"/>
 </relation>
 <relation id="15507813" visible="true" version="1" changeset="132732736" timestamp="2023-02-19T00:14:12Z" user="Fidelis Assis" uid="1675654">
  <member type="node" ref="10677208931" role="from"/>
  <member type="node" ref="10677208929" role="to"/>
  <member type="node" ref="10677208933" role="device"/>
  <tag k="enforcement" v="traffic_signals"/>
  <tag k="type" v="enforcement"/>
 </relation>
 <relation id="15507814" visible="true" version="1" changeset="132732736" timestamp="2023-02-19T00:14:12Z" user="Fidelis Assis" uid="1675654">
  <member type="relation" ref="15507813" role=""/>
  <tag k="enforcement" v="maxspeed"/>
  <tag k="maxspeed" v="60"/>
  <tag k="type" v="enforcement"/>
 </relation>
 <relation id="15507815" visible="true" version="1" changeset="132732736" timestamp="2023-02-19T00:14:12Z" user="Fidelis Assis" uid="1675654">
  <member type="node" ref="10677208931" role="from"/>
  <member type="node" ref="10677208933" role="device"/>
  <member type="node" ref="10677208929" role="to"/>
  <tag k="enforcement" v="maxspeed"/>
  <tag k="maxspeed" v="60"/>
  <tag k="type" v="enforcement"/>
 </relation>
</osm>
